compound_id,target_id,isomeric_smiles,glidesp_pr,pignet2_pr,ligunity_pr,boltz2_pr,balm_pr,mammal_pr,exact_mol_wt,logp,tpsa,hbd,hba,rotatable_bonds,ring_count,aromatic_ring_count,heavy_atom_count,fraction_csp3,qed
68-19-9,furin,CC1=C2N[C@@](C)([C@@H]3N=C(/C(C)=C4\N=C(/C=C5\N=C1[C@@](C)(CC(N)=O)[C@@H]5CCC(N)=O)C(C)(C)[C@@H]4CCC(N)=O)[C@](C)(CCC(=O)NC[C@@H](C)OP(=O)([O-])O[C@H]1[C@@H](O)[C@@H](n4cnc5cc(C)c(C)cc54)O[C@@H]1CO)[C@H]3CC(N)=O)[C@@](C)(CC(N)=O)[C@@H]2CCC(N)=O,0.9808,0.4331,0.4856,0.7037,0.3137,0.138,1270.63950473791,2.531240000000007,462.85,10,20,26,8,2,90,0.6290322580645161,0.0605113507519643
70476-82-3,furin,O=C1c2c(O)ccc(O)c2C(=O)c2c(NCC[NH2+]CCO)ccc(NCC[NH2+]CCO)c21,0.9962,0.5944,0.0923,0.658,0.3928,0.0954,446.21543752018,-2.1915999999999953,172.34,8,8,12,3,2,32,0.3636363636363636,0.1144220371524388
1405-89-6,furin,CC[C@@H](C)[C@@H](N)C1=NC[C@H](C(=O)N[C@@H](CC(C)C)C(=O)N[C@H](CCC(=O)[O-])C(=O)N[C@H](C(=O)N[C@H]2CCCCNC(=O)[C@H](CC(N)=O)NC(=O)[C@@H](CC(=O)[O-])NC(=O)[C@H](Cc3cnc[nH]3)NC(=O)[C@@H](Cc3ccccc3)NC(=O)[C@H]([C@@H](C)CC)NC(=O)[C@@H](CCC[NH3+])NC2=O)[C@@H](C)CC)S1,0.8585,0.999,0.8388,0.8528,0.4483,0.6799,1420.7416647639095,-5.063799999999993,538.1499999999999,15,20,31,4,2,100,0.6363636363636364,0.0335884805891634
179463-17-3,furin,CC[C@@H](C)C[C@H](C)CCCCCCCCC(=O)N[C@H]1C[C@@H](O)[C@@H](NCC[NH3+])NC(=O)[C@@H]2[C@@H](O)CCN2C(=O)[C@H]([C@H](O)CC[NH3+])NC(=O)[C@H]([C@@H](O)[C@H](O)c2ccc(O)cc2)NC(=O)[C@@H]2C[C@@H](O)CN2C(=O)[C@H]([C@@H](C)O)NC1=O,0.8593,0.9955,0.485,0.6588,0.071,0.2543,1094.6576150201802,-4.745500000000019,415.27,16,16,23,4,1,77,0.75,0.0457809547651863
83-88-5,furin,Cc1cc2nc3c(=O)[nH]c(=O)nc-3n(C[C@H](O)[C@@H](O)[C@H](O)CO)c2cc1C,0.9184,0.9867,0.897,0.7576,0.312,0.8712,376.13828435999994,-1.7235599999999989,161.56,5,9,5,3,1,27,0.4117647058823529,0.3284121594560428
152520-56-4,furin,O[C@@H](C[NH2+]C[C@H](O)[C@@H]1CCc2cc(F)ccc2O1)[C@@H]1CCc2cc(F)ccc2O1,0.7725,0.8053,0.2017,0.4516,0.0533,0.0251,406.18244117209,1.3374000000000006,75.53000000000002,3,4,6,4,2,29,0.4545454545454545,0.6769069977920487
1264-72-8,furin,CC[C@@H](C)CCCC(=O)N[C@@H](CC[NH3+])C(=O)N[C@H](C(=O)N[C@@H](CC[NH3+])C(=O)N[C@H]1CCNC(=O)[C@H]([C@@H](C)O)NC(=O)[C@H](CC[NH3+])NC(=O)[C@H](CC[NH3+])NC(=O)[C@H](CC(C)C)NC(=O)[C@@H](CC(C)C)NC(=O)[C@H](CC[NH3+])NC1=O)[C@@H](C)O,0.6401,0.3442,0.8088,0.5383,0.0319,0.005,1159.78630945645,-9.415499999999948,498.75999999999976,18,13,28,1,0,81,0.7884615384615384,0.0346736956691605
99592-39-9,furin,Clc1ccc([C@@H](Cn2cc[nH+]c2)OCc2csc3c(Cl)cccc23)c(Cl)c1,0.8713,0.7321,0.5998,0.3775,0.2483,0.6414,437.00434359209,6.435200000000004,28.3,0,3,6,4,4,27,0.15,0.3405091888506124
79307-93-0,furin,C[N@H+]1CCC[C@H](n2nc(Cc3ccc(Cl)cc3)c3ccccc3c2=O)CC1,0.7322,0.9425,0.8476,0.565,0.6957,0.3875,382.16806652009,2.8804000000000016,39.33,1,3,3,4,3,27,0.3636363636363636,0.7561486361239591
402957-28-2,furin,CCC[C@H](NC(=O)[C@@H]1[C@H]2CCC[C@H]2CN1C(=O)[C@@H](NC(=O)[C@@H](NC(=O)c1cnccn1)C1CCCCC1)C(C)(C)C)C(=O)C(=O)NC1CC1,0.9755,0.8893,0.8788,0.8482,0.6699,0.9067,679.4057324160001,2.4459000000000035,179.56,4,8,13,5,1,49,0.7222222222222222,0.2296749085578938
22916-47-8,furin,Clc1ccc(CO[C@@H](Cn2cc[nH+]c2)c2ccc(Cl)cc2Cl)c(Cl)c1,0.5277,0.8233,0.7397,0.7789,0.1393,0.498,414.9933002400901,5.873900000000003,28.3,0,2,6,3,3,25,0.1666666666666666,0.4930387662168743
83915-83-7,furin,[NH3+]CCCC[C@H]([NH2+][C@@H](CCc1ccccc1)C(=O)[O-])C(=O)N1CCC[C@H]1C(=O)[O-],0.9277,0.9084,0.2035,0.8518,0.108,0.1947,405.226371092,-3.177199999999994,144.82,2,5,12,2,1,29,0.5714285714285714,0.352332132035191
14028-44-5,furin,Clc1ccc2c(c1)C(N1CC[NH2+]CC1)=Nc1ccccc1O2,0.508,0.9279,0.7087,0.602,0.6471,0.4756,314.10546626409,2.4030000000000005,41.44,1,3,0,4,2,22,0.2352941176470588,0.8110775890658081
439081-18-2,furin,C[NH+](C)C/C=C/C(=O)Nc1cc2c(Nc3ccc(F)c(Cl)c3)ncnc2cc1O[C@H]1CCOC1,0.8466,0.8666,0.8719,0.7318,0.8912,0.9837,486.17027201209,2.9728000000000003,89.81,3,6,8,4,3,34,0.2916666666666667,0.4241302751360584
548-73-2,furin,O=C(CCC[N@@H+]1CC=C(n2c(=O)[nH]c3ccccc32)CC1)c1ccc(F)cc1,0.7863,0.3717,0.4146,0.6421,0.5044,0.2803,380.1768816160901,2.2613000000000003,59.3,2,3,6,4,3,28,0.2727272727272727,0.6447658529130625
849217-68-1,furin,COc1cc2[nH+]ccc(Oc3ccc(NC(=O)C4(C(=O)Nc5ccc(F)cc5)CC4)cc3)c2cc1OC,0.0161,0.0863,0.6163,0.674,0.1155,0.2463,502.17727554009,4.959900000000004,100.03000000000002,2,5,8,5,4,37,0.1785714285714285,0.3319292272180311
753498-25-8,furin,CCc1cc2c(cc1CC)CC([NH2+]C[C@H](O)c1ccc(O)c3[nH]c(=O)ccc13)C2,0.9833,0.9984,0.8765,0.9704,0.206,0.4037,393.21726920809,2.122699999999999,89.93,4,3,6,4,3,29,0.375,0.5171431157408912
56390-09-1,furin,COc1cccc2c1C(=O)c1c(O)c3c(c(O)c1C2=O)C[C@@](O)(C(=O)CO)C[C@@H]3O[C@H]1C[C@H]([NH3+])[C@@H](O)[C@H](C)O1,0.9713,0.993,0.968,0.8865,0.6336,0.6195,544.18133720009,-0.7154999999999982,207.69,6,11,5,5,2,39,0.4444444444444444,0.2210024780657793
5370-01-4,furin,Cc1cccc(C)c1OC[C@@H](C)[NH3+],0.9973,0.999,0.999,0.9889,0.7912,0.8755,180.13829061609,1.3126399999999998,36.870000000000005,1,1,3,1,1,13,0.4545454545454545,0.7478639675821351
90357-06-5,furin,C[C@](O)(CS(=O)(=O)c1ccc(F)cc1)C(=O)Nc1ccc(C#N)c(C(F)(F)F)c1,0.7768,0.7644,0.6969,0.6267,0.4873,0.2987,430.061040808,2.8795800000000007,107.26,2,5,5,2,2,29,0.2222222222222222,0.5604120760868545
107007-99-8,furin,Cn1nc(C(=O)N[C@H]2C[C@H]3CCC[C@@H](C2)[N@@H+]3C)c2ccccc21,0.9291,0.5963,0.5085,0.7278,0.8365,0.9655,313.20228784009,0.9013000000000008,51.36,2,3,2,4,2,23,0.5555555555555556,0.8654813653793025
64872-77-1,furin,Clc1ccc(CC[C@H](Cn2cc[nH+]c2)Sc2c(Cl)cccc2Cl)cc1,0.8933,0.966,0.999,0.9829,0.596,0.4192,411.02507903609,6.056100000000003,19.07,0,2,7,3,3,25,0.2105263157894736,0.4317741523432858
5786-21-0,furin,C[NH+]1CCN(C2=Nc3cc(Cl)ccc3Nc3ccccc32)CC1,0.8151,0.562,0.5091,0.572,0.9524,0.1704,327.13710074009,2.305600000000001,32.07,2,3,0,4,2,23,0.2777777777777778,0.7779767589631497
101827-46-7,furin,C[N@H+](Cc1ccc(C(C)(C)C)cc1)Cc1cccc2ccccc12,0.1096,0.0734,0.4407,0.1847,0.5113,0.5338,318.22162631609,4.352200000000004,4.44,1,0,4,3,3,24,0.3043478260869565,0.7291742768719393
99614-01-4,furin,Cc1[nH+]ccn1C[C@H]1CCc2c(c3ccccc3n2C)C1=O,0.9914,0.8701,0.7762,0.8351,0.0678,0.6358,294.1600886800899,2.547620000000001,41.07,0,3,2,4,3,22,0.3333333333333333,0.7158516081327108
113-59-7,furin,C[NH+](C)CC/C=C1/c2ccccc2Sc2ccc(Cl)cc21,0.8527,0.6802,0.1084,0.0802,0.4012,0.0334,316.09212470809,3.770900000000002,4.44,1,1,3,3,2,21,0.2222222222222222,0.7704134470229285
56296-78-7,furin,C[NH2+]CC[C@@H](Oc1ccc(C(F)(F)F)cc1)c1ccccc1,0.0707,0.5449,0.2158,0.469,0.8255,0.8721,310.14132530809,3.408800000000003,25.84,1,1,6,2,2,22,0.2941176470588235,0.8691389286871458
50357-45-4,furin,NC(=[NH2+])c1ccc(OCCCCCOc2ccc(C(N)=[NH2+])cc2)cc1,0.7468,0.9224,0.9414,0.8524,0.8968,0.5685,342.20447891218,-0.7564999999999973,121.68,4,2,10,2,2,25,0.2631578947368421,0.257571879518029
122883-93-6,furin,O=C1Cc2cc(CC[NH+]3CCN(c4nsc5ccccc45)CC3)c(Cl)cc2N1,0.4761,0.2868,0.5028,0.8996,0.1551,0.3896,413.1197364240901,2.3918999999999997,49.67,2,4,4,5,3,28,0.3333333333333333,0.6901284265045128
668270-12-0,furin,CC#CCn1c(N2CCC[C@@H]([NH3+])C2)nc2c1c(=O)n(Cc1nc(C)c3ccccc3n1)c(=O)n2C,0.879,0.9173,0.7454,0.7654,0.8932,0.3619,473.24079858809006,0.4306200000000022,118.48000000000002,1,9,4,5,4,35,0.4,0.4296284276607755
34183-22-7,furin,CCC[NH2+]C[C@@H](O)COc1ccccc1C(=O)CCc1ccccc1,0.999,0.9933,0.9453,0.9191,0.2044,0.1195,342.20637017609,2.2152000000000003,63.14000000000001,2,3,11,2,2,25,0.3809523809523809,0.4860971257197134
32986-56-4,furin,[NH3+]C[C@H]1O[C@H](O[C@H]2[C@H](O)[C@@H](O[C@H]3O[C@H](CO)[C@@H](O)[C@H]([NH3+])[C@H]3O)[C@H]([NH3+])C[C@@H]2[NH3+])[C@H]([NH3+])C[C@@H]1O,0.1438,0.677,0.912,0.6334,0.0076,0.011,472.2955100244501,-9.87980000000001,276.27000000000004,10,9,6,3,0,32,1.0,0.1752724698613096
179324-69-7,furin,CC(C)C[C@H](NC(=O)[C@H](Cc1ccccc1)NC(=O)c1cnccn1)B(O)O,0.9398,0.8487,0.6,0.7617,0.1186,0.0795,384.19688568,0.3605999999999996,124.44,4,6,9,2,2,28,0.3684210526315789,0.4630461526225883
2030-63-9,furin,CC(C)/[NH+]=c1\cc2n(-c3ccc(Cl)cc3)c3ccccc3nc-2cc1Nc1ccc(Cl)cc1,0.5661,0.5676,0.5984,0.7629,0.1494,0.5275,473.12942851609006,5.570400000000005,43.82,2,3,4,5,3,33,0.1111111111111111,0.3347150082665135
155213-67-5,furin,CC(C)c1nc(CN(C)C(=O)N[C@H](C(=O)N[C@@H](Cc2ccccc2)C[C@H](O)[C@H](Cc2ccccc2)NC(=O)OCc2cncs2)C(C)C)cs1,0.3866,0.6623,0.6106,0.8133,0.9504,0.3238,720.3127606359999,5.905200000000005,145.77999999999997,4,9,17,4,4,50,0.4324324324324324,0.1062404658591032
163222-33-1,furin,O=C1[C@H](CC[C@H](O)c2ccc(F)cc2)[C@@H](c2ccc(O)cc2)N1c1ccc(F)cc1,0.9722,0.9482,0.9964,0.9949,0.3123,0.4931,409.148949972,4.888300000000004,60.77,2,3,6,4,3,30,0.2083333333333333,0.5702138618789355
132539-06-1,furin,Cc1cc2c(s1)Nc1ccccc1N=C2N1CC[NH+](C)CC1,0.8609,0.7583,0.0569,0.0241,0.3721,0.1271,313.14814409209,2.0221200000000006,32.07,2,4,0,4,2,22,0.3529411764705882,0.7798006808123278
32672-69-8,furin,C[N@H+]1CCCC[C@@H]1CCN1c2ccccc2Sc2ccc([S@@](C)=O)cc21,0.6791,0.7578,0.7635,0.712,0.6388,0.0863,387.1559319040901,3.4840000000000027,24.75,1,3,4,4,2,26,0.4285714285714285,0.8692990927222461
229975-97-7,furin,COC(=O)N[C@H](C(=O)N[C@@H](Cc1ccccc1)[C@@H](O)CN(Cc1ccc(-c2ccccn2)cc1)NC(=O)[C@@H](NC(=O)OC)C(C)(C)C)C(C)(C)C,0.91,0.8014,0.9447,0.863,0.4281,0.2896,704.3897480040001,4.2116000000000025,171.21999999999997,5,9,14,3,3,51,0.4473684210526316,0.1543119595881688
79559-97-0,furin,C[NH2+][C@H]1CC[C@@H](c2ccc(Cl)c(Cl)c2)c2ccccc21,0.7826,0.8445,0.682,0.8572,0.5153,0.8826,306.08108135609,4.153400000000002,16.61,1,0,2,3,2,20,0.2941176470588235,0.8580133130898641
274693-27-5,furin,CCCSc1nc(N[C@@H]2C[C@H]2c2ccc(F)c(F)c2)c2nnn([C@@H]3C[C@H](OCCO)[C@@H](O)[C@H]3O)c2n1,0.7896,0.7461,0.1733,0.1487,0.4733,0.8426,522.186080816,2.0136999999999996,138.44,4,11,10,5,3,36,0.5652173913043478,0.2310407817268838
65277-42-1,furin,CC(=O)N1CCN(c2ccc(OC[C@H]3CO[C@](Cn4cc[nH+]c4)(c4ccc(Cl)cc4Cl)O3)cc2)CC1,0.992,0.7328,0.5922,0.5254,0.7514,0.7083,531.15603718809,3.624900000000002,70.31,0,6,7,5,3,36,0.3846153846153846,0.4651941170332461
65473-14-5,furin,C[N@@H+](CC=Cc1ccccc1)Cc1cccc2ccccc12,0.1937,0.6441,0.7002,0.2167,0.8487,0.7165,288.17467612409,3.5679000000000025,4.44,1,0,5,3,3,22,0.1428571428571428,0.7318946986800634
175865-59-5,furin,CC(C)[C@H]([NH3+])C(=O)OC[C@@H](CO)OCn1cnc2c(=O)[nH]c(N)nc21,0.9479,0.909,0.5306,0.3603,0.5429,0.1229,355.1724442560901,-2.1534999999999975,172.99,4,9,8,2,2,25,0.5714285714285714,0.3876197134248116
148849-67-6,furin,COc1cc2c(cc1OC)CC(=O)N(CCC[N@@H+](C)C[C@H]1Cc3cc(OC)c(OC)cc31)CC2,0.99,0.9807,0.9123,0.9355,0.2417,0.1385,469.26969870408993,1.8929000000000016,61.67,1,5,10,4,2,34,0.5185185185185185,0.5760234412491368
192725-17-0,furin,Cc1cccc(C)c1OCC(=O)N[C@@H](Cc1ccccc1)[C@@H](O)C[C@H](Cc1ccccc1)NC(=O)[C@H](C(C)C)N1CCCNC1=O,0.8117,0.1138,0.5797,0.6347,0.4375,0.3424,628.362470636,4.328140000000003,120.0,4,5,15,4,3,46,0.4324324324324324,0.199874123748593
63-45-6,furin,COc1cc(N[C@@H](C)CCC[NH3+])c2ncccc2c1,0.9042,0.8437,0.7303,0.8513,0.8986,0.5036,260.17573874409,2.065899999999999,61.79,2,3,6,2,2,19,0.4,0.8354730963570144
443913-73-3,furin,COc1cc2c(Nc3ccc(Br)cc3F)ncnc2cc1OC[C@H]1CC[N@H+](C)CC1,0.302,0.7606,0.6984,0.353,0.6018,0.5278,475.1139427800901,3.587100000000002,60.709999999999994,2,5,6,4,3,30,0.3636363636363636,0.5698509702629736
61-76-7,furin,C[NH2+]C[C@@H](O)c1cccc(O)c1,0.6653,0.6959,0.0711,0.3155,0.2399,0.2793,168.10190510809,-0.3811999999999995,57.07000000000001,3,2,3,1,1,12,0.3333333333333333,0.5759050364891328
440-17-5,furin,CN1CC[NH+](CCCN2c3ccccc3Sc3ccc(C(F)(F)F)cc32)CC1,0.7409,0.2394,0.2387,0.2363,0.438,0.2239,408.17157988009,3.528500000000002,10.920000000000002,1,3,4,4,2,28,0.4285714285714285,0.8307344936157748
184475-35-2,furin,COc1cc2ncnc(Nc3ccc(F)c(Cl)c3)c2cc1OCCC[NH+]1CCOCC1,0.9783,0.9155,0.6607,0.9556,0.3534,0.8868,447.15937298009,2.858500000000001,69.94000000000001,2,6,8,4,3,31,0.3636363636363636,0.5174237388633043
23256-50-0,furin,NC(=[NH2+])N/N=C/c1c(Cl)cccc1Cl,0.1332,0.1782,0.3484,0.1545,0.846,0.9647,231.01987806809,-0.0092999999999994,76.0,3,1,2,1,1,14,0.0,0.3808007220814716
58-27-5,furin,CC1=CC(=O)c2ccccc2C1=O,0.6889,0.9507,0.7449,0.8855,0.8687,0.281,172.052429496,2.0119,34.14,0,2,0,2,1,13,0.0909090909090909,0.5994834910884169
183320-51-6,furin,C#Cc1cccc(Nc2ncnc3cc(OCCOC)c(OCCO)cc23)c1,0.2891,0.1133,0.0386,0.1862,0.5656,0.9623,379.15320615199994,2.7510000000000012,85.73000000000002,2,7,9,3,3,28,0.238095238095238,0.4366814715923838
53716-49-7,furin,C[C@@H](C(=O)[O-])c1ccc2c(c1)[nH]c1ccc(Cl)cc12,0.8512,0.6699,0.4474,0.1108,0.3493,0.0746,272.04837985191006,2.8279000000000005,55.919999999999995,1,2,2,3,3,19,0.1333333333333333,0.7798066602926482
54527-84-3,furin,COC(=O)C1=C(C)NC(C)=C(C(=O)OCC[N@H+](C)Cc2ccccc2)[C@@H]1c1cccc([N+](=O)[O-])c1,0.4815,0.6695,0.1179,0.322,0.5928,0.1292,480.21291210009,2.260700000000001,112.21,2,7,9,3,2,35,0.3076923076923077,0.3216533356436632
298-81-7,furin,COc1c2occc2cc2ccc(=O)oc12,0.1862,0.7184,0.288,0.4085,0.2402,0.1805,216.042258736,2.5478000000000005,52.58,0,4,1,3,3,16,0.0833333333333333,0.5863590335117103
51-30-9,furin,CC(C)[NH2+]C[C@H](O)c1ccc(O)c(O)c1,0.9887,0.8688,0.7301,0.8264,0.5018,0.0876,212.12811985609,0.103,77.30000000000001,4,3,4,1,1,15,0.4545454545454545,0.5346782625645278
34381-68-5,furin,CCCC(=O)Nc1ccc(OC[C@H](O)C[NH2+]C(C)C)c(C(C)=O)c1,0.1028,0.2799,0.0579,0.0678,0.0355,0.3309,337.21218382808996,1.3393000000000002,92.24,3,4,10,1,1,24,0.5555555555555556,0.5618624951770448
51022-70-9,furin,CC(C)(C)[NH2+]C[C@@H](O)c1ccc(O)c(CO)c1,0.9953,0.8579,0.6288,0.9047,0.3802,0.4424,240.15941998409,0.2798000000000001,77.30000000000001,4,3,4,1,1,17,0.5384615384615384,0.6103090427518448
13492-01-8,furin,[NH3+][C@@H]1C[C@H]1c1ccccc1,0.6102,0.1463,0.2711,0.2658,0.3995,0.8232,134.09642580409,0.7843999999999995,27.64,1,0,1,2,1,10,0.3333333333333333,0.5876903631319248
536-33-4,furin,CCc1cc(C(N)=S)ccn1,0.4106,0.6409,0.9783,0.9924,0.1566,0.2776,166.05646932,1.2782,38.91,1,2,2,1,1,11,0.25,0.6725460532160716
25332-39-2,furin,O=c1n(CCC[NH+]2CCN(c3cccc(Cl)c3)CC2)nc2ccccn12,0.4197,0.0653,0.6616,0.2033,0.7498,0.829,372.15856445609006,0.9445999999999996,46.98,1,5,5,4,3,26,0.3684210526315789,0.7249345359261311
496775-61-2,furin,CC1=NN(c2ccc(C)c(C)c2)C(=O)/C1=N\Nc1cccc(-c2cccc(C(=O)[O-])c2)c1O,0.9917,0.9184,0.2759,0.3146,0.034,0.0264,441.15682873191,3.230140000000002,117.42,2,7,5,4,3,33,0.12,0.4656399387325317
100643-71-8,furin,Clc1ccc2c(c1)CCc1cccnc1C2=C1CC[NH2+]CC1,0.0735,0.033,0.7879,0.6602,0.3827,0.4236,311.13095274009,2.9927,29.5,1,1,0,4,2,22,0.3157894736842105,0.7961111285945959
123318-82-1,furin,Nc1nc(Cl)nc2c1ncn2[C@@H]1O[C@H](CO)[C@@H](O)[C@@H]1F,0.7,0.3177,0.6576,0.6399,0.4622,0.1728,303.053445112,-0.3494000000000002,119.31000000000002,3,8,2,3,2,20,0.5,0.648649936215886
36791-04-5,furin,NC(=O)c1ncn([C@@H]2O[C@H](CO)[C@@H](O)[C@H]2O)n1,0.1566,0.0062,0.3733,0.1993,0.0106,0.2571,244.080769484,-3.0114999999999994,143.72000000000003,4,8,3,2,1,17,0.625,0.442842031674371
198480-56-7,furin,Cc1c(-c2ccc(O)cc2)n(Cc2ccc(OCC[NH+]3CCCCCC3)cc2)c2ccc(O)cc12,0.8533,0.907,0.2847,0.4572,0.6403,0.7569,471.26421940009,4.9139200000000045,59.06,3,4,7,5,4,35,0.3333333333333333,0.3588400484832849
201530-41-8,furin,O=C([O-])c1ccc(-n2nc(-c3ccccc3O)nc2-c2ccccc2O)cc1,0.9297,0.4092,0.4904,0.4029,0.7793,0.5803,372.09897950791,2.3760000000000003,111.3,2,7,4,4,4,28,0.0,0.5688769559435355
111406-87-2,furin,C[C@H](c1cc2ccccc2s1)N(O)C(N)=O,0.6095,0.8171,0.6337,0.6378,0.1548,0.3299,236.061948624,2.7321999999999997,66.56,2,3,2,2,2,16,0.1818181818181818,0.621567647628534
2627-69-2,furin,NC(=O)c1ncn([C@@H]2O[C@H](CO)[C@@H](O)[C@H]2O)c1N,0.2409,0.2191,0.8541,0.2986,0.0271,0.2952,258.09641954800003,-2.8242999999999996,156.85000000000002,5,8,3,2,1,18,0.5555555555555556,0.3908498923708794
3717-88-2,furin,Cc1c(-c2ccccc2)oc2c(C(=O)OCC[NH+]3CCCCC3)cccc2c1=O,0.3884,0.44,0.8814,0.6402,0.0235,0.6569,392.18563473209,2.9940200000000017,60.95,1,4,5,4,3,29,0.3333333333333333,0.6784032165726454
133099-07-7,furin,NC(=O)C(c1ccccc1)(c1ccccc1)[C@@H]1CC[N@@H+](CCc2ccc3c(c2)CCO3)C1,0.999,0.999,0.9989,0.9961,0.6277,0.5638,427.23800465209,2.5404,56.760000000000005,2,2,7,5,3,32,0.3214285714285714,0.6089217233728879
223673-61-8,furin,Nc1nc(CC(=O)Nc2ccc(CC[NH2+]C[C@H](O)c3ccccc3)cc2)cs1,0.6885,0.5175,0.5155,0.559,0.7082,0.7385,397.1692734600901,1.7460000000000009,104.85,4,5,9,3,3,28,0.238095238095238,0.412902267681634
50-28-2,furin,C[C@@]12CC[C@@H]3c4ccc(O)cc4CC[C@H]3[C@@H]1CC[C@H]2O,0.2443,0.2911,0.1467,0.2727,0.1772,0.2341,272.177630008,3.609200000000002,40.46,2,2,0,4,1,20,0.6666666666666666,0.757169743555686
641571-10-0,furin,Cc1cn(-c2cc(NC(=O)c3ccc(C)c(Nc4nccc(-c5cccnc5)n4)c3)cc(C(F)(F)F)c2)c[nH+]1,0.9081,0.967,0.7384,0.5891,0.3906,0.5077,530.1910694360901,5.774940000000005,98.87,2,6,6,5,5,39,0.1071428571428571,0.290262022507963
21462-39-5,furin,CCC[C@@H]1C[C@@H](C(=O)N[C@@H]([C@H]2O[C@H](SC)[C@H](O)[C@@H](O)[C@H]2O)[C@H](C)Cl)[N@H+](C)C1,0.7096,0.1231,0.6726,0.7799,0.897,0.8497,425.18714728809,-1.0275999999999967,103.46,5,6,7,2,0,27,0.9444444444444444,0.3342275857333282
169590-42-5,furin,Cc1ccc(-c2cc(C(F)(F)F)nn2-c2ccc(S(N)(=O)=O)cc2)cc1,0.9517,0.7206,0.3346,0.8002,0.743,0.7597,381.07588234799994,3.5139200000000006,77.98,1,4,3,3,3,26,0.1176470588235294,0.7541053298167572
53885-35-1,furin,Clc1ccccc1C[N@H+]1CCc2sccc2C1,0.3277,0.4393,0.1787,0.1805,0.8257,0.1205,264.06082458009,2.5427,4.44,1,1,2,3,2,17,0.2857142857142857,0.8504053019619108
191732-72-6,furin,Nc1cccc2c1CN([C@@H]1CCC(=O)NC1=O)C2=O,0.1332,0.5472,0.6344,0.3316,0.3711,0.069,259.095691276,0.0297999999999998,92.5,2,4,1,3,1,19,0.3076923076923077,0.5494349129687401
144598-75-4,furin,Cc1nc2n(c(=O)c1CC[N@H+]1CC[C@H](c3noc4cc(F)ccc43)CC1)CCC[C@@H]2O,0.2163,0.3986,0.6903,0.217,0.8614,0.937,427.2139953960899,1.6642199999999998,85.59,2,6,4,5,3,31,0.5217391304347826,0.6616473235554238
154-69-8,furin,C[NH+](C)CCN(Cc1ccccc1)c1ccccn1,0.9118,0.9732,0.995,0.9589,0.3311,0.0367,256.18082412409,1.2327000000000006,20.57,1,2,6,2,2,19,0.3125,0.8389502563588367
103577-45-3,furin,Cc1c(OCC(F)(F)F)cc[nH+]c1C[S@@](=O)c1nc2ccccc2[nH]1,0.1823,0.1441,0.1741,0.1126,0.817,0.526,370.0831588000901,2.9343200000000005,69.12,1,3,5,3,3,25,0.25,0.750807307032013
62893-19-0,furin,CCN1CCN(C(=O)N[C@@H](C(=O)N[C@@H]2C(=O)N3C(C(=O)[O-])=C(CSc4nnnn4C)CS[C@H]23)c2ccc(O)cc2)C(=O)C1=O,0.5124,0.5336,0.1818,0.2039,0.3125,0.021,644.1351243719103,-2.4466999999999928,223.08999999999995,3,14,9,5,2,44,0.4,0.1467237929255473
73590-58-6,furin,COc1ccc2nc([S@](=O)Cc3[nH+]cc(C)c(OC)c3C)[nH]c2c1,0.987,0.5696,0.7804,0.7798,0.1487,0.3431,346.12198892009,2.31884,78.35,1,4,5,3,3,24,0.2941176470588235,0.7688969417435119
72432-03-2,furin,OCC[N@H+]1C[C@H](O)[C@@H](O)[C@H](O)[C@H]1CO,0.331,0.2475,0.3938,0.3464,0.0424,0.3319,208.11794909609,-4.6791999999999945,105.59000000000002,6,5,3,1,0,14,1.0,0.2795588345704856
444731-52-6,furin,Cc1ccc(Nc2nccc(N(C)c3ccc4c(C)n(C)nc4c3)n2)cc1S(N)(=O)=O,0.5215,0.8598,0.9968,0.9915,0.5079,0.9972,437.16339397600007,3.1390400000000005,119.03,2,8,5,4,4,31,0.1904761904761904,0.4921501033338167
50-63-5,furin,CC[NH+](CC)CCC[C@@H](C)Nc1cc[nH+]c2cc(Cl)ccc12,0.1364,0.1155,0.054,0.1456,0.2316,0.186,321.19607841617994,2.8126,30.61,2,1,8,2,2,22,0.5,0.7692912634314394
364782-34-3,furin,C[C@@H]([NH2+]CCCc1cccc(C(F)(F)F)c1)c1cccc2ccccc12,0.1338,0.807,0.5208,0.5353,0.2372,0.3948,358.17771081609004,5.115800000000004,16.61,1,0,6,3,3,26,0.2727272727272727,0.5894393592050658
61318-91-0,furin,Clc1ccc(CS[C@H](Cn2cc[nH+]c2)c2ccc(Cl)cc2Cl)cc1,0.7988,0.947,0.4034,0.9906,0.9026,0.3092,397.0094289720899,5.937100000000003,19.07,0,2,6,3,3,24,0.1666666666666666,0.502765756351852
30652-11-0,furin,Cc1c(O)c(=O)ccn1C,0.0934,0.1333,0.2042,0.1789,0.8267,0.8818,139.063328528,0.3993199999999998,42.23,1,3,0,1,1,10,0.2857142857142857,0.5649178764789872
165800-03-3,furin,CC(=O)NC[C@H]1CN(c2ccc(N3CCOCC3)c(F)c2)C(=O)O1,0.5152,0.7633,0.7758,0.9143,0.7585,0.8657,337.1437843399999,1.1235999999999997,71.11,1,5,4,3,1,24,0.5,0.8915973887511962
321-30-2,furin,Nc1ncnc2[nH]cnc12,0.0722,0.3459,0.6323,0.078,0.9239,0.6893,135.05449516,-0.0648999999999999,80.48,2,4,0,2,2,10,0.0,0.5296759293780585
91-33-8,furin,NS(=O)(=O)c1cc2c(cc1Cl)NC(CSCc1ccccc1)=NS2(=O)=O,0.0314,0.7526,0.1843,0.3299,0.4897,0.9325,430.98349660799994,2.4335000000000004,118.69,2,6,5,3,2,26,0.1333333333333333,0.7498958613046711
134308-13-7,furin,Cc1ccc(C(=O)c2cc(O)c(O)c([N+](=O)[O-])c2)cc1,0.3969,0.4924,0.894,0.9898,0.2182,0.4854,273.06372245200004,2.545420000000002,100.67,2,5,3,2,2,20,0.0714285714285714,0.3871048603061818
152459-95-5,furin,Cc1ccc(NC(=O)c2ccc(C[NH+]3CCN(C)CC3)cc2)cc1Nc1nccc(-c2cccnc2)n1,0.6949,0.4427,0.944,0.9772,0.6763,0.3594,494.2662850640901,3.1732200000000015,87.48,3,6,7,5,4,37,0.2413793103448276,0.3659166129867811
82586-55-8,furin,CCOC(=O)[C@H](CCc1ccccc1)[NH2+][C@@H](C)C(=O)N1Cc2ccccc2C[C@H]1C(=O)[O-],0.9689,0.8742,0.999,0.999,0.4342,0.0075,438.2154720599999,0.2062000000000028,103.35,1,5,9,3,2,32,0.4,0.5638703373109077
475207-59-1,furin,CNC(=O)c1cc(Oc2ccc(NC(=O)Nc3ccc(Cl)c(C(F)(F)F)c3)cc2)ccn1,0.9717,0.5939,0.9312,0.7795,0.6446,0.8625,464.086302712,5.549700000000003,92.35,3,4,5,3,3,32,0.0952380952380952,0.4613395020059931
75706-12-6,furin,Cc1oncc1C(=O)Nc1ccc(C(F)(F)F)cc1,0.7095,0.8915,0.9333,0.9618,0.342,0.7774,270.061612188,3.2541200000000012,55.13,1,3,2,2,2,19,0.1666666666666666,0.9108229912132476
41621-49-2,furin,Cc1cc(C2CCCCC2)n([O-])c(=O)c1,0.3551,0.4791,0.4239,0.441,0.0102,0.3087,206.11865233191,2.55032,45.06,0,3,1,2,1,15,0.5833333333333334,0.7084080931990356
4205-91-8,furin,Clc1cccc(Cl)c1NC1=[NH+]CCN1,0.8342,0.9795,0.2679,0.2449,0.1824,0.2646,230.02462910009,0.4450999999999998,38.03,3,2,1,2,1,14,0.2222222222222222,0.6559315977745085
479-18-5,furin,Cn1c(=O)c2c(ncn2C[C@@H](O)CO)n(C)c1=O,0.3062,0.5152,0.9041,0.8442,0.9785,0.1669,254.101504928,-2.213099999999999,102.28,2,8,3,2,2,18,0.5,0.6460832424087163
73963-72-1,furin,O=C1CCc2cc(OCCCCc3nnnn3C3CCCCC3)ccc2N1,0.99,0.9738,0.6381,0.7782,0.3712,0.2008,369.216475104,3.4647000000000014,81.93,1,6,7,4,2,27,0.6,0.755913406639335
135729-62-3,furin,O=C1c2cccc3c2[C@H](CCC3)CN1[C@@H]1C[N@H+]2CC[C@@H]1CC2,0.4385,0.4683,0.6446,0.6956,0.4565,0.8727,297.19613984009004,1.2393999999999998,24.750000000000004,1,1,1,6,1,22,0.631578947368421,0.8286869281130633
6018-19-5,furin,Nc1ccc(C(=O)[O-])c(O)c1,0.8663,0.5575,0.0381,0.1764,0.5889,0.8813,152.03531663191,-0.6621000000000001,86.38000000000001,2,4,1,1,1,11,0.0,0.5226981672670166
78415-72-2,furin,Cc1[nH]c(=O)c(C#N)cc1-c1ccncc1,0.6341,0.5353,0.7122,0.6308,0.2028,0.2957,211.074561908,1.617,69.53999999999999,1,3,1,2,2,16,0.0833333333333333,0.7786697771862998
50-35-1,furin,O=C1CC[C@H](N2C(=O)c3ccccc3C2=O)C(=O)N1,0.3435,0.3806,0.3316,0.3013,0.2108,0.015,258.0640568,0.0877999999999999,83.55000000000001,1,4,1,3,1,19,0.2307692307692307,0.7233587999857974
319460-85-0,furin,CNC(=O)c1ccccc1Sc1ccc2c(/C=C/c3ccccn3)n[nH]c2c1,0.6908,0.6137,0.0729,0.6675,0.749,0.9244,386.1201321960001,4.639100000000004,70.67,2,4,5,4,4,28,0.0454545454545454,0.5241908173512972
69-52-3,furin,CC1(C)S[C@@H]2[C@@H](NC(=O)[C@@H]([NH3+])c3ccccc3)C(=O)N2[C@H]1C(=O)[O-],0.6351,0.3231,0.9252,0.6726,0.2451,0.5304,349.10962708799997,-1.7333999999999976,117.18,2,5,4,3,1,24,0.4375,0.6263698534142854
6493-05-6,furin,CC(=O)CCCCn1c(=O)c2c(ncn2C)n(C)c1=O,0.043,0.4598,0.6109,0.6718,0.0896,0.1279,278.13789043599996,0.193,78.89,0,7,5,2,2,20,0.5384615384615384,0.7314900236053014
183319-69-9,furin,C#Cc1cccc(Nc2ncnc3cc(OCCOC)c(OCCOC)cc23)c1,0.1259,0.0771,0.6563,0.9466,0.5266,0.4074,393.16885621599994,3.405100000000002,74.73000000000002,1,7,10,3,3,29,0.2727272727272727,0.4178840975839869
219861-08-2,furin,C[NH+](C)CCC[C@@]1(c2ccc(F)cc2)OCc2cc(C#N)ccc21,0.9975,0.7527,0.9152,0.9714,0.3674,0.3747,325.17106796409,2.395880000000001,37.46,1,2,5,3,2,24,0.35,0.9164902384308174
82640-04-8,furin,O=C(c1ccc(OCC[NH+]2CCCCC2)cc1)c1c(-c2ccc(O)cc2)sc2cc(O)ccc12,0.8264,0.9509,0.5938,0.3474,0.0169,0.0191,474.1733557960899,4.658100000000006,71.2,3,5,7,5,4,34,0.25,0.3409247092418569
2809-21-4,furin,C[C@](O)(P(=O)([O-])[O-])P(=O)([O-])O,0.7814,0.6478,0.5774,0.1906,0.5202,0.1855,202.95269649973,-2.888199999999999,143.78,2,6,2,0,0,11,1.0,0.4578842124152752
129497-78-5,furin,C=Cc1c(C)c2cc3nc(cc4[nH]c(cc5[nH+]c(cc1[nH]2)C(C)=C5CCC(=O)OC)c(CCC(=O)[O-])c4C)[C@@]1(C)C3=CC=C(C(=O)OC)[C@H]1C(=O)OC,0.9077,0.9803,0.7855,0.9689,0.4479,0.0678,718.300264304,4.803640000000004,177.64,2,9,9,6,3,53,0.3170731707317073,0.2323314321416605
366-70-1,furin,C[NH2+]NCc1ccc(C(=O)NC(C)C)cc1,0.6574,0.5024,0.5552,0.2414,0.0018,0.0307,222.16008868009,0.0226000000000012,57.74,3,2,5,1,1,16,0.4166666666666667,0.4858594129526428
50-78-2,furin,CC(=O)Oc1ccccc1C(=O)[O-],0.5086,0.1578,0.8406,0.5701,0.4366,0.6442,179.03498228391,-0.0246,66.43,0,4,2,1,1,13,0.1111111111111111,0.4721709057370543
59-67-6,furin,O=C([O-])c1cccnc1,0.0524,0.6438,0.6088,0.7225,0.896,0.7648,122.02475194791,-0.5549000000000002,53.02,0,3,1,1,1,9,0.0,0.5015757599713943
147403-03-0,furin,CCOc1nc2cccc(C(=O)O)c2n1Cc1ccc(-c2ccccc2-c2noc(=O)[nH]2)cc1,0.9084,0.9496,0.9968,0.999,0.9929,0.9745,456.14336974,4.1918000000000015,123.23999999999998,2,7,7,5,5,34,0.12,0.3762947538170099
51-48-9,furin,[NH3+][C@@H](Cc1cc(I)c(Oc2cc(I)c([O-])c(I)c2)c(I)c1)C(=O)[O-],0.9852,0.998,0.9143,0.7793,0.2078,0.1375,775.6794233799101,1.8737999999999997,100.06,1,4,5,2,2,24,0.1333333333333333,0.4697772394756119
89-57-6,furin,Nc1ccc(O)c(C(=O)[O-])c1,0.0189,0.1424,0.0241,0.0139,0.1135,0.1243,152.03531663191,-0.6621000000000001,86.38,2,4,1,1,1,11,0.0,0.4127367486568201
63675-72-9,furin,COC(=O)C1=C(C)NC(C)=C(C(=O)OCC(C)C)[C@H]1c1ccccc1[N+](=O)[O-],0.374,0.4272,0.8181,0.4631,0.7055,0.7876,388.16343648799995,3.201800000000002,107.77,1,7,6,2,1,28,0.4,0.4527860366395833
93-14-1,furin,COc1ccccc1OC[C@@H](O)CO,0.9337,0.7787,0.9548,0.9244,0.4275,0.8919,198.089208928,0.4272000000000001,58.92,2,4,5,1,1,14,0.4,0.7198499687675642
56180-94-0,furin,C[C@H]1O[C@H](O[C@H]2[C@H](O)[C@@H](O)[C@@H](O[C@@H]([C@H](O)[C@@H](O)C=O)[C@H](O)CO)O[C@@H]2CO)[C@H](O)[C@@H](O)[C@@H]1N[C@H]1C=C(CO)[C@@H](O)[C@H](O)[C@H]1O,0.2795,0.7847,0.6125,0.8471,0.1154,0.3201,645.2480135359999,-8.721900000000014,329.01,14,19,13,3,0,44,0.88,0.0652615042977129
25451-15-4,furin,NC(=O)OCC(COC(N)=O)c1ccccc1,0.3103,0.3855,0.8701,0.5867,0.768,0.836,238.095356928,0.9607999999999992,104.64,2,4,5,1,1,17,0.2727272727272727,0.796471019540729
2022-85-7,furin,Nc1nc(=O)[nH]cc1F,0.9344,0.7104,0.6388,0.6993,0.5981,0.4543,129.033839968,-0.5088000000000001,71.77,2,3,0,1,1,9,0.0,0.4952172017431901
554-57-4,furin,CC(=O)Nc1sc(S(N)(=O)=O)n[n+]1C,0.2817,0.3478,0.9835,0.5388,0.4693,0.2678,237.01105856809,-1.4265999999999994,106.03,2,5,2,1,1,14,0.4,0.485692555587665
50-44-2,furin,S=c1[nH]cnc2nc[nH]c12,0.6728,0.6106,0.2627,0.7813,0.9384,0.7397,152.015667128,1.0154899999999998,57.36,2,3,0,2,2,10,0.0,0.5538546640663037
156-57-0,furin,[NH3+]CCS,0.0432,0.0308,0.4611,0.4979,0.0046,0.0496,78.03719667608999,-0.8418999999999999,27.64,2,1,1,0,0,4,1.0,0.3826710259651884
50-01-1,furin,NC(N)=[NH2+],0.0785,0.0699,0.1118,0.1226,0.2768,0.4201,60.05562361208999,-2.9811000000000005,77.63,3,0,0,0,0,4,0.0,0.2059078383213915
99464-64-9,furin,CCOC(=O)O[C@@H](C)OC1=C(C(=O)Nc2ccccn2)N(C)S(=O)(=O)c2ccccc21,0.0836,0.0571,0.674,0.526,0.4709,0.8734,447.11002101200006,2.558700000000001,124.13,1,8,6,3,2,31,0.25,0.5292289566712126
82419-36-1,furin,C[C@@H]1COc2c(N3CC[NH+](C)CC3)c(F)cc3c(=O)c(C(=O)O)cn1c23,0.7728,0.8781,0.7571,0.6721,0.011,0.0407,362.15106079209,0.1269000000000004,76.21000000000001,2,5,2,4,2,26,0.4444444444444444,0.7941990246820108
122647-32-9,furin,CCCCCCC[N@@H+](CC)CCC[C@H](O)c1ccc(NS(C)(=O)=O)cc1,0.9811,0.979,0.942,0.6604,0.216,0.0667,385.2519404640899,2.746900000000001,70.84,3,3,14,1,1,26,0.7,0.4313371447281132
149003-01-0,furin,C[C@@H](CN1CC(=O)NC(=O)C1)[NH+]1CC(=O)[N-]C(=O)C1,0.8104,0.4226,0.0162,0.0567,0.1853,0.3869,268.117154992,-3.341299999999995,102.09,2,5,3,2,0,19,0.6363636363636364,0.5209612072880093
112811-59-3,furin,COc1c(N2CC[NH2+][C@H](C)C2)c(F)cc2c(=O)c(C(=O)[O-])cn(C3CC3)c12,0.1974,0.0361,0.0405,0.4875,0.9719,0.3071,375.159434404,-0.3804999999999989,91.21,1,6,4,4,2,27,0.4736842105263157,0.7867122884676202
51803-78-2,furin,CS(=O)(=O)Nc1ccc([N+](=O)[O-])cc1Oc1ccccc1,0.7478,0.6182,0.8034,0.2035,0.0153,0.2497,308.046692484,2.7586000000000013,98.54,1,5,5,2,2,21,0.0769230769230769,0.6760870934103842
29767-20-2,furin,COc1cc([C@@H]2c3cc4c(cc3[C@@H](O[C@@H]3O[C@@H]5CO[C@@H](c6cccs6)O[C@H]5[C@H](O)[C@H]3O)[C@H]3COC(=O)[C@H]23)OCO4)cc(OC)c1O,0.9777,0.741,0.9493,0.8979,0.8885,0.6718,656.156362084,2.752900000000001,160.83,3,14,6,8,3,46,0.46875,0.3327956777277973
10347-81-6,furin,C[NH2+]CCC[C@]12CC[C@H](c3ccccc31)c1ccccc12,0.6535,0.846,0.7604,0.5477,0.999,0.7035,278.19032618809,3.185200000000002,16.61,1,0,4,5,2,21,0.4,0.827287868802689
53994-73-3,furin,[NH3+][C@@H](C(=O)N[C@@H]1C(=O)N2C(C(=O)[O-])=C(Cl)CS[C@H]12)c1ccccc1,0.7822,0.8106,0.2076,0.5215,0.4586,0.5364,367.039354608,-1.4301999999999977,117.18,2,5,4,3,1,24,0.2666666666666666,0.6326134956755325
49562-28-9,furin,CC(C)OC(=O)C(C)(C)Oc1ccc(C(=O)c2ccc(Cl)cc2)cc1,0.9227,0.8438,0.5336,0.0492,0.0167,0.0382,360.112836832,4.680000000000004,52.6,0,4,6,2,2,25,0.3,0.5540618915195044
51-52-5,furin,CCCc1cc(=O)[nH]c(=S)[nH]1,0.2871,0.1255,0.6819,0.9703,0.9286,0.6358,170.05138394,1.38499,48.65,2,2,2,1,1,11,0.4285714285714285,0.6587322532597095
315-30-0,furin,O=c1[nH]cnc2[nH]ncc12,0.8966,0.8482,0.7307,0.8322,0.501,0.8647,136.038510748,-0.3538,74.43,2,3,0,2,2,10,0.0,0.5192368565638923
1405-10-3,furin,N[C@H]1[C@@H](O[C@H]2[C@@H](O)[C@H](O[C@@H]3[C@@H](O)[C@H](N)C[C@H]([NH3+])[C@H]3O[C@H]3O[C@H](C[NH3+])[C@@H](O)[C@H](O)[C@H]3N)O[C@@H]2CO)O[C@@H](C[NH3+])[C@@H](O)[C@@H]1O,0.8675,0.6227,0.2032,0.1587,0.1039,0.4749,617.33411488827,-11.045700000000018,357.97,13,16,9,4,0,42,1.0,0.1140954227655034
58-14-0,furin,CCc1nc(N)nc(N)c1-c1ccc(Cl)cc1,0.8907,0.7728,0.1798,0.1447,0.4863,0.2423,248.082874096,2.5238000000000005,77.82,2,4,2,2,2,17,0.1666666666666666,0.8561371493463951
19237-84-4,furin,COc1cc2[nH+]c(N3CCN(C(=O)c4ccco4)CC3)nc(N)c2cc1OC,0.1846,0.2161,0.4887,0.7409,0.4232,0.4061,384.16663060409,1.2037000000000002,108.2,1,7,4,4,3,28,0.3157894736842105,0.7199663115061383
23288-49-5,furin,CC(C)(Sc1cc(C(C)(C)C)c(O)c(C(C)(C)C)c1)Sc1cc(C(C)(C)C)c(O)c(C(C)(C)C)c1,0.8889,0.9787,0.622,0.9916,0.2352,0.0714,516.309572776,9.908299999999995,40.46,2,4,4,2,2,35,0.6129032258064516,0.3131966868527805
147-94-4,furin,Nc1ccn([C@@H]2O[C@H](CO)[C@@H](O)[C@@H]2O)c(=O)n1,0.7432,0.9016,0.9505,0.9308,0.7822,0.1953,243.085520516,-2.563,130.82999999999998,4,8,2,2,1,17,0.5555555555555556,0.4489304892314893
65-29-2,furin,CC[N+](CC)(CC)CCOc1cccc(OCC[N+](CC)(CC)CC)c1OCC[N+](CC)(CC)CC,0.8716,0.6525,0.0598,0.1205,0.1066,0.0145,510.4618220402699,5.452500000000005,27.69,0,3,21,1,1,36,0.8,0.2058221894673444
24356-60-3,furin,CC(=O)OCC1=C(C(=O)[O-])N2C(=O)[C@@H](NC(=O)CSc3ccncc3)[C@H]2SC1,0.9945,0.9985,0.1803,0.7344,0.3811,0.2144,422.04860081191,-0.8592999999999977,128.73000000000002,1,9,7,3,1,28,0.3529411764705882,0.3389583327822128
186826-86-8,furin,COc1c(N2C[C@@H]3CCC[NH2+][C@@H]3C2)c(F)cc2c(=O)c(C(=O)[O-])cn(C3CC3)c12,0.4658,0.4617,0.2467,0.4626,0.8468,0.2659,401.175084468,0.0096000000000013,91.21,1,6,4,5,2,29,0.5238095238095238,0.7794781534995434
101-26-8,furin,CN(C)C(=O)Oc1ccc[n+](C)c1,0.9801,0.9506,0.6434,0.9844,0.912,0.0977,181.09715407609,0.5714999999999999,33.42,0,2,1,1,1,13,0.3333333333333333,0.5934152756520555
15687-27-1,furin,CC(C)Cc1ccc([C@H](C)C(=O)[O-])cc1,0.0524,0.1513,0.3087,0.7706,0.5919,0.484,205.12340336391,1.7385,40.129999999999995,0,2,4,1,1,15,0.4615384615384615,0.7507790478562271
286930-03-8,furin,CC(C)C(=O)Oc1ccc(CO)cc1[C@@H](CC[NH+](C(C)C)C(C)C)c1ccccc1,0.3702,0.4496,0.815,0.8615,0.505,0.1642,412.28462049609,3.964000000000003,50.97,2,3,10,2,2,30,0.5,0.4586748183521858
3424-98-4,furin,Cc1cn([C@@H]2C[C@@H](O)[C@H](CO)O2)c(=O)[nH]c1=O,0.6843,0.8859,0.4694,0.2389,0.7234,0.6596,242.090271548,-1.5142799999999992,104.54999999999998,3,6,2,2,1,17,0.6,0.5842742137821719
14976-57-9,furin,C[N@H+]1CCC[C@@H]1CCO[C@](C)(c1ccccc1)c1ccc(Cl)cc1,0.5343,0.8598,0.1068,0.3897,0.8524,0.7826,344.17756858409,3.687300000000003,13.670000000000002,1,1,6,3,2,24,0.4285714285714285,0.8434347002657723
160970-54-7,furin,C[C@H](Cc1cc2c(c(C(N)=O)c1)N(CCCO)CC2)[NH2+]CCOc1ccccc1OCC(F)(F)F,0.3025,0.7397,0.3605,0.5948,0.878,0.7583,496.24176761609,2.0448999999999993,101.63,3,5,13,3,2,35,0.48,0.3686922871485279
3543-75-7,furin,Cn1c(CCCC(=O)[O-])nc2cc(N(CCCl)CCCl)ccc21,0.1556,0.6599,0.4049,0.6018,0.0977,0.7856,356.09380581990996,1.9299,61.190000000000005,0,5,9,2,2,23,0.5,0.6437291201561798
144060-53-7,furin,Cc1nc(-c2ccc(OCC(C)C)c(C#N)c2)sc1C(=O)[O-],0.7421,0.8636,0.7535,0.7224,0.0542,0.2051,315.08088691991,2.3885000000000005,86.03999999999999,0,6,5,2,2,22,0.3125,0.8452708717294677
95233-18-4,furin,O=C1C([O-])=C([C@H]2CC[C@H](c3ccc(Cl)cc3)CC2)C(=O)c2ccccc21,0.1373,0.74,0.9908,0.999,0.7148,0.3838,365.09499569591,4.307400000000004,57.2,0,3,2,4,2,26,0.2727272727272727,0.7964488091269492
91374-20-8,furin,CCC[NH+](CCC)CCc1cccc2c1CC(=O)N2,0.496,0.2114,0.395,0.6753,0.8266,0.4816,261.19613984009,1.4285999999999992,33.54,2,1,7,2,1,19,0.5625,0.7646979750202495
58186-27-9,furin,COC1=C(OC)C(=O)C(CCCCCCCCCCO)=C(C)C1=O,0.9964,0.9877,0.8007,0.8803,0.1693,0.3141,338.20932406,3.4623000000000026,72.83000000000001,1,5,12,1,0,24,0.6842105263157895,0.4356457601684276
17321-77-6,furin,C[NH+](C)CCCN1c2ccccc2CCc2ccc(Cl)cc21,0.7879,0.7967,0.0125,0.0406,0.4029,0.7678,315.16225286809,3.1113000000000026,7.680000000000001,1,1,4,3,2,22,0.3684210526315789,0.9106988229239898
117-37-3,furin,COc1ccc(C2=C([O-])c3ccccc3C2=O)cc1,0.5797,0.6015,0.428,0.8534,0.6197,0.9908,251.07136779191,2.1201,49.36,0,3,2,3,2,19,0.0625,0.8210379974881952
62571-86-2,furin,C[C@H](CS)C(=O)N1CCC[C@H]1C(=O)[O-],0.9746,0.9984,0.9964,0.9499,0.8246,0.8358,216.06998788791,-0.7068000000000001,60.44,1,4,3,1,0,14,0.7777777777777778,0.6341732873757703
41340-25-4,furin,CCc1cccc2c3c([nH]c12)[C@@](CC)(CC(=O)[O-])OCC3,0.8643,0.7295,0.5875,0.8269,0.1793,0.0213,286.14486707991,2.0483,65.15,1,3,4,3,2,21,0.4705882352941176,0.93515804493898
302962-49-8,furin,Cc1nc(Nc2ncc(C(=O)Nc3c(C)cccc3Cl)s2)cc(N2CC[NH+](CCO)CC2)n1,0.2434,0.9541,0.5696,0.3222,0.3851,0.4945,488.16299820409006,1.8964399999999992,107.71,4,8,7,4,3,33,0.3636363636363636,0.4020252998864373
63-74-1,furin,Nc1ccc(S(N)(=O)=O)cc1,0.9285,0.9489,0.9599,0.9662,0.4393,0.1538,172.030648496,-0.0838,86.18,2,3,1,1,1,11,0.0,0.5805509816764027
2508-72-7,furin,c1ccc(CN(CC2=[NH+]CCN2)c2ccccc2)cc1,0.9348,0.4082,0.2089,0.2724,0.935,0.6239,266.16517406009,0.7755000000000003,29.24,2,2,5,3,2,20,0.2352941176470588,0.8371370374341607
85371-64-8,furin,C[C@@H](N/C(=N\C#N)Nc1ccncc1)C(C)(C)C,0.9272,0.9223,0.978,0.9931,0.0887,0.0595,245.164045608,2.3547800000000008,73.1,2,3,2,1,1,18,0.4615384615384615,0.4763426335858048
58-56-0,furin,Cc1[nH+]cc(CO)c(CO)c1[O-],0.8253,0.5491,0.9366,0.8072,0.2445,0.7752,169.073893212,-1.13268,77.66000000000001,2,3,2,1,1,12,0.375,0.5875409744678217
115256-11-6,furin,C[N@H+](CCOc1ccc(NS(C)(=O)=O)cc1)CCc1ccc(NS(C)(=O)=O)cc1,0.8918,0.8629,0.2272,0.7576,0.2041,0.2216,442.14648941608993,0.5658000000000025,106.01,3,5,11,2,2,29,0.3684210526315789,0.4717304836678942
188062-50-2,furin,Nc1nc(NC2CC2)c2ncn([C@H]3C=C[C@@H](CO)C3)c2n1,0.2529,0.3198,0.3715,0.6433,0.9047,0.976,286.154209196,1.0922999999999998,101.88,3,7,4,4,2,21,0.5,0.7272302824304794
40828-46-4,furin,C[C@H](C(=O)[O-])c1ccc(C(=O)c2cccs2)cc1,0.5704,0.5828,0.9526,0.9805,0.2765,0.3982,259.04343879191003,1.8325,57.2,0,4,4,2,2,18,0.1428571428571428,0.7870481258790089
139110-80-8,furin,CC(=O)N[C@H]1[C@H]([C@H](O)[C@H](O)CO)OC(C(=O)[O-])=C[C@@H]1NC(N)=[NH2+],0.8081,0.535,0.9577,0.847,0.9777,0.425,332.1331989800001,-6.730199999999998,202.79,7,7,6,1,0,23,0.5833333333333334,0.1820401720702234
375815-87-5,furin,c1cnc2cc3c(cc2n1)[C@@H]1C[NH2+]C[C@H]3C1,0.011,0.1164,0.1075,0.0498,0.7154,0.01,212.11822386809,0.7777,42.39,1,2,0,4,2,16,0.3846153846153846,0.700857655848039
56211-40-6,furin,Cc1cccc(Nc2cc[nH+]cc2S(=O)(=O)[N-]C(=O)NC(C)C)c1,0.8467,0.9558,0.4327,0.3065,0.43,0.2026,348.1256115,2.7331200000000004,103.51,2,4,5,2,2,24,0.25,0.8666810888857404
58-96-8,furin,O=c1ccn([C@@H]2O[C@@H](CO)[C@H](O)[C@H]2O)c(=O)[nH]1,0.8071,0.9287,0.8394,0.9132,0.1975,0.5417,244.069536104,-2.8519,124.78,4,7,2,2,1,17,0.5555555555555556,0.4435105912731592
3366-95-8,furin,Cc1ncc([N+](=O)[O-])n1C[C@H](C)O,0.2529,0.5449,0.2179,0.5105,0.1213,0.1063,185.080041212,0.4805199999999999,81.19,1,5,3,1,1,13,0.5714285714285714,0.5481589825040829
211914-51-1,furin,Cn1c(CNc2ccc(C(N)=[NH2+])cc2)nc2cc(C(=O)N(CCC(=O)[O-])c3ccccn3)ccc21,0.1228,0.2538,0.6525,0.1539,0.4421,0.4834,471.20188766,-0.1683999999999985,154.79000000000002,3,7,9,4,4,35,0.16,0.2261047387910402
150322-43-3,furin,CC(=O)Oc1cc2c(s1)CC[N@H+]([C@@H](C(=O)C1CC1)c1ccccc1F)C2,0.7459,0.8305,0.834,0.7372,0.2967,0.6747,374.1220691720901,2.4739000000000004,47.81,1,4,5,4,2,26,0.4,0.8182889136458763
1744-22-5,furin,Nc1nc2ccc(OC(F)(F)F)cc2s1,0.8903,0.8646,0.5613,0.7229,0.7918,0.5802,234.00746844,2.7771,48.14,1,4,1,2,2,15,0.125,0.8248286060077297
23239-51-2,furin,C[C@H]([NH2+]CCc1ccc(O)cc1)[C@H](O)c1ccc(O)cc1,0.9746,0.8582,0.8576,0.8504,0.5839,0.1261,288.15941998409,1.3257999999999994,77.30000000000001,4,3,6,2,2,21,0.2941176470588235,0.6473850874610028
21679-14-1,furin,Nc1nc(F)nc2c1ncn2[C@@H]1O[C@H](CO)[C@@H](O)[C@@H]1O,0.9725,0.8855,0.5478,0.5432,0.1199,0.4823,285.08733208399997,-1.8409,139.54000000000002,4,9,2,3,2,20,0.5,0.4718336471857848
105816-04-4,furin,CC(C)[C@H]1CC[C@H](C(=O)N[C@H](Cc2ccccc2)C(=O)[O-])CC1,0.9963,0.991,0.9945,0.9628,0.5639,0.3723,316.19181727191,1.9261999999999997,69.23,1,3,6,2,1,23,0.5789473684210527,0.8715900836005785
57248-88-1,furin,[NH3+]CC[C@](O)(P(=O)([O-])[O-])P(=O)([O-])O,0.9932,0.9712,0.883,0.906,0.1065,0.6466,232.98652204782,-4.276099999999999,171.42,3,6,4,0,0,13,1.0,0.4117992739174065
39133-31-8,furin,CC[C@@](COC(=O)c1cc(OC)c(OC)c(OC)c1)(c1ccccc1)[NH+](C)C,0.9192,0.911,0.9191,0.8574,0.0268,0.0059,388.21184948009005,2.3192000000000004,58.43000000000001,1,5,9,2,2,28,0.4090909090909091,0.6683936576021494
135062-02-1,furin,CCOc1cc(CC(=O)N[C@@H](CC(C)C)c2ccccc2N2CCCCC2)ccc1C(=O)[O-],0.9338,0.862,0.1281,0.2887,0.2279,0.0474,451.26023117991,3.885200000000003,81.7,1,5,10,3,2,33,0.4814814814814814,0.5927698191036681
13311-84-7,furin,CC(C)C(=O)Nc1ccc([N+](=O)[O-])c(C(F)(F)F)c1,0.9972,0.9896,0.9977,0.995,0.1704,0.0628,276.07217687200006,3.2081000000000017,72.24,1,3,3,1,1,19,0.3636363636363636,0.6801783581027343
28657-80-9,furin,CCn1nc(C(=O)O)c(=O)c2cc3c(cc21)OCO3,0.2304,0.7366,0.6612,0.9315,0.4735,0.0855,262.05897142000003,0.8432999999999997,90.65,1,6,2,3,2,19,0.25,0.8620783249551718
55268-74-1,furin,O=C(C1CCCCC1)N1CC(=O)N2CCc3ccccc3[C@@H]2C1,0.4268,0.8226,0.9841,0.8005,0.9002,0.7722,312.183778008,2.5349000000000004,40.620000000000005,0,2,1,4,1,23,0.5789473684210527,0.7993674496203519
16676-29-2,furin,O=C1CC[C@@]2(O)[C@H]3Cc4ccc(O)c5c4[C@@]2(CC[N@@H+]3CC2CC2)[C@H]1O5,0.2839,0.6306,0.1188,0.2527,0.6833,0.2168,342.16998466808997,0.1082999999999998,71.2,3,4,2,6,1,25,0.65,0.7134055349712859
5633-20-5,furin,CC[NH+](CC)CC#CCOC(=O)[C@@](O)(c1ccccc1)C1CCCCC1,0.6794,0.3106,0.7321,0.1579,0.9642,0.0846,358.23767030409,1.9258000000000008,50.97,2,3,7,2,1,26,0.5909090909090909,0.5784074556823805
51-21-8,furin,O=c1[n-]cc(F)c(=O)[nH]1,0.834,0.7853,0.5241,0.4709,0.5783,0.1203,129.01057910391,-1.1686,64.03,1,2,0,1,1,9,0.0,0.4797284440768692
147526-32-7,furin,O=C([O-])C[C@H](O)C[C@H](O)/C=C/c1c(C2CC2)nc2ccccc2c1-c1ccc(F)cc1,0.6375,0.2402,0.1489,0.4556,0.3034,0.8857,420.16166001591006,3.1834000000000016,93.48,2,5,8,4,3,31,0.28,0.5838521269593075
7279-75-6,furin,CC[C@@H]([NH2+]C(C)C)[C@@H](O)c1ccc(O)c(O)c1,0.8717,0.4188,0.8924,0.7826,0.3423,0.2153,240.15941998409,0.8815999999999995,77.30000000000001,4,3,5,1,1,17,0.5384615384615384,0.5770398019235979
96036-03-2,furin,C[C@@H](O)[C@H]1C(=O)N2C(C(=O)[O-])=C(S[C@@H]3C[NH2+][C@H](C(=O)N(C)C)C3)[C@H](C)[C@H]12,0.4223,0.2775,0.1061,0.4674,0.5824,0.5421,383.15149190000005,-2.6688999999999936,117.59,2,6,5,3,0,26,0.7058823529411765,0.5002416120032133
220620-09-7,furin,CN(C)c1cc(NC(=O)C[NH2+]C(C)(C)C)c(O)c2c1C[C@H]1C[C@H]3[C@H](N(C)C)C([O-])=C(C(N)=O)C(=O)[C@@]3(O)C(O)=C1C2=O,0.3032,0.0665,0.086,0.0132,0.6345,0.8789,585.2798632079999,-1.7106999999999926,213.16999999999996,6,10,6,4,1,42,0.5172413793103449,0.1642298537967025
167221-71-8,furin,CCCC(=O)OCOC(=O)C1=C(C)NC(C)=C(C(=O)OC)[C@@H]1c1cccc(Cl)c1Cl,0.6894,0.2172,0.1959,0.5303,0.0816,0.2861,455.090242816,4.245200000000003,90.93,1,7,7,2,1,30,0.3809523809523809,0.4847733126082574
100299-08-9,furin,Cc1cccn2c(=O)c(-c3nnn[n-]3)cnc12,0.9778,0.9757,0.9415,0.9588,0.4279,0.3292,227.06868242391,-0.1878800000000005,87.14,0,6,1,3,3,17,0.1,0.5723537588411478
70288-86-7,furin,CC[C@@H](C)[C@H]1O[C@]2(CC[C@@H]1C)C[C@@H]1C[C@@H](C/C=C(\C)[C@@H](O[C@H]3C[C@H](OC)[C@@H](O[C@H]4C[C@H](OC)[C@@H](O)[C@H](C)O4)[C@H](C)O3)[C@@H](C)/C=C/C=C3\CO[C@@H]4[C@H](O)C(C)=C[C@@H](C(=O)O1)[C@]34O)O2,0.9906,0.5518,0.6433,0.9459,0.405,0.623,874.5078570480001,5.601400000000008,170.06,3,14,8,7,0,62,0.8125,0.2035245857212583
23651-95-8,furin,[NH3+][C@H](C(=O)[O-])[C@H](O)c1ccc(O)c(O)c1,0.9374,0.1256,0.9545,0.7922,0.7289,0.2894,213.063722452,-2.508399999999999,128.46,4,5,3,1,1,15,0.2222222222222222,0.4121284619755638
81131-70-6,furin,CC[C@H](C)C(=O)O[C@H]1C[C@H](O)C=C2C=C[C@H](C)[C@H](CC[C@@H](O)C[C@@H](O)CC(=O)[O-])[C@H]21,0.5262,0.0455,0.6189,0.2528,0.1742,0.3514,423.2388270399099,1.1056999999999997,127.12,3,7,10,2,0,30,0.7391304347826086,0.4491618061716244
141-90-2,furin,O=c1cc[nH]c(=S)[nH]1,0.0655,0.1623,0.3236,0.0292,0.8058,0.1626,128.004433748,0.43249,48.65,2,2,0,1,1,8,0.0,0.4977020817340039
405165-61-9,furin,[NH3+][C@@H]1CCCCN(c2c(F)cc3c(=O)c(C(=O)O)cn(C4CC4)c3c2Cl)C1,0.6108,0.626,0.9403,0.8283,0.1007,0.0394,394.13282388409,2.4278999999999993,90.18,2,4,3,4,2,27,0.4736842105263157,0.836095861138838
19387-91-8,furin,CCS(=O)(=O)CCn1c([N+](=O)[O-])cnc1C,0.1331,0.0251,0.0189,0.0304,0.8478,0.4688,247.062676896,0.5344200000000001,95.1,0,6,5,1,1,16,0.625,0.5584635043283493
26159-34-2,furin,COc1ccc2cc([C@H](C)C(=O)[O-])ccc2c1,0.2884,0.6718,0.1733,0.1214,0.4964,0.2297,229.08701785591,1.7018,49.36,0,3,3,2,2,17,0.2142857142857142,0.8044886100489643
19171-19-8,furin,Nc1cccc2c1C(=O)N([C@H]1CCC(=O)NC1=O)C2=O,0.6676,0.3694,0.2002,0.2434,0.632,0.8471,273.074955832,-0.3299999999999998,109.57,2,5,1,3,1,20,0.2307692307692307,0.5375391722332333
34552-83-5,furin,CN(C)C(=O)C(CC[N@H+]1CC[C@](O)(c2ccc(Cl)cc2)CC1)(c1ccccc1)c1ccccc1,0.7429,0.7698,0.18,0.4983,0.8107,0.8802,477.23033242809,3.670900000000004,44.98,2,2,7,4,3,34,0.3448275862068966,0.5450497541894281
103177-37-3,furin,O=C(Nc1cccc2c(=O)cc(-c3nnn[n-]3)oc12)c1ccc(OCCCCc2ccccc2)cc1,0.9742,0.9883,0.9319,0.9963,0.2654,0.6699,480.16772776391,4.256200000000003,121.31,1,7,9,5,5,36,0.1481481481481481,0.3107682317719643
60-56-0,furin,Cn1cc[nH]c1=S,0.992,0.9301,0.9645,0.997,0.9949,0.9756,114.025169192,1.08269,20.72,1,2,0,1,1,7,0.25,0.5004564356679512
52-01-7,furin,CC(=O)S[C@H]1CC2=CC(=O)CC[C@]2(C)[C@H]2CC[C@]3(C)[C@@H](CC[C@@]34CCC(=O)O4)[C@H]12,0.5395,0.5931,0.7647,0.8152,0.6906,0.7089,416.2021305039999,4.852300000000005,60.44,0,5,1,5,0,29,0.7916666666666666,0.5718459844204299
67-48-1,furin,C[N+](C)(C)CCO,0.7575,0.743,0.5863,0.6706,0.8128,0.381,104.10699048809,-0.3150999999999999,20.23,1,1,2,0,0,7,1.0,0.4761839314892425
55-06-1,furin,[NH3+][C@@H](Cc1cc(I)c(Oc2ccc([O-])c(I)c2)c(I)c1)C(=O)[O-],0.9009,0.9488,0.3217,0.9199,0.2799,0.5855,649.7827754119099,1.2692,100.06,1,4,5,2,2,23,0.1333333333333333,0.4936869834533862
23964-57-0,furin,CCC[NH2+][C@H](C)C(=O)Nc1c(C)csc1C(=O)OC,0.999,0.8285,0.963,0.7518,0.4763,0.6517,285.12673995209,1.14352,72.01,2,4,6,1,1,19,0.5384615384615384,0.7700234013623286
19767-45-4,furin,O=S(=O)([O-])CCS,0.2369,0.0175,0.2909,0.2499,0.2291,0.3905,140.96855959991,-0.5385999999999997,57.2,1,4,2,0,0,7,1.0,0.4148740150028595
7681-93-8,furin,C[C@@H]1C/C=C/C=C/C=C/C=C/[C@H](O[C@@H]2O[C@H](C)[C@@H](O)[C@H](N)[C@@H]2O)C[C@@H]2O[C@](O)(C[C@@H](O)C[C@H]3O[C@@H]3/C=C/C(=O)O1)C[C@H](O)[C@H]2C(=O)[O-],0.6143,0.9669,0.1627,0.691,0.0577,0.1658,664.2974641119099,-1.2149999999999952,233.81999999999996,6,14,3,4,0,47,0.6363636363636364,0.1534721998247157
51333-22-3,furin,CCC[C@H]1O[C@@H]2C[C@H]3[C@@H]4CCC5=CC(=O)C=C[C@]5(C)[C@H]4[C@@H](O)C[C@]3(C)[C@]2(C(=O)CO)O1,0.6544,0.4123,0.4074,0.3801,0.7375,0.8038,430.2355388079999,2.7168000000000014,93.06,2,6,4,5,0,31,0.76,0.7124527920741569
78110-38-0,furin,C[C@H]1[C@H](NC(=O)/C(=N\OC(C)(C)C(=O)[O-])c2csc(N)n2)C(=O)N1S(=O)(=O)[O-],0.0944,0.7637,0.811,0.3747,0.8651,0.7064,433.03730159982007,-2.8497999999999974,207.24,2,12,7,2,1,28,0.4615384615384615,0.1945331524296553
1156-19-0,furin,Cc1ccc(S(=O)(=O)[N-]C(=O)NN2CCCCCC2)cc1,0.3675,0.4949,0.1309,0.1739,0.2367,0.7334,310.12308607990997,2.558020000000001,80.58,1,4,3,2,1,21,0.5,0.9300469389911952
83-43-2,furin,C[C@H]1C[C@@H]2[C@H]([C@@H](O)C[C@@]3(C)[C@H]2CC[C@]3(O)C(=O)CO)[C@@]2(C)C=CC(=O)C=C12,0.242,0.1508,0.41,0.4924,0.127,0.5034,374.20932406,1.8036,94.83,3,5,2,4,0,27,0.7272727272727273,0.685142538776804
55-98-1,furin,CS(=O)(=O)OCCCCOS(C)(=O)=O,0.045,0.3868,0.2734,0.6387,0.3209,0.3535,246.023180168,-0.2809999999999997,86.74000000000001,0,6,7,0,0,14,1.0,0.453312740145793
127-69-5,furin,Cc1noc([N-]S(=O)(=O)c2ccc(N)cc2)c1C,0.344,0.1117,0.4007,0.3125,0.2207,0.4323,266.06048582391,2.26774,100.29,1,5,3,2,2,18,0.1818181818181818,0.8586254128001697
88889-14-9,furin,CCC(=O)O[C@H](O[P@@](=O)(CCCCc1ccccc1)CC(=O)N1C[C@H](C2CCCCC2)C[C@H]1C(=O)[O-])C(C)C,0.8453,0.7972,0.7201,0.9825,0.3506,0.6753,562.2939129899099,4.786600000000004,113.04,0,7,14,3,1,39,0.7,0.1387021303980434
138402-11-6,furin,CCCCC1=NC2(CCCC2)C(=O)N1Cc1ccc(-c2ccccc2-c2nnn[n-]2)cc1,0.1561,0.1754,0.8798,0.913,0.5372,0.5053,427.2251830639101,4.406500000000003,85.44,0,5,7,5,3,32,0.4,0.5575984027515636
159351-69-6,furin,CO[C@H]1C[C@@H]2CC[C@@H](C)[C@@](O)(O2)C(=O)C(=O)N2CCCC[C@H]2C(=O)O[C@H]([C@H](C)C[C@@H]2CC[C@@H](OCCO)[C@H](OC)C2)CC(=O)[C@H](C)/C=C(\C)[C@@H](O)[C@@H](OC)C(=O)[C@H](C)C[C@H](C)/C=C/C=C/C=C/1C,0.9747,0.6491,0.7466,0.9234,0.0307,0.5481,957.581356336,6.197200000000008,204.6599999999999,3,14,9,4,0,68,0.7547169811320755,0.1339238691413767
57-83-0,furin,CC(=O)[C@H]1CC[C@H]2[C@@H]3CCC4=CC(=O)CC[C@]4(C)[C@H]3CC[C@]12C,0.6001,0.6025,0.9425,0.6965,0.9411,0.789,314.2245802,4.723500000000005,34.14,0,2,1,4,0,23,0.8095238095238095,0.7013194281770768
55079-83-9,furin,COc1cc(C)c(/C=C/C(C)=C/C=C/C(C)=C/C(=O)[O-])c(C)c1C,0.7471,0.5239,0.4667,0.4317,0.926,0.4756,325.18091823991006,3.832360000000003,49.36,0,3,6,1,1,24,0.2857142857142857,0.5897491967203508
5451-09-2,furin,[NH3+]CC(=O)CCC(=O)[O-],0.7178,0.4809,0.9376,0.8762,0.148,0.1169,131.058243148,-2.672499999999999,84.84,1,3,4,0,0,9,0.6,0.4511127524795085
645-05-6,furin,CN(C)c1nc(N(C)C)[nH+]c(N(C)C)n1,0.9905,0.9657,0.9707,0.9768,0.0095,0.0102,211.16657102809,-0.5112999999999992,49.64000000000001,0,5,3,1,1,15,0.6666666666666666,0.6736853594290231
91832-40-5,furin,C=CC1=C(C(=O)[O-])N2C(=O)[C@@H](NC(=O)/C(=N\O)c3csc(N)n3)[C@H]2SC1,0.649,0.6429,0.019,0.1978,0.7955,0.5586,394.0285340639101,-1.5064999999999988,161.04000000000002,3,10,5,3,1,26,0.2142857142857142,0.2350719555253545
2668-66-8,furin,CC(=O)[C@H]1CC[C@H]2[C@@H]3C[C@H](C)C4=CC(=O)CC[C@]4(C)[C@H]3[C@@H](O)C[C@]12C,0.7679,0.8515,0.9056,0.7809,0.8624,0.9117,344.23514488399996,3.9403000000000032,54.370000000000005,1,3,1,4,0,25,0.8181818181818182,0.7837023582235211
153559-49-0,furin,C=C(c1ccc(C(=O)[O-])cc1)c1cc2c(cc1C)C(C)(C)CCC2(C)C,0.7148,0.7022,0.9547,0.8365,0.3566,0.9584,347.20165368391,4.769020000000005,40.129999999999995,0,2,3,3,2,26,0.375,0.802266996072772
603-50-9,furin,CC(=O)Oc1ccc(C(c2ccc(OC(C)=O)cc2)c2ccccn2)cc1,0.9756,0.9511,0.9897,0.9084,0.193,0.3085,361.13140808800006,4.112400000000003,65.49000000000001,0,5,5,3,3,27,0.1363636363636363,0.5053017377899989
69388-84-7,furin,CC1(C)[C@H](C(=O)[O-])N2C(=O)C[C@H]2S1(=O)=O,0.0149,0.0274,0.1172,0.2805,0.6194,0.9037,232.02851699991,-2.129699999999998,94.57999999999998,0,5,1,2,0,15,0.75,0.4812035402653332
159811-51-5,furin,CC(=O)[C@@]1(O)CC[C@H]2[C@@H]3CCC4=CC(=O)CCC4=C3[C@@H](c3ccc(N(C)C)cc3)C[C@@]21C,0.4866,0.5772,0.3969,0.5029,0.5426,0.6924,433.26169398,4.972200000000005,57.61,1,4,3,5,1,32,0.5714285714285714,0.7310140206327828
638-94-8,furin,CC1(C)O[C@@H]2C[C@H]3[C@@H]4CCC5=CC(=O)C=C[C@]5(C)[C@H]4[C@@H](O)C[C@]3(C)[C@]2(C(=O)CO)O1,0.8712,0.6271,0.5467,0.1288,0.1163,0.7609,416.2198887439999,2.326700000000001,93.06,2,6,2,5,0,30,0.75,0.7177493123306525
211915-06-9,furin,CCCCCCOC(=O)N/N=C/c1ccc(NCc2nc3cc(C(=O)N(CCC(=O)OCC)c4ccccn4)ccc3n2C)cc1,0.8705,0.7116,0.0395,0.11,0.3823,0.6702,627.316917412,5.8208000000000055,140.04000000000002,2,10,16,4,4,46,0.3529411764705882,0.0685545268961589
1177-87-3,furin,CC(=O)OCC(=O)[C@@]1(O)[C@H](C)C[C@H]2[C@@H]3CCC4=CC(=O)C=C[C@]4(C)[C@@]3(F)[C@@H](O)C[C@@]21C,0.7317,0.9399,0.1169,0.3135,0.3453,0.8079,434.210466932,2.466500000000001,100.90000000000002,2,6,3,4,0,31,0.7083333333333334,0.6621165611785135
1115-70-4,furin,CN(C)C(=[NH2+])N=C(N)N,0.7625,0.9893,0.8516,0.9561,0.5966,0.2273,130.10872180408998,-3.0634999999999986,93.23,3,0,0,0,0,9,0.5,0.2398790210468143
144689-63-4,furin,CCCCc1nc(C(C)(C)O)c(C(=O)OCc2oc(=O)oc2C)n1Cc1ccc(-c2ccccc2-c2nnn[n-]2)cc1,0.8992,0.9681,0.0371,0.0217,0.1032,0.6192,571.23105629191,4.189220000000003,160.47,1,11,11,5,5,42,0.3333333333333333,0.226370533291164
882-09-7,furin,CC(C)(Oc1ccc(Cl)cc1)C(=O)[O-],0.0756,0.031,0.1789,0.276,0.1054,0.0784,213.03239543991,1.2472999999999996,49.36,0,3,3,1,1,14,0.3,0.759418501076922
139481-59-7,furin,CCOc1[nH+]c2cccc(C(=O)[O-])c2n1Cc1ccc(-c2ccccc2-c2nnn[n-]2)cc1,0.9076,0.9415,0.5758,0.9411,0.42,0.9219,439.15241204791016,1.7420999999999995,121.20000000000002,0,7,7,5,5,33,0.125,0.3785918282968155
723-46-6,furin,Cc1cc([N-]S(=O)(=O)c2ccc(N)cc2)no1,0.4981,0.2497,0.564,0.3684,0.4687,0.4645,252.04483575991,1.95932,100.29,1,5,3,2,2,17,0.1,0.8412922689957015
57-66-9,furin,CCCN(CCC)S(=O)(=O)c1ccc(C(=O)[O-])cc1,0.0625,0.3054,0.9158,0.8652,0.3083,0.7937,284.09620263591,0.8607999999999998,77.51,0,4,7,1,1,19,0.4615384615384615,0.7437635043017546
1069-66-5,furin,CCCC(CCC)C(=O)[O-],0.9317,0.9242,0.1753,0.4677,0.2171,0.6881,143.10775329991,0.9527,40.129999999999995,0,2,5,0,0,10,0.875,0.574585486305641
15307-79-6,furin,O=C([O-])Cc1ccccc1Nc1c(Cl)cccc1Cl,0.025,0.015,0.4254,0.1934,0.472,0.7389,294.00940749990997,3.0294,52.16,1,3,4,2,2,19,0.0714285714285714,0.9429164250092252
60-32-2,furin,[NH3+]CCCCCC(=O)[O-],0.1418,0.0454,0.7231,0.8947,0.3652,0.1573,131.094628656,-1.4613999999999996,67.77,1,2,5,0,0,9,0.8333333333333334,0.4631442052192749
13647-35-3,furin,C[C@]12CC[C@H]3[C@@H](CC[C@@]45O[C@@H]4C(=O)[C@@H](C#N)C[C@]35C)[C@@H]1CC[C@@H]2O,0.6221,0.8534,0.1777,0.21,0.5227,0.3303,329.199093724,2.8400800000000017,73.62,1,4,0,5,0,24,0.9,0.6935956697601692
29094-61-9,furin,Cc1cnc(C(=O)NCCc2ccc(S(=O)(=O)NC(=O)NC3CCCCC3)cc2)cn1,0.2029,0.3287,0.9792,0.925,0.7305,0.3633,445.1783753440001,2.0781199999999993,130.14999999999998,3,6,7,3,2,31,0.4285714285714285,0.5981616815314104
98319-26-7,furin,CC(C)(C)NC(=O)[C@H]1CC[C@H]2[C@@H]3CC[C@H]4NC(=O)C=C[C@]4(C)[C@H]3CC[C@]12C,0.9962,0.9812,0.5576,0.7241,0.5511,0.9323,372.277678392,3.8145000000000024,58.2,2,2,1,4,0,27,0.8260869565217391,0.7351466700288802
23593-75-1,furin,Clc1ccccc1C(c1ccccc1)(c1ccccc1)n1cc[nH+]c1,0.6571,0.3526,0.9782,0.4988,0.7641,0.8164,345.11530267609004,4.795800000000004,19.07,0,1,4,4,4,25,0.0454545454545454,0.473363812052741
1508-76-5,furin,O[C@@](CC[NH+]1CCCC1)(c1ccccc1)C1CCCCC1,0.9139,0.771,0.1932,0.1342,0.7493,0.4163,288.23219100009,2.5233000000000008,24.67,2,1,5,3,1,21,0.6842105263157895,0.8548548283419678
6080-58-6,furin,O=C([O-])CC(O)(CC(=O)[O-])C(=O)[O-],0.2673,0.9009,0.532,0.2273,0.6111,0.7098,189.00517323973003,-5.252599999999999,140.62,1,7,5,0,0,13,0.5,0.4549040185598899
68-35-9,furin,Nc1ccc(S(=O)(=O)[N-]c2ncccn2)cc1,0.3317,0.1163,0.9395,0.5399,0.0315,0.3063,249.04517010791,1.4529,100.04,1,5,3,2,2,17,0.0,0.8296184522843686
23674-86-4,furin,CCCC(=O)O[C@]1(C(=O)COC(C)=O)CC[C@H]2[C@@H]3C[C@H](F)C4=CC(=O)C=C[C@]4(C)[C@@]3(F)[C@@H](O)C[C@@]21C,0.7867,0.7379,0.3165,0.4387,0.0176,0.066,508.227259868,3.5195000000000025,106.97,1,7,6,4,0,36,0.7037037037037037,0.5473104243510836
1953-02-2,furin,C[C@@H](S)C(=O)NCC(=O)[O-],0.0751,0.0172,0.1016,0.0243,0.3325,0.7808,162.02303769591,-1.8291999999999993,69.23,2,4,3,0,0,10,0.6,0.4795672584018238
356-12-7,furin,CC(=O)OCC(=O)[C@@]12OC(C)(C)O[C@@H]1C[C@H]1[C@@H]3C[C@H](F)C4=CC(=O)C=C[C@]4(C)[C@@]3(F)[C@@H](O)C[C@@]12C,0.3606,0.3936,0.319,0.5636,0.8307,0.3511,494.211609804,2.9376000000000015,99.13,1,7,3,5,0,35,0.7307692307692307,0.6025729235661365
624-49-7,furin,COC(=O)/C=C/C(=O)OC,0.9748,0.7155,0.3106,0.5435,0.784,0.4439,144.042258736,-0.1114000000000001,52.60000000000001,0,4,2,0,0,10,0.3333333333333333,0.4004770226950069
651-06-9,furin,COc1cnc([N-]S(=O)(=O)c2ccc(N)cc2)nc1,0.076,0.1992,0.6073,0.3486,0.0796,0.2961,279.05573479191,1.4615,109.27,1,6,4,2,2,19,0.0909090909090909,0.8483602789887748
127-56-0,furin,CC(=O)[N-]S(=O)(=O)c1ccc(N)cc1,0.6323,0.4343,0.817,0.8257,0.9812,0.9407,213.03393672791,0.8777000000000003,91.33,1,4,2,1,1,14,0.125,0.7378797374208954
144-83-2,furin,Nc1ccc(S(=O)(=O)/N=c2/cccc[nH]2)cc1,0.7036,0.5227,0.6404,0.3786,0.2094,0.2562,249.057197592,0.8865,88.31,2,3,2,2,2,17,0.0,0.7744571978975259
127-79-7,furin,Cc1ccnc([N-]S(=O)(=O)c2ccc(N)cc2)n1,0.3406,0.7071,0.4453,0.3721,0.2188,0.0978,263.06082017191,1.76132,100.04,1,5,3,2,2,18,0.0909090909090909,0.8502572532153353
149647-78-9,furin,O=C(CCCCCCC(=O)Nc1ccccc1)NO,0.3374,0.7826,0.0872,0.4374,0.4743,0.2422,264.1473925,2.4711,78.43,3,3,8,1,1,19,0.4285714285714285,0.3832200999836573
144-82-1,furin,Cc1nnc([N-]S(=O)(=O)c2ccc(N)cc2)s1,0.9783,0.7853,0.9711,0.4969,0.0456,0.146,269.01724110791,1.82282,100.04,1,6,3,2,2,17,0.1111111111111111,0.8564948085701725
595-33-5,furin,CC(=O)O[C@]1(C(C)=O)CC[C@H]2[C@@H]3C=C(C)C4=CC(=O)CC[C@]4(C)[C@H]3CC[C@@]21C,0.2015,0.3423,0.629,0.9819,0.634,0.7169,384.230059504,4.575300000000005,60.440000000000005,0,4,2,4,0,28,0.7083333333333334,0.6541950145872741
19356-17-3,furin,C=C1CC[C@@H](O)C/C1=C/C=C1\CCC[C@]2(C)[C@@H]([C@H](C)CCCC(C)(C)O)CC[C@@H]12,0.4447,0.4907,0.4764,0.5578,0.0087,0.1588,400.334130648,6.733900000000008,40.46,2,2,6,3,0,29,0.7777777777777778,0.5184686039927527
67392-87-4,furin,C[C@]12CCC(=O)C=C1[C@@H]1C[C@@H]1[C@H]1[C@@H]3[C@@H]4C[C@@H]4[C@@]4(CCC(=O)O4)[C@@]3(C)CC[C@@H]12,0.931,0.9392,0.753,0.603,0.7816,0.8493,366.21949482,4.305900000000004,43.370000000000005,0,3,0,7,0,27,0.8333333333333334,0.6002668837960434
80474-14-2,furin,CCC(=O)O[C@]1(C(=O)SCF)[C@H](C)C[C@H]2[C@@H]3C[C@H](F)C4=CC(=O)C=C[C@]4(C)[C@@]3(F)[C@@H](O)C[C@@]21C,0.967,0.4528,0.448,0.3533,0.6846,0.927,500.184429752,4.430000000000004,80.67,1,6,4,4,0,34,0.72,0.5755860893833779
71-58-9,furin,CC(=O)O[C@]1(C(C)=O)CC[C@H]2[C@@H]3C[C@H](C)C4=CC(=O)CC[C@]4(C)[C@H]3CC[C@@]21C,0.1048,0.3794,0.0083,0.1015,0.839,0.2959,386.245709568,4.655200000000004,60.440000000000005,0,4,2,4,0,28,0.7916666666666666,0.6479725905950843
2447-57-6,furin,COc1nc[nH]/c(=N\S(=O)(=O)c2ccc(N)cc2)c1OC,0.1772,0.3437,0.2611,0.3223,0.3527,0.0629,310.07357592799997,0.2986999999999998,119.66,2,6,4,2,2,21,0.1666666666666666,0.7836543381773021
635728-49-3,furin,CC(C)CN(C[C@@H](O)[C@H](Cc1ccccc1)NC(=O)O[C@H]1CO[C@H]2OCC[C@H]21)S(=O)(=O)c1ccc(N)cc1,0.9832,0.8517,0.9696,0.958,0.1523,0.1861,547.2352215239999,2.3753,140.42000000000002,3,8,11,4,2,38,0.5185185185185185,0.3644231166724813
101152-94-7,furin,CCN(CC)C(=O)[C@]1(c2ccccc2)C[C@@H]1C[NH3+],0.478,0.4622,0.7046,0.7102,0.9728,0.8065,247.18048977609,1.0545999999999998,47.95,1,1,5,2,1,18,0.5333333333333333,0.8305689644138936
124937-52-6,furin,Cc1ccc(O)c([C@H](CC[NH+](C(C)C)C(C)C)c2ccccc2)c1,0.7139,0.8448,0.8015,0.9587,0.265,0.0083,326.24784106409,3.9243200000000025,24.67,2,1,7,2,2,24,0.4545454545454545,0.7917008728090155
113852-37-2,furin,Nc1ccn(C[C@@H](CO)OCP(=O)([O-])[O-])c(=O)n1,0.1655,0.1465,0.3825,0.3344,0.6958,0.0902,277.04746889382005,-2.925799999999999,153.56,2,9,6,1,1,18,0.5,0.5237483929827751
51481-61-9,furin,CN/C(=N\C#N)NCCSCc1nc[nH]c1C,0.7854,0.759,0.8795,0.8399,0.3487,0.0321,252.115715512,0.5973999999999997,88.88999999999999,3,4,5,1,1,17,0.5,0.3089087233413526
177036-94-1,furin,COC(c1ccccc1)(c1ccccc1)[C@H](Oc1nc(C)cc(C)n1)C(=O)[O-],0.327,0.7562,0.5253,0.5628,0.6697,0.8308,377.15068073191,2.1809399999999997,84.37,0,6,7,3,3,28,0.2272727272727272,0.6274711222776642
80-50-2,furin,CCCC(CCC)C(=O)O[C@H]1C[C@H]2CC[C@@H](C1)[N+]2(C)C,0.4155,0.0461,0.0548,0.0558,0.0396,0.766,282.24275568409,3.5158000000000023,26.3,0,2,6,2,0,20,0.9411764705882352,0.5502340470711022
434-13-9,furin,C[C@H](CCC(=O)[O-])[C@H]1CC[C@H]2[C@@H]3CC[C@@H]4C[C@H](O)CC[C@]4(C)[C@H]3CC[C@]12C,0.2642,0.1648,0.9882,0.9981,0.6408,0.9693,375.2904686879101,4.172400000000003,60.36,1,3,4,4,0,27,0.9583333333333334,0.801973405237115
637-58-1,furin,CCCCOc1ccc(OCCCN2CCOCC2)cc1,0.7054,0.8179,0.9865,0.9978,0.9946,0.9287,293.199093724,2.9666000000000015,30.930000000000003,0,4,9,2,1,21,0.6470588235294118,0.6550248398751946
107724-20-9,furin,COC(=O)[C@@H]1CC2=CC(=O)CC[C@]2(C)[C@@]23O[C@@H]2C[C@@]2(C)[C@@H](CC[C@@]24CCC(=O)O4)[C@H]13,0.0863,0.4563,0.8174,0.9647,0.6063,0.3724,414.20423867999995,3.124500000000002,82.2,0,6,1,6,0,30,0.7916666666666666,0.4843337144772066
137862-53-4,furin,CCCCC(=O)N(Cc1ccc(-c2ccccc2-c2nnn[n-]2)cc1)[C@H](C(=O)[O-])C(C)C,0.9844,0.4011,0.8865,0.7892,0.2175,0.2543,433.21248688382,2.4561,113.21,0,6,10,3,3,32,0.375,0.4824346806313306
302-79-4,furin,CC1=C(/C=C/C(C)=C/C=C/C(C)=C/C(=O)[O-])C(C)(C)CCC1,0.735,0.9909,0.337,0.7233,0.0774,0.3106,299.20165368391,4.267900000000004,40.129999999999995,0,2,5,1,0,22,0.45,0.5616544918724433
71963-77-4,furin,CO[C@H]1O[C@@H]2O[C@@]3(C)CC[C@H]4[C@H](C)CC[C@@H]([C@H]1C)[C@@]24OO3,0.999,0.9851,0.9986,0.999,0.7102,0.8353,298.178023932,2.8408000000000015,46.150000000000006,0,5,1,5,0,21,1.0,0.6966147525766675
19774-82-4,furin,CCCCc1oc2ccccc2c1C(=O)c1cc(I)c(OCCN(CC)CC)c(I)c1,0.7299,0.7157,0.4946,0.6896,0.0667,0.2007,645.0236897880001,6.936200000000007,42.68,0,4,11,3,3,31,0.4,0.1676472462674973
145040-37-5,furin,CCOc1nc2cccc(C(=O)O[C@@H](C)OC(=O)OC3CCCCC3)c2n1Cc1ccc(-c2ccccc2-c2nnn[n-]2)cc1,0.7494,0.8276,0.9964,0.998,0.7706,0.4167,609.24670635591,5.948200000000007,141.65,0,11,10,6,5,45,0.3333333333333333,0.1369498953302411
173334-58-2,furin,COCCCOc1cc(C[C@@H](C[C@H](N)[C@@H](O)C[C@H](C(=O)NCC(C)(C)C(N)=O)C(C)C)C(C)C)ccc1OC,0.9608,0.999,0.7799,0.9508,0.1267,0.2306,551.393436416,3.2935000000000043,146.13,4,7,19,1,1,39,0.7333333333333333,0.1929941025707706
80621-81-4,furin,CO[C@@H]1/C=C\O[C@]2(C)Oc3c(C)c([O-])c4c(O)c(c5c(nc6cc(C)ccn65)c4c3C2=O)NC(=O)/C(C)=C\C=C/[C@@H](C)[C@@H](O)[C@@H](C)[C@@H](O)[C@@H](C)[C@@H](OC(C)=O)[C@@H]1C,0.9062,0.7285,0.8494,0.7792,0.6481,0.2143,784.3450829999101,5.525840000000006,201.20999999999995,4,13,2,6,4,57,0.4418604651162791,0.146665127943793
119302-91-9,furin,C=CC[N+]1([C@H]2C[C@H]3[C@@H]4CC[C@H]5C[C@H](O)[C@@H](N6CCOCC6)C[C@]5(C)[C@H]4CC[C@]3(C)[C@H]2OC(C)=O)CCCC1,0.9577,0.7317,0.953,0.9972,0.1502,0.0751,529.3999845960899,4.407500000000003,59.00000000000001,1,5,5,6,0,38,0.90625,0.3249028216616177
1070-11-7,furin,CC[C@H](CO)[NH2+]CC[NH2+][C@H](CC)CO,0.3169,0.4002,0.1628,0.2295,0.0411,0.0717,206.19833091218,-2.344999999999996,73.68,4,2,9,0,0,14,1.0,0.3191108215768834
50-55-5,furin,COC(=O)[C@H]1[C@H]2C[C@@H]3c4[nH]c5cc(OC)ccc5c4CCN3C[C@H]2C[C@@H](OC(=O)c2cc(OC)c(OC)c(OC)c2)[C@@H]1OC,0.9659,0.8532,0.5053,0.2124,0.0093,0.5004,608.27338086,4.171100000000004,117.78000000000004,1,10,8,6,3,44,0.5151515151515151,0.3735666920618681
22260-51-1,furin,CC(C)C[C@H]1C(=O)N2CCC[C@H]2[C@]2([O-])O[C@](NC(=O)[C@@H]3C=C4c5cccc6[nH]c(Br)c(c56)C[C@H]4N(C)C3)(C(C)C)C(=O)N12,0.6367,0.6085,0.1696,0.1113,0.3163,0.2341,652.21400502791,2.5608000000000013,121.04,2,6,5,7,2,43,0.59375,0.5122926451509549
541-22-0,furin,C[N+](C)(C)CCCCCCCCCC[N+](C)(C)C,0.1123,0.0407,0.5818,0.7867,0.5765,0.0962,258.30240205618,3.5196000000000023,0.0,0,0,11,0,0,18,1.0,0.3928381196087114
865-21-4,furin,CC[C@]1(O)C[C@@H]2CN(CCc3c([nH]c4ccccc34)[C@@](C(=O)OC)(c3cc4c(cc3OC)N(C)[C@H]3[C@@](O)(C(=O)OC)[C@H](OC(C)=O)[C@]5(CC)C=CCN6CC[C@]43[C@@H]65)C2)C1,0.9501,0.9674,0.7378,0.9805,0.7778,0.3665,810.420379436,3.990900000000003,154.10000000000002,3,12,7,9,3,59,0.5869565217391305,0.179801053533736
52-21-1,furin,CC(=O)OCC(=O)[C@@]1(O)CC[C@H]2[C@@H]3CCC4=CC(=O)C=C[C@]4(C)[C@H]3[C@@H](O)C[C@@]21C,0.9905,0.999,0.7467,0.7559,0.7625,0.7957,402.20423868,2.1284,100.90000000000002,2,6,3,4,0,29,0.6956521739130435,0.7016123362777874
83905-01-5,furin,CC[C@H]1OC(=O)[C@H](C)[C@@H](O[C@H]2C[C@@](C)(OC)[C@@H](O)[C@H](C)O2)[C@H](C)[C@@H](O[C@@H]2O[C@H](C)C[C@H](N(C)C)[C@H]2O)[C@](C)(O)C[C@@H](C)C[N@@H+](C)[C@H](C)[C@@H](O)[C@]1(C)O,0.9741,0.9754,0.9111,0.9365,0.8013,0.7236,749.51580219609,0.4836000000000089,181.28,6,13,7,3,0,52,0.9736842105263158,0.1982809197223551
72559-06-9,furin,CO[C@H]1/C=C\O[C@@]2(C)Oc3c(C)c([O-])c4c(c3C2=O)C2=NC3(CCN(CC(C)C)CC3)NC2=C(NC(=O)/C(C)=C\C=C/[C@H](C)[C@H](O)[C@@H](C)[C@@H](O)[C@@H](C)[C@H](OC(C)=O)[C@@H]1C)C4=O,0.9961,0.9927,0.6308,0.151,0.9014,0.1361,845.4342323519102,3.983720000000003,208.3799999999999,4,14,4,6,1,61,0.5869565217391305,0.3169310497615251
1476-53-5,furin,CO[C@@H]1[C@H](OC(N)=O)[C@@H](O)[C@H](Oc2ccc3c([O-])c(NC(=O)c4ccc([O-])c(CC=C(C)C)c4)c(=O)oc3c2C)OC1(C)C,0.3672,0.8947,0.0708,0.2585,0.5356,0.733,610.21735706782,2.363119999999999,205.67,3,11,8,4,3,44,0.3870967741935484,0.2492352555368436
297-76-7,furin,C#C[C@]1(OC(C)=O)CC[C@H]2[C@@H]3CCC4=C[C@@H](OC(C)=O)CC[C@@H]4[C@H]3CC[C@@]21C,0.9669,0.7815,0.9079,0.9977,0.4074,0.6269,384.230059504,4.425900000000004,52.6,0,4,2,4,0,28,0.75,0.4015627733780324
5593-20-4,furin,CCC(=O)OCC(=O)[C@@]1(OC(=O)CC)[C@@H](C)C[C@H]2[C@@H]3CCC4=CC(=O)C=C[C@]4(C)[C@@]3(F)[C@@H](O)C[C@@]21C,0.9934,0.999,0.9462,0.983,0.6547,0.8516,504.252331744,3.8175000000000026,106.97,1,7,6,4,0,36,0.7142857142857143,0.5482119854331166
64-77-7,furin,CCCCNC(=O)[N-]S(=O)(=O)c1ccc(C)cc1,0.1193,0.3445,0.5499,0.5013,0.5728,0.826,269.09653698391,2.567120000000001,77.34,1,3,5,1,1,18,0.4166666666666667,0.8343820026665795
