compound_id,exact_mol_wt,logp,tpsa,hbd,hba,formal_charge,rotatable_bonds,ring_count,aromatic_ring_count,heavy_atom_count,fraction_csp3,structural_alert_count,qed
1004316-88-4,775.354959796,6.000700000000006,138.02,3,10,0,19,5,4,54,0.475,0,0.10557201660303792
100643-71-8,311.13095274009,2.9927,29.5,1,1,1,0,4,2,22,0.3157894736842105,0,0.7961111285945959
101-26-8,181.09715407609,0.5714999999999999,33.42,0,2,1,1,1,1,13,0.3333333333333333,1,0.5934152756520555
101477-54-7,469.22972571209,3.4807000000000023,35.370000000000005,1,4,1,8,4,3,34,0.3333333333333333,0,0.5481209592239867
101827-46-7,318.22162631609,4.352200000000004,4.44,1,0,1,4,3,3,24,0.30434782608695654,0,0.7291742768719393
103-16-2,200.083729624,2.9712000000000014,29.46,1,2,0,3,2,2,15,0.07692307692307693,0,0.8248951292816564
103177-37-3,480.16772776390997,4.256200000000003,121.31,1,7,-1,9,5,5,36,0.14814814814814814,1,0.31076823177196433
10405-02-4,392.22202024009,3.769700000000003,46.53,1,3,1,4,5,2,29,0.48,2,0.6364424954881173
1041434-82-5,328.21105537600005,-3.2937999999999956,153.1,5,4,0,7,1,0,23,0.8,2,0.2437291823447372
104227-87-4,321.143704088,0.5409999999999998,122.22,1,9,0,7,2,2,23,0.5,1,0.733115342152729
104632-26-0,212.12159499608998,0.5559999999999997,55.519999999999996,2,3,1,3,2,1,14,0.7,0,0.768823068251017
105462-24-6,280.98652204782,-1.6384000000000003,153.84,3,6,-2,4,1,1,17,0.2857142857142857,1,0.55502384083489
105816-04-4,316.19181727191,1.9261999999999995,69.23,1,3,-1,6,2,1,23,0.5789473684210527,0,0.8715900836005785
106266-06-2,411.21908077609,2.1733199999999995,65.36,1,5,1,4,5,3,30,0.5217391304347826,0,0.7147719188223012
106308-44-5,238.066617316,0.7035000000000001,73.80000000000001,1,4,0,3,2,2,17,0.1,0,0.8549954528788274
106685-40-9,411.19656830391006,5.346700000000005,49.36,0,3,-1,4,7,3,31,0.39285714285714285,0,0.5816891229939615
1069-66-5,143.10775329991,0.9526999999999999,40.129999999999995,0,2,-1,5,0,0,10,0.875,0,0.574585486305641
107-35-7,125.014664084,-2.226499999999999,84.84,1,3,0,2,0,0,7,1.0,1,0.423819451722316
1070-11-7,206.19833091217998,-2.3449999999999958,73.68,4,2,2,9,0,0,14,1.0,1,0.3191108215768834
107133-36-8,368.23112212399997,-0.4202999999999959,103.35000000000001,1,5,0,8,2,0,26,0.8421052631578947,1,0.5862362295041313
107724-20-9,414.20423867999995,3.124500000000002,82.2,0,6,0,1,6,0,30,0.7916666666666666,2,0.4843337144772066
108341-18-0,170.08116966409,-0.6268999999999996,88.33000000000001,4,3,1,2,1,1,12,0.25,1,0.44560256429670625
1104-22-9,391.19355299609,4.138520000000003,7.680000000000001,1,1,1,5,4,3,28,0.28,0,0.686435756384251
111025-46-8,356.1194635,3.159600000000001,68.28999999999999,1,5,0,7,3,2,25,0.3157894736842105,0,0.8252539098127764
111406-87-2,236.061948624,2.7321999999999997,66.56,2,3,0,2,2,2,16,0.18181818181818182,2,0.621567647628534
1115-70-4,130.10872180408998,-3.0634999999999986,93.22999999999999,3,0,1,0,0,0,9,0.5,2,0.2398790210468143
111974-72-2,384.17402449209,1.4389000000000007,49.5,2,5,1,5,4,2,27,0.38095238095238093,1,0.7662836675576759
112529-15-4,356.1194635,3.159600000000001,68.28999999999999,1,5,0,7,3,2,25,0.3157894736842105,0,0.8252539098127764
112809-51-5,285.101445352,2.65916,78.29,0,5,0,3,3,3,22,0.058823529411764705,0,0.7407442417149674
112885-42-4,422.1641240120899,1.6737,78.02,3,4,1,7,3,2,29,0.38095238095238093,1,0.593107429503337
113-59-7,316.09212470809,3.770900000000002,4.44,1,1,1,3,3,2,21,0.2222222222222222,0,0.7704134470229285
113-92-8,275.13095274009,2.4015000000000004,17.330000000000002,1,1,1,5,2,2,19,0.3125,0,0.8869527929991254
113852-37-2,277.04746889382005,-2.925799999999999,153.56,2,9,-2,6,1,1,18,0.5,1,0.5237483929827751
115256-11-6,442.14648941608993,0.5658000000000025,106.00999999999999,3,5,1,11,2,2,29,0.3684210526315789,0,0.4717304836678942
1156-19-0,310.12308607990997,2.558020000000001,80.58,1,4,-1,3,2,1,21,0.5,0,0.9300469389911951
117-37-3,251.07136779191,2.1201,49.36,0,3,-1,2,3,2,19,0.0625,0,0.8210379974881952
118072-93-8,269.98177101582,-3.5922999999999985,162.85,2,7,-2,4,1,1,16,0.4,1,0.5334960302161211
119413-54-6,422.17104728809,0.4297000000000003,106.09,3,7,1,3,5,3,31,0.34782608695652173,1,0.41369371542515115
1195765-45-7,519.1010515400001,5.364900000000003,110.86,2,7,0,5,4,4,35,0.17391304347826086,0,0.3670492157866047
120-97-8,303.91460403199994,0.2882000000000006,120.32,2,4,0,2,1,1,16,0.0,0,0.8152117113429302
120011-70-3,380.22202024009,2.944000000000001,39.97,1,3,1,6,4,2,28,0.4583333333333333,0,0.8376496993211402
120202-66-6,321.059027432,3.6739000000000024,29.54,0,4,0,3,3,2,21,0.3125,1,0.807761185070717
120511-73-1,293.16404560800004,2.9287600000000014,78.28999999999999,0,5,0,4,2,2,22,0.4117647058823529,0,0.8678513137549794
122111-03-9,263.071762272,-1.2886,110.60000000000001,3,7,0,2,2,1,18,0.5555555555555556,0,0.6120873727300362
122320-73-4,358.12198892009,1.91,72.78,1,5,1,7,3,2,25,0.2777777777777778,0,0.8184970167086859
122647-32-9,385.25194046408996,2.746900000000001,70.84,3,3,1,14,1,1,26,0.7,1,0.4313371447281132
122883-93-6,413.11973642409004,2.3918999999999997,49.67,2,4,1,4,5,3,28,0.3333333333333333,0,0.6901284265045128
1247-42-3,372.1936739959999,2.0118000000000005,91.67,2,5,0,2,4,0,27,0.6818181818181818,0,0.7736478932798779
124750-99-8,421.1549105839101,3.895900000000003,90.82,1,6,-1,8,4,4,30,0.2727272727272727,0,0.46368275594678277
124937-52-6,326.24784106409,3.9243200000000025,24.67,2,1,1,7,2,2,24,0.45454545454545453,0,0.7917008728090155
125-84-8,232.121177752,1.3532,72.19,2,3,0,2,2,1,17,0.38461538461538464,2,0.5969362176118971
1263-89-4,617.3108540241799,-10.295300000000017,350.56,13,17,2,9,4,0,42,1.0,0,0.11408804521757797
1264-62-6,861.5085853200001,2.6798000000000073,226.27999999999997,4,17,0,12,3,0,60,0.9069767441860465,2,0.16346044563458165
127-07-1,76.027277368,-0.9561000000000002,75.35000000000001,3,2,0,0,0,0,5,0.0,2,0.25664360627911675
127-56-0,214.04121318,0.0935999999999998,89.26,2,4,0,2,1,1,14,0.125,1,0.6828174314400922
127-79-7,263.06082017191,1.76132,100.04,1,5,-1,3,2,2,18,0.09090909090909091,1,0.8502572532153353
128794-94-5,433.210052332,2.52402,94.53000000000002,1,8,0,9,3,1,31,0.5652173913043478,2,0.46901748000616883
129101-54-8,251.17540439609,1.3425999999999998,33.980000000000004,1,2,1,4,1,1,18,0.5,0,0.8760387512276021
129497-78-5,718.300264304,4.803640000000004,177.64,2,9,0,9,6,3,53,0.3170731707317073,2,0.23233143214166055
129722-12-9,448.15530891609,3.4422000000000015,46.010000000000005,2,3,1,7,4,2,30,0.43478260869565216,1,0.6371429373754213
130-61-0,371.16101728409006,4.468500000000003,7.680000000000001,1,3,1,4,4,2,25,0.42857142857142855,1,0.7938465964656601
13010-47-4,233.093104432,2.2509000000000006,61.77,1,3,0,4,1,0,15,0.8888888888888888,3,0.4599613459771248
132-17-2,308.20089087209,3.000700000000002,13.670000000000002,1,1,1,4,4,2,23,0.42857142857142855,0,0.9165416893676455
132-18-3,282.18524080809,2.4697000000000005,13.670000000000002,1,1,1,4,3,2,21,0.3684210526315789,0,0.9093229611516463
132539-06-1,313.14814409209,2.0221200000000006,32.07,2,4,1,0,4,2,22,0.35294117647058826,0,0.7798006808123278
13292-46-1,821.3978468439102,1.6543200000000045,227.00999999999996,5,14,-1,4,6,2,59,0.5348837209302325,3,0.16831304860205454
133-67-5,378.902180776,0.8210000000000004,118.35999999999999,3,5,0,2,2,1,20,0.25,1,0.6564465021990212
133099-07-7,427.23800465209,2.5404,56.760000000000005,2,2,1,7,5,3,32,0.32142857142857145,0,0.6089217233728879
133454-47-4,427.20276201609,3.4095000000000013,66.0,1,5,1,8,4,3,31,0.4166666666666667,2,0.4409099482891975
134308-13-7,273.06372245200004,2.545420000000002,100.67,2,5,0,3,2,2,20,0.07142857142857142,4,0.38710486030618185
134523-03-8,557.24572398791,4.978900000000007,114.62,3,6,-1,12,4,4,41,0.2727272727272727,0,0.22738481528786572
135729-62-3,297.19613984009004,1.2393999999999998,24.750000000000004,1,1,1,1,6,1,22,0.631578947368421,0,0.8286869281130633
136-40-3,213.10144535199998,2.6613999999999995,89.64999999999999,2,5,0,2,2,2,16,0.0,1,0.7511676712570863
136572-09-3,587.28641138809,2.6739999999999995,115.40000000000002,2,8,1,4,7,3,43,0.5151515151515151,1,0.35301953527347874
137-58-6,235.18048977608998,1.16664,33.54,2,1,1,5,1,1,17,0.5,0,0.7889166894215319
137071-32-0,809.448089676,5.7194000000000065,158.12999999999997,2,11,0,6,4,0,56,0.813953488372093,4,0.1464409750467884
138402-11-6,427.2251830639101,4.406500000000003,85.44,0,5,-1,7,5,3,32,0.4,0,0.5575984027515636
138530-94-6,370.0831588000901,2.9343200000000005,69.12,1,3,1,5,3,3,25,0.25,0,0.750807307032013
138926-19-9,317.08042243181995,-2.813099999999995,148.22,3,6,-2,9,0,0,19,1.0,2,0.3067826690720401
139110-80-8,332.1331989800001,-6.730199999999998,202.79000000000002,7,7,0,6,1,0,23,0.5833333333333334,2,0.1820401720702234
140462-76-6,337.16779359599997,0.8376999999999999,53.8,1,3,0,5,3,2,25,0.2857142857142857,0,0.8795897853518042
141-90-2,128.004433748,0.43249,48.65,2,2,0,0,1,1,8,0.0,1,0.49770208173400393
141505-33-1,279.09998255191005,1.95506,115.5,1,5,-1,3,2,1,21,0.21428571428571427,2,0.6727974625310829
141625-93-6,556.297093508,6.225200000000006,92.12,1,5,0,18,3,3,39,0.5161290322580645,2,0.14822296539980445
142340-99-6,501.198849614,2.7025000000000006,166.97999999999996,1,13,0,11,2,2,34,0.65,4,0.2071524581096599
144-82-1,269.01724110791,1.8228199999999999,100.04,1,6,-1,3,2,2,17,0.1111111111111111,1,0.8564948085701725
144060-53-7,315.08088691991,2.3885000000000005,86.03999999999999,0,6,-1,5,2,2,22,0.3125,0,0.8452708717294677
144689-63-4,571.23105629191,4.189220000000003,160.47,1,11,-1,11,5,5,42,0.3333333333333333,1,0.22637053329116408
144701-48-4,515.24415265209,4.767920000000004,78.27,0,4,1,7,6,6,39,0.18181818181818182,0,0.3071280699376299
145040-37-5,609.24670635591,5.948200000000007,141.65,0,11,-1,10,6,5,45,0.3333333333333333,2,0.1369498953302411
145108-58-3,201.13862496408998,2.5974400000000006,29.93,1,0,1,2,2,2,15,0.3076923076923077,0,0.7738221655465427
146464-95-1,475.1615139318199,-1.6877999999999973,212.95999999999998,3,11,-2,10,3,3,35,0.2608695652173913,1,0.28130600835786834
147-94-4,243.085520516,-2.563,130.82999999999998,4,8,0,2,2,1,17,0.5555555555555556,0,0.4489304892314893
147127-20-6,286.07106410591,-0.6832000000000003,139.21,2,8,-1,5,2,2,19,0.4444444444444444,1,0.6886739983508632
147403-03-0,456.14336974,4.1918000000000015,123.23999999999998,2,7,0,7,5,5,34,0.12,0,0.37629475381700994
1476-53-5,610.21735706782,2.3631199999999994,205.67,3,11,-2,8,4,3,44,0.3870967741935484,2,0.24923525553684367
148-79-8,201.036068224,2.6864,41.57,1,3,0,1,3,3,14,0.0,0,0.6572828314318542
148849-67-6,469.26969870408993,1.8929000000000014,61.67,1,5,1,10,4,2,34,0.5185185185185185,0,0.5760234412491368
149647-78-9,264.1473925,2.4711,78.43,3,3,0,8,1,1,19,0.42857142857142855,3,0.3832200999836573
150-76-5,124.052429496,1.4008,29.46,1,2,0,1,1,1,9,0.14285714285714285,0,0.6127725486570803
150322-43-3,373.11479271999997,3.8910000000000036,46.61,0,5,0,5,4,2,26,0.4,1,0.7462318337051916
150399-23-8,425.13463048781995,-2.0029999999999974,196.92,4,8,-2,9,3,3,31,0.25,0,0.30155366844879605
150683-30-0,448.15537034,5.683140000000005,69.64,2,3,0,3,4,3,32,0.23076923076923078,0,0.540891219756549
1508-65-2,358.23767030409,1.9258000000000006,50.97,2,3,1,7,2,1,26,0.5909090909090909,2,0.5784074556823805
1508-75-4,284.15247788,2.2062,53.43000000000001,1,3,0,6,2,2,21,0.29411764705882354,0,0.8845260918021192
1508-76-5,288.23219100009,2.5233000000000008,24.67,2,1,1,5,3,1,21,0.6842105263157895,0,0.8548548283419678
152-62-5,312.208930136,4.499500000000004,34.14,0,2,0,1,4,0,23,0.7142857142857143,0,0.7141681268421906
152520-56-4,406.18244117208997,1.3374000000000006,75.53000000000002,3,4,1,6,4,2,29,0.45454545454545453,0,0.6769069977920487
15307-81-0,294.00940749990997,3.0294,52.16,1,3,-1,4,2,2,19,0.07142857142857142,0,0.9429164250092252
153559-49-0,347.20165368391,4.769020000000005,40.129999999999995,0,2,-1,3,3,2,26,0.375,0,0.802266996072772
154229-19-3,349.240564612,5.398600000000005,33.120000000000005,1,2,0,1,5,1,26,0.625,1,0.6887813871003827
154361-50-9,359.149263644,0.7601999999999995,122.91000000000001,3,8,0,6,2,1,25,0.6666666666666666,1,0.640839151584694
155-41-9,318.16998466808997,1.0626999999999995,59.06,1,4,1,4,4,1,23,0.6111111111111112,3,0.5123331583066539
155206-00-1,415.272258664,3.146900000000002,89.79,4,4,0,12,2,1,30,0.56,2,0.31184363018252953
155213-67-5,720.3127606359999,5.905200000000005,145.77999999999997,4,9,0,17,4,4,50,0.43243243243243246,0,0.10624046585910327
156-57-0,78.03719667608999,-0.8418999999999999,27.64,2,1,1,1,0,0,4,1.0,1,0.3826710259651884
15686-71-2,347.0939770240001,-1.6065999999999967,117.17999999999999,2,5,0,4,3,1,24,0.3125,1,0.6358839179938306
159811-51-5,434.26897043209,3.6822000000000026,58.809999999999995,2,3,1,3,5,1,32,0.5714285714285714,0,0.7630223102829113
160970-54-7,496.24176761609,2.0448999999999993,101.63000000000001,3,5,1,13,3,2,35,0.48,1,0.3686922871485279
161735-79-1,172.11207586809,0.8704999999999995,16.61,1,0,1,2,2,1,13,0.3333333333333333,1,0.6374764992891361
161814-49-9,505.22465683999997,2.4028,131.19,3,7,0,11,3,2,35,0.48,1,0.39974037477190066
162011-90-7,314.061279928,2.5577000000000005,60.44,0,4,0,3,3,2,22,0.11764705882352941,1,0.8169951703125135
162401-32-3,402.03495410799997,5.030900000000003,60.45,1,4,0,7,3,2,26,0.29411764705882354,0,0.7046383457729449
163222-33-1,409.148949972,4.888300000000004,60.77,2,3,0,6,4,3,30,0.20833333333333334,1,0.5702138618789355
164656-23-9,528.22114752,6.576100000000006,58.2,2,2,0,2,5,1,37,0.6296296296296297,1,0.4265424696021493
165800-03-3,337.1437843399999,1.1235999999999997,71.11,1,5,0,4,3,1,24,0.5,0,0.8915973887511962
169590-42-5,381.07588234799994,3.5139200000000006,77.98,1,4,0,3,3,3,26,0.11764705882352941,0,0.7541053298167572
170729-80-3,534.150188072,4.952100000000003,83.24000000000001,2,5,0,6,4,3,37,0.391304347826087,1,0.4376253118047192
171599-83-0,475.21220089209004,0.19380000000000197,114.61999999999999,2,7,1,7,4,3,33,0.5,0,0.504418510607011
17321-77-6,315.16225286809,3.1113000000000026,7.680000000000001,1,1,1,4,3,2,22,0.3684210526315789,0,0.9106988229239898
1744-22-5,234.00746844,2.7771,48.14,1,4,0,1,2,2,15,0.125,0,0.8248286060077297
175865-59-5,355.1724442560901,-2.1534999999999975,172.99,4,9,1,8,2,2,25,0.5714285714285714,1,0.3876197134248116
179324-69-7,384.19688568000004,0.36059999999999964,124.44000000000001,4,6,0,9,2,2,28,0.3684210526315789,1,0.46304615262258836
179463-17-3,1094.6576150201802,-4.745500000000019,415.27,16,16,2,23,4,1,77,0.75,1,0.04578095476518636
18010-40-7,289.22743996809004,2.4794399999999994,33.54,2,1,1,5,2,1,21,0.6111111111111112,0,0.857668355545113
183133-96-2,835.377905504,4.5678000000000045,202.45,3,14,0,10,6,2,60,0.5777777777777777,3,0.17072797139316157
186826-86-8,401.17508446799997,0.009600000000001385,91.21000000000001,1,6,0,4,5,2,29,0.5238095238095238,0,0.7794781534995434
188062-50-2,286.154209196,1.0922999999999998,101.88,3,7,0,4,4,2,21,0.5,1,0.7272302824304794
190786-44-8,388.15537034000005,1.4184,66.69,1,4,0,8,3,2,27,0.42857142857142855,0,0.7423095841374345
19171-19-8,273.074955832,-0.3299999999999998,109.57,2,5,0,1,3,1,20,0.23076923076923078,2,0.5375391722332333
19356-17-3,400.334130648,6.733900000000008,40.46,2,2,0,6,3,0,29,0.7777777777777778,0,0.5184686039927527
19387-91-8,247.062676896,0.5344200000000001,95.1,0,6,0,5,1,1,16,0.625,2,0.5584635043283493
1953-02-2,162.02303769591,-1.8291999999999993,69.23,2,4,-1,3,0,0,10,0.6,1,0.4795672584018238
196597-26-9,259.157228912,2.5676000000000005,38.33,1,2,0,4,3,1,19,0.5625,0,0.9021804790562545
19767-45-4,140.96855959991,-0.5385999999999997,57.2,1,4,-1,2,0,0,7,1.0,2,0.41487401500285953
19774-82-4,645.0236897880001,6.936200000000007,42.68,0,4,0,11,3,3,31,0.4,2,0.1676472462674973
198480-56-7,471.26421940009,4.9139200000000045,59.06,3,4,1,7,5,4,35,0.3333333333333333,0,0.3588400484832849
201530-41-8,372.09897950791,2.3760000000000003,111.3,2,7,-1,4,4,4,28,0.0,0,0.5688769559435355
202138-50-9,519.1730287900001,3.0356000000000014,185.43999999999997,1,15,0,13,2,2,35,0.631578947368421,3,0.2310328956549481
2030-63-9,473.12942851609006,5.570400000000005,43.82,2,3,1,4,5,3,33,0.1111111111111111,1,0.33471500826651357
204255-11-8,313.21218382809,0.5686000000000015,92.27,2,4,1,7,1,0,22,0.75,1,0.6721029169565504
2062-78-4,462.23514544009,4.439900000000004,42.23,2,2,1,7,5,4,34,0.32142857142857145,0,0.4190391200986762
2068-78-2,824.3996439919999,3.5175000000000027,171.17,3,12,0,8,9,3,60,0.5652173913043478,4,0.1310247762677446
211915-06-9,627.316917412,5.8208000000000055,140.04000000000002,2,10,0,16,4,4,46,0.35294117647058826,4,0.06855452689615898
21256-18-8,292.09791688790995,2.6911000000000014,66.16,0,4,-1,5,3,3,22,0.1111111111111111,0,0.7248586740906383
2135-17-3,410.1904804359999,1.8436999999999997,94.83,3,5,0,2,4,0,29,0.7272727272727273,0,0.645896165264526
21679-14-1,285.08733208399997,-1.8409000000000002,139.54000000000002,4,9,0,2,3,2,20,0.5,1,0.47183364718578485
21736-83-4,334.17290401217997,-4.977999999999991,138.67000000000002,5,7,2,2,3,0,23,0.9285714285714286,0,0.340781879302711
2192-20-3,375.18338223609,1.6388000000000014,37.14,2,3,1,8,3,2,26,0.42857142857142855,1,0.6886776399471127
220127-57-1,494.2662850640901,3.1732200000000015,87.48,3,6,1,7,5,4,37,0.2413793103448276,0,0.3659166129867811
220620-09-7,585.2798632079999,-1.7106999999999926,213.16999999999996,6,10,0,6,4,1,42,0.5172413793103449,2,0.16422985379670257
22254-24-6,332.22202024009,2.8541000000000016,46.53,1,3,1,5,3,1,24,0.65,2,0.6661029067869589
22260-51-1,652.21400502791,2.5608000000000013,121.04,2,6,-1,5,7,2,43,0.59375,0,0.5122926451509549
223673-61-8,397.16927346009004,1.7460000000000009,104.85,4,5,1,9,3,3,28,0.23809523809523808,1,0.412902267681634
224785-90-4,488.22057450400007,2.0704199999999995,112.89999999999999,1,8,0,8,4,3,34,0.5217391304347826,0,0.5164114874787473
22916-47-8,414.99330024009004,5.873900000000003,28.3,0,2,1,6,3,3,25,0.16666666666666666,0,0.4930387662168743
231277-92-2,580.1347322120001,6.139100000000005,106.35000000000001,2,8,0,11,5,5,40,0.1724137931034483,1,0.17947949298055937
242478-38-2,363.20670452409,2.447800000000001,33.980000000000004,1,2,1,2,6,2,27,0.43478260869565216,0,0.8893303679320592
2447-57-6,310.07357592799997,0.8768,116.43,2,7,0,5,2,2,21,0.16666666666666666,1,0.7870878791639985
24729-96-2,503.1389249059099,-2.1745999999999945,155.64999999999998,4,9,-1,9,2,0,31,0.9444444444444444,2,0.2029047806222647
25451-15-4,238.095356928,0.9607999999999993,104.64000000000001,2,4,0,5,1,1,17,0.2727272727272727,0,0.796471019540729
2627-69-2,258.09641954800003,-2.8242999999999996,156.85000000000002,5,8,0,3,2,1,18,0.5555555555555556,0,0.3908498923708794
26807-65-8,365.060090052,2.0834,92.5,2,4,0,3,3,2,24,0.1875,0,0.8705249450646536
269055-15-4,434.0490712000001,4.717400000000002,120.63999999999999,2,7,0,4,3,3,28,0.1,0,0.6084537970432329
274693-27-5,522.186080816,2.0136999999999996,138.44,4,11,0,10,5,3,36,0.5652173913043478,2,0.23104078172688383
27833-64-3,328.12111632809,2.354300000000001,29.27,1,3,1,0,4,2,23,0.2777777777777778,0,0.8041661354040809
2809-21-4,202.95269649973002,-2.8881999999999994,143.78,2,6,-3,2,0,0,11,1.0,1,0.4578842124152752
28657-80-9,261.05169496791,-0.4914000000000005,93.48000000000002,0,7,-1,2,3,2,19,0.25,0,0.7236431507520212
286930-03-8,412.28462049609,3.964000000000003,50.97,2,3,1,10,2,2,30,0.5,2,0.4586748183521858
297-76-7,384.230059504,4.425900000000004,52.6,0,4,0,2,4,0,28,0.75,3,0.4015627733780324
302-79-4,299.20165368391,4.267900000000004,40.129999999999995,0,2,-1,5,1,0,22,0.45,2,0.5616544918724433
302962-49-8,488.16299820409,2.73264,107.76,3,8,1,7,4,3,33,0.36363636363636365,0,0.46895667674264735
304-20-1,161.08217270808998,0.33450000000000013,65.08,2,3,1,1,2,2,12,0.0,2,0.4677584214016386
3056-17-5,224.079706864,-0.7090799999999999,84.32,2,5,0,2,2,1,16,0.4,1,0.6498890462135971
30652-11-0,139.063328528,0.39931999999999984,42.23,1,3,0,0,1,1,10,0.2857142857142857,0,0.5649178764789872
319460-85-0,386.1201321960001,4.639100000000004,70.67,2,4,0,5,4,4,28,0.045454545454545456,0,0.5241908173512972
320345-99-1,484.16107686008996,4.666800000000005,55.760000000000005,1,6,1,9,6,3,33,0.4230769230769231,3,0.272537178442321
321-30-2,135.05449516,-0.0648999999999999,80.48,2,4,0,0,2,2,10,0.0,0,0.5296759293780585
32986-56-4,472.29551002445004,-9.87980000000001,276.27000000000004,10,9,5,6,3,0,32,1.0,0,0.17527246986130968
33069-62-4,853.330955312,3.7357000000000036,221.28999999999996,4,14,0,10,7,3,62,0.44680851063829785,3,0.12978619445124503
330784-47-9,483.17856537200004,2.4318,125.39000000000001,3,9,0,9,4,3,34,0.34782608695652173,0,0.42031663549016557
33402-03-8,168.10190510809,0.05599999999999988,68.10000000000001,3,2,1,2,1,1,12,0.3333333333333333,0,0.5840139400031056
33419-42-0,588.1842910839998,1.3385999999999993,160.83,3,13,0,5,7,2,42,0.5517241379310345,1,0.4298292584463983
341031-54-7,399.21908077609,1.91784,78.43,4,2,1,7,3,2,29,0.36363636363636365,1,0.5370258571097166
34183-22-7,342.20637017609,2.2152000000000003,63.14000000000001,2,3,1,11,2,2,25,0.38095238095238093,2,0.4860971257197134
34381-68-5,337.21218382808996,1.3393000000000002,92.24000000000001,3,4,1,10,1,1,24,0.5555555555555556,1,0.5618624951770448
34552-83-5,477.23033242809,3.670900000000004,44.980000000000004,2,2,1,7,4,3,34,0.3448275862068966,0,0.5450497541894281
34580-14-8,310.12601168008996,2.5973000000000006,21.51,1,2,1,0,4,2,22,0.3157894736842105,0,0.793449694177779
3543-75-7,356.09380581990996,1.9299000000000002,61.190000000000005,0,5,-1,9,2,2,23,0.5,1,0.6437291201561798
36322-90-4,330.05540044390995,0.38329999999999953,102.43,1,5,-1,2,3,2,23,0.06666666666666667,0,0.8575760989593547
364782-34-3,358.17771081609004,5.115800000000004,16.61,1,0,1,6,3,3,26,0.2727272727272727,1,0.5894393592050658
367514-88-3,493.26317384409003,2.838700000000001,57.95,1,5,1,5,7,2,35,0.6785714285714286,1,0.6511696390310648
36791-04-5,244.080769484,-3.0114999999999994,143.72000000000003,4,8,0,3,2,1,17,0.625,0,0.44284203167437103
3717-88-2,392.18563473208997,2.9940200000000017,60.949999999999996,1,4,1,5,4,3,29,0.3333333333333333,1,0.6784032165726454
3801-06-7,418.215552312,3.494100000000002,80.67,1,5,0,2,4,0,30,0.7083333333333334,1,0.6945533405618345
380843-75-4,530.17202160009,3.7732800000000033,84.08,2,7,1,9,4,3,36,0.38461538461538464,1,0.4070132206554272
38194-50-2,355.08096717191,3.030800000000002,57.199999999999996,0,3,-1,4,3,2,25,0.15,0,0.8470253401152333
38304-91-5,209.12766009999999,-0.13029999999999975,95.11,2,5,0,1,2,1,15,0.5555555555555556,2,0.49592964212759716
389-08-2,231.07751579191,0.08831999999999973,75.02000000000001,0,5,-1,2,2,2,17,0.25,0,0.7335821391572781
3963-95-9,442.137615664,-3.0526999999999953,185.65,6,8,0,2,4,1,32,0.3181818181818182,1,0.2607381742792994
3978-86-7,291.18557515609,2.2906000000000004,17.330000000000002,1,1,1,0,4,2,22,0.35,0,0.7880827553411278
405165-61-9,393.125547432,1.0931999999999988,93.01000000000002,1,5,0,3,4,2,27,0.47368421052631576,0,0.8443878491133551
41340-25-4,286.14486707991,2.0483000000000002,65.15,1,3,-1,4,3,2,21,0.47058823529411764,0,0.9351580449389799
42057-22-7,538.1071783079099,-1.5684999999999958,176.32999999999998,2,9,-1,6,4,1,36,0.47619047619047616,1,0.40527992121041545
42461-84-7,295.06998579991,2.5159200000000004,65.05,1,4,-1,3,2,2,21,0.14285714285714285,0,0.9446204433866343
42924-53-8,228.115029752,3.370000000000002,26.3,0,2,0,4,2,2,17,0.26666666666666666,0,0.8015823313615688
4342-03-4,182.09160894,0.0688999999999999,99.72999999999999,2,4,0,3,1,1,13,0.3333333333333333,2,0.5105305434356862
440-17-5,408.17157988009,3.528500000000002,10.920000000000002,1,3,1,4,4,2,28,0.42857142857142855,0,0.8307344936157748
444731-52-6,437.16339397600007,3.1390400000000005,119.03,2,8,0,5,4,4,31,0.19047619047619047,0,0.4921501033338167
446-86-6,277.038193464,1.1457999999999997,115.41999999999999,1,8,0,3,3,3,19,0.1111111111111111,3,0.43328794180573177
452-35-7,258.01328418,1.3424,82.28,1,5,0,3,2,2,16,0.2222222222222222,0,0.9002834195387214
475207-59-1,464.086302712,5.549700000000003,92.35000000000001,3,4,0,5,3,3,32,0.09523809523809523,0,0.4613395020059931
50-01-1,60.05562361208999,-2.9811000000000005,77.63,3,0,1,0,0,0,4,0.0,2,0.2059078383213915
50-02-2,392.19990224799994,1.8957000000000002,94.83,3,5,0,2,4,0,28,0.7272727272727273,0,0.667213496992105
50-04-4,402.20423868,2.560600000000001,97.74000000000001,1,6,0,3,4,0,29,0.7391304347826086,1,0.7288385619310164
50-27-1,288.17254462799997,2.5800000000000005,60.69,3,3,0,0,4,1,21,0.6666666666666666,0,0.687428138033629
50-28-2,272.177630008,3.6092000000000026,40.46,2,2,0,0,4,1,20,0.6666666666666666,0,0.757169743555686
50-35-1,258.0640568,0.08779999999999993,83.55000000000001,1,4,0,1,3,1,19,0.23076923076923078,1,0.7233587999857974
50-41-9,406.19321864809,5.1455000000000055,13.670000000000002,1,1,1,9,3,3,29,0.23076923076923078,1,0.4852290935528005
50-55-5,608.27338086,4.171100000000004,117.78000000000003,1,10,0,8,6,3,44,0.5151515151515151,1,0.3735666920618681
50-63-5,321.19607841617994,2.8125999999999998,30.61,2,1,2,8,2,2,22,0.5,0,0.7692912634314394
50-78-2,179.03498228391,-0.024600000000000066,66.43,0,4,-1,2,1,1,13,0.1111111111111111,2,0.4721709057370543
50-81-7,175.02481152391002,-2.6050999999999997,110.05000000000001,3,6,-1,2,1,0,12,0.5,1,0.39661222142020924
50-91-9,246.065199672,-1.6836,104.55000000000001,3,6,0,2,2,1,17,0.5555555555555556,0,0.5776171321259124
503612-47-3,459.19065428,2.699600000000001,110.75999999999999,1,6,0,5,5,3,34,0.28,0,0.6307445123645383
50700-72-6,558.43856117618,4.548800000000004,57.04,1,4,2,4,6,0,40,0.9411764705882353,2,0.4064631160338303
51-21-8,130.017855556,-0.7977000000000001,65.72,2,2,0,0,1,1,9,0.0,0,0.482564502908463
51-52-5,170.05138394,1.38499,48.65,2,2,0,2,1,1,11,0.42857142857142855,1,0.6587322532597095
51333-22-3,430.2355388079999,2.7168000000000014,93.06,2,6,0,4,5,0,31,0.76,0,0.7124527920741569
51481-61-9,253.12299196408998,0.016500000000000237,90.13999999999999,3,3,1,5,1,1,17,0.5,4,0.2984618930282496
51803-78-2,307.03941603191004,3.3519000000000014,100.61,0,5,-1,5,2,2,21,0.07692307692307693,2,0.6224217123563618
518048-05-0,444.155745992,0.9115199999999997,152.24,3,9,0,6,3,3,32,0.3,0,0.5072974072735444
52-21-1,402.20423868,2.1284,100.90000000000002,2,6,0,3,4,0,29,0.6956521739130435,1,0.7016123362777874
52-86-8,376.14741132809,3.0085000000000024,41.74,2,2,1,6,3,2,26,0.38095238095238093,1,0.7608854164782016
521-78-8,295.21687528409,2.703900000000001,7.680000000000001,1,1,1,4,3,2,22,0.4,0,0.9111183620684604
527-07-1,195.05102627191,-4.827799999999996,141.28,5,7,-1,5,0,0,13,0.8333333333333334,0,0.29598246509816506
53-86-1,356.06950921991006,2.59262,71.36,0,5,-1,4,3,3,25,0.15789473684210525,0,0.7200102973128709
532-03-6,241.09502258,0.5302000000000002,91.00999999999999,2,5,0,6,1,1,17,0.36363636363636365,0,0.757667099994584
53885-35-1,264.06082458009,2.5427,4.44,1,1,1,2,3,2,17,0.2857142857142857,0,0.8504053019619108
54-85-3,137.058911844,-0.3149000000000006,68.00999999999999,2,3,0,1,1,1,10,0.0,3,0.3165786787720106
54029-12-8,281.08341234000005,1.6806999999999999,87.31,2,3,0,3,2,2,19,0.3333333333333333,0,0.8968983095288725
540737-29-9,312.16985926,1.5447799999999996,88.91,1,5,0,3,3,2,23,0.5,0,0.9284511020269034
541-15-1,161.10519334,-1.8064999999999984,60.36,1,3,0,4,0,0,11,0.8571428571428571,1,0.4944861326467559
541-22-0,258.30240205618,3.5196000000000023,0.0,0,0,2,11,0,0,18,1.0,2,0.39283811960871146
5451-09-2,131.058243148,-2.6724999999999994,84.84,1,3,0,4,0,0,9,0.6,0,0.45111275247950855
54527-84-3,480.21291210008997,2.260700000000001,112.21000000000001,2,7,1,9,3,2,35,0.3076923076923077,3,0.3216533356436632
548-62-9,372.24342438009,4.4596000000000044,9.49,0,2,1,4,3,2,28,0.24,1,0.7332076636758533
548-73-2,380.17688161609004,2.2613000000000003,59.300000000000004,2,3,1,6,4,3,28,0.2727272727272727,1,0.6447658529130625
549-18-8,278.19032618809,2.751500000000001,4.44,1,0,1,3,3,2,21,0.3,0,0.8803750835032242
55-06-1,649.7827754119099,1.2691999999999999,100.06,1,4,-1,5,2,2,23,0.13333333333333333,1,0.49368698345338624
55-98-1,246.023180168,-0.2809999999999997,86.74000000000001,0,6,0,7,0,0,14,1.0,2,0.453312740145793
550-99-2,211.12297490009,0.4646000000000004,26.0,2,1,1,2,3,2,16,0.21428571428571427,0,0.7415457054458074
55079-83-9,325.18091823991006,3.832360000000003,49.36,0,3,-1,6,1,1,24,0.2857142857142857,2,0.5897491967203508
55268-74-1,312.183778008,2.5349000000000004,40.620000000000005,0,2,0,1,4,1,23,0.5789473684210527,0,0.7993674496203519
553-08-2,511.43703880009,8.049500000000009,38.25,0,4,1,22,2,2,37,0.6875,2,0.11835705048056228
555-30-6,211.084457896,-1.6092000000000006,108.23000000000002,3,4,0,3,1,1,15,0.3,1,0.5225117250399125
5593-20-4,504.252331744,3.8175000000000026,106.97000000000001,1,7,0,6,4,0,36,0.7142857142857143,1,0.5482119854331166
56-85-9,146.06914218,-3.3876999999999997,110.86000000000001,2,3,0,4,0,0,10,0.6,0,0.43105659848413314
56180-94-0,645.2480135359999,-8.721900000000014,329.01,14,19,0,13,3,0,44,0.88,2,0.06526150429771298
56211-40-6,348.1256115,2.7331200000000004,103.50999999999999,2,4,0,5,2,2,24,0.25,0,0.8666810888857404
56296-78-7,310.14132530809,3.408800000000003,25.84,1,1,1,6,2,2,22,0.29411764705882354,0,0.8691389286871458
57-41-0,252.089877624,1.7696,58.2,2,2,0,2,3,2,19,0.06666666666666667,1,0.8001945345367882
57-66-9,284.09620263591,0.8607999999999998,77.51,0,4,-1,7,1,1,19,0.46153846153846156,0,0.7437635043017546
57-68-1,277.07647023591005,2.06974,100.04,1,5,-1,3,2,2,19,0.16666666666666666,1,0.8654388495144083
57248-88-1,232.98652204782002,-4.276099999999999,171.42,3,6,-2,4,0,0,13,1.0,1,0.41179927391740656
57808-65-8,660.84490259591,6.492400000000003,75.95,1,3,-1,4,3,3,30,0.09090909090909091,1,0.32498139373800405
57852-57-0,498.1758578960899,0.3035000000000001,178.23,5,9,1,3,5,2,36,0.4230769230769231,1,0.31772504365309384
5786-21-0,327.13710074009,2.305600000000001,32.07,2,3,1,0,4,2,23,0.2777777777777778,0,0.7779767589631497
58-56-0,169.073893212,-1.1326800000000001,77.66000000000001,2,3,0,2,1,1,12,0.375,0,0.5875409744678217
58-61-7,267.096753896,-1.9800000000000006,139.54000000000002,4,9,0,2,3,2,19,0.5,0,0.49051986767922323
58-96-8,244.069536104,-2.8519,124.78,4,7,0,2,2,1,17,0.5555555555555556,0,0.4435105912731592
58579-51-4,254.996617204,2.1171,44.7,1,3,0,0,3,1,16,0.2,0,0.7727612256090268
5874-97-5,212.12811985609,0.10300000000000026,77.30000000000001,4,3,1,4,1,1,15,0.45454545454545453,0,0.571566990154724
59-05-2,452.1567628998199,-2.4009999999999954,216.2,3,12,-2,9,3,3,33,0.25,0,0.30942013107339617
59-67-6,122.02475194791,-0.5549000000000002,53.019999999999996,0,3,-1,1,1,1,9,0.0,0,0.5015757599713943
59-87-0,198.038904672,0.19000000000000006,123.76,2,5,0,3,1,1,14,0.0,3,0.40818931541952863
590-63-6,161.12845420409,0.1764,52.32,1,2,1,3,0,0,11,0.8571428571428571,1,0.6000594654010832
595-33-5,384.230059504,4.575300000000005,60.440000000000005,0,4,0,2,4,0,28,0.7083333333333334,1,0.6541950145872741
60-32-2,131.094628656,-1.4613999999999996,67.77,1,2,0,5,0,0,9,0.8333333333333334,1,0.46314420521927496
60-56-0,114.02516919199999,1.08269,20.72,1,2,0,0,1,1,7,0.25,1,0.5004564356679512
6018-19-5,152.03531663191,-0.6621000000000001,86.38000000000001,2,4,-1,1,1,1,11,0.0,1,0.5226981672670166
603-50-9,362.13868454009,3.531500000000002,66.74000000000001,0,4,1,5,3,3,27,0.13636363636363635,2,0.5143465855871371
61-16-5,212.12811985609,0.36759999999999987,66.33,2,3,1,4,1,1,15,0.45454545454545453,0,0.7573373146692539
61-76-7,168.10190510809,-0.38119999999999954,57.07000000000001,3,2,1,3,1,1,12,0.3333333333333333,0,0.5759050364891328
61318-91-0,397.00942897208995,5.937100000000003,19.07,0,2,1,6,3,3,24,0.16666666666666666,0,0.502765756351852
61718-82-9,319.16278902409,2.484700000000001,58.46,1,3,1,9,1,1,22,0.5333333333333333,3,0.43177125648076126
61825-94-3,115.12297490008999,-0.5018,53.66,2,1,1,0,1,0,8,1.0,0,0.43906166996000917
62-31-7,154.08625504409,-0.11780000000000018,68.10000000000001,3,2,1,2,1,1,11,0.25,1,0.5198058308412843
62-97-5,278.19032618809,4.358700000000004,0.0,0,0,1,2,3,2,21,0.3,1,0.7160780584944451
62013-04-1,835.55258162809,0.7846000000000122,197.52999999999997,6,15,1,12,4,0,58,0.9761904761904762,2,0.1191944833561378
624-49-7,144.042258736,-0.11140000000000017,52.60000000000001,0,4,0,2,0,0,10,0.3333333333333333,2,0.40047702269500696
62571-86-2,216.06998788791,-0.7068000000000001,60.44,1,4,-1,3,1,0,14,0.7777777777777778,1,0.6341732873757703
62893-19-0,644.1351243719103,-2.4466999999999928,223.08999999999995,3,14,-1,9,5,2,44,0.4,3,0.14672379292554738
63-45-6,260.17573874409,2.065899999999999,61.79,2,3,1,6,2,2,19,0.4,0,0.8354730963570144
63-74-1,172.030648496,-0.08380000000000004,86.18,2,3,0,1,1,1,11,0.0,1,0.5805509816764027
63-92-3,304.14626845609,2.777800000000001,13.670000000000002,1,1,1,8,2,2,21,0.3333333333333333,1,0.7405096547242407
635728-49-3,547.2352215239999,2.3753,140.42000000000002,3,8,0,11,4,2,38,0.5185185185185185,1,0.36442311667248134
63659-19-8,308.22202024009,1.3672000000000006,55.30000000000001,2,3,1,11,2,1,22,0.6666666666666666,1,0.6071278267796754
64-75-5,444.15326572799995,-2.829199999999995,185.64999999999998,6,8,0,2,4,1,32,0.4090909090909091,1,0.2635113402155864
64-77-7,269.09653698391,2.567120000000001,77.34,1,3,-1,5,1,1,18,0.4166666666666667,1,0.8343820026665795
641571-10-0,529.1837929840001,6.355840000000005,97.62,2,7,0,6,5,5,39,0.10714285714285714,0,0.26585982163254196
64228-81-5,928.50742858418,8.06550000000001,126.44000000000004,0,12,2,24,6,4,67,0.5094339622641509,3,0.038349396136230826
64461-82-1,253.01889393599998,1.525,62.2,2,4,0,1,3,2,16,0.2222222222222222,0,0.8091236659798766
645-05-6,210.15929457599998,0.0696000000000001,48.39000000000001,0,6,0,3,1,1,15,0.6666666666666666,0,0.7033804434333938
64872-77-1,411.02507903609,6.056100000000003,19.07,0,2,1,7,3,3,25,0.21052631578947367,1,0.43177415234328587
6493-05-6,278.13789043599996,0.19300000000000006,78.89,0,7,0,5,2,2,20,0.5384615384615384,1,0.7314900236053014
65-28-1,282.16008868009,0.9210200000000002,49.47,3,3,1,4,3,2,21,0.23529411764705882,0,0.7814748672396588
65-29-2,510.46182204026996,5.452500000000005,27.69,0,3,3,21,1,1,36,0.8,1,0.2058221894673444
65277-42-1,531.15603718809,3.624900000000002,70.31,0,6,1,7,5,3,36,0.38461538461538464,0,0.4651941170332461
65473-14-5,288.17467612409,3.5679000000000025,4.44,1,0,1,5,3,3,22,0.14285714285714285,0,0.7318946986800634
65928-58-7,311.18852904000005,3.8371800000000027,61.089999999999996,1,3,0,1,4,0,23,0.7,0,0.8001121130289811
66085-59-4,418.174001172,2.9708000000000014,117.0,1,8,0,8,2,1,30,0.42857142857142855,4,0.2963419520142686
66104-23-2,315.18894628409004,2.854000000000001,20.23,2,1,1,4,4,2,22,0.5789473684210527,0,0.8888411196472461
66357-59-3,316.1558144681799,-1.8674999999999957,86.72,3,4,2,9,1,1,21,0.6153846153846154,5,0.16339773492689172
668270-12-0,473.24079858809006,0.4306200000000022,118.48000000000002,1,9,1,4,5,4,35,0.4,1,0.4296284276607755
67-03-8,265.11175858409,0.60774,75.91,2,5,1,4,2,2,18,0.4166666666666667,1,0.79412732636072
67-48-1,104.10699048808999,-0.3150999999999999,20.23,1,1,1,2,0,0,7,1.0,1,0.47618393148924254
67-73-2,452.2010451199999,2.366800000000001,93.06,2,6,0,2,5,0,32,0.75,0,0.6684104451867194
67-92-5,310.27405581208995,2.985100000000001,30.740000000000002,1,2,1,7,2,0,22,0.9473684210526315,1,0.7329245274778191
68-35-9,249.04517010791,1.4529,100.04,1,5,-1,3,2,2,17,0.0,1,0.8296184522843686
68-41-7,103.05020388409,-2.3417000000000003,65.97,2,2,1,0,1,0,7,0.6666666666666666,0,0.36051314089362796
68291-97-4,212.025563116,0.6163,86.19000000000001,1,4,0,2,2,2,14,0.125,0,0.7899579227288236
68373-14-8,232.02851699991,-2.129699999999998,94.57999999999998,0,5,-1,1,2,0,15,0.75,1,0.4812035402653332
69-52-3,348.10235063590994,-1.016599999999999,115.56,2,6,-1,4,3,1,24,0.4375,1,0.673352601542185
697761-98-1,446.11760228390995,2.9463,91.59000000000002,1,6,-1,7,3,3,31,0.30434782608695654,0,0.6021275728743393
70024-40-7,388.19793073209,0.475900000000001,104.29,1,7,1,4,4,2,28,0.5263157894736842,0,0.8120485475382114
70288-86-7,874.5078570480001,5.601400000000008,170.06,3,14,0,8,7,0,62,0.8125,2,0.2035245857212583
70458-96-7,320.14049610809,0.24210000000000048,79.15,2,4,1,3,3,2,23,0.375,0,0.8491699211669077
70476-82-3,446.21543752018,-2.1915999999999953,172.34,8,8,2,12,3,2,32,0.36363636363636365,2,0.11442203715243884
7081-44-9,434.05829290390994,1.2140199999999997,115.57,1,7,-1,4,4,2,29,0.3684210526315789,1,0.7188262939920901
7081-53-0,379.23800465209,1.7562000000000013,33.980000000000004,1,2,1,6,4,2,28,0.4583333333333333,0,0.8298922383533142
71-58-9,386.245709568,4.655200000000004,60.440000000000005,0,4,0,2,4,0,28,0.7916666666666666,1,0.6479725905950843
71675-85-9,370.17950379609,-0.13199999999999745,102.93,3,5,1,7,2,1,25,0.5882352941176471,1,0.5802944555391718
72-14-0,255.013618528,0.948,88.31,2,4,0,2,2,2,16,0.0,1,0.782907860113702
72-33-3,310.193280072,3.915600000000003,29.46,1,2,0,1,4,1,23,0.6190476190476191,1,0.7968347529245803
721-50-6,221.16483971209,1.2954199999999998,45.71,2,1,1,5,1,1,16,0.46153846153846156,0,0.7730989958043514
723-46-6,252.04483575991,1.95932,100.29,1,5,-1,3,2,2,17,0.1,1,0.8412922689957015
72432-03-2,208.11794909609,-4.6791999999999945,105.59000000000002,6,5,1,3,1,0,14,1.0,0,0.27955883457048564
72559-06-9,845.4342323519102,3.9837200000000035,208.37999999999994,4,14,-1,4,6,1,61,0.5869565217391305,1,0.31693104976152514
7279-75-6,240.15941998409,0.8815999999999995,77.30000000000001,4,3,1,5,1,1,17,0.5384615384615384,1,0.5770398019235979
73590-58-6,346.12198892009,2.31884,78.35,1,4,1,5,3,3,24,0.29411764705882354,0,0.7688969417435119
738-70-5,291.14516688809,0.6767,106.76,2,6,1,5,2,2,21,0.2857142857142857,0,0.8384514651594791
73816-42-9,476.098643312,-2.3992999999999967,185.65,6,8,0,2,4,1,33,0.3181818181818182,1,0.25484112780780177
73963-72-1,369.21647510400004,3.4647000000000014,81.93,1,6,0,7,4,2,27,0.6,1,0.755913406639335
74011-58-8,320.12846862400005,-1.6975999999999976,94.87,1,6,0,3,3,2,23,0.4,0,0.7275118551610187
745-65-3,353.23334773590994,2.1403999999999996,97.66,2,5,-1,13,1,0,25,0.8,2,0.39041938304309537
74863-84-6,508.246789252,-2.2417999999999925,182.28,5,6,0,9,3,1,35,0.6086956521739131,3,0.14086727317444797
753498-25-8,393.21726920809,2.122699999999999,89.93,4,3,1,6,4,3,29,0.375,0,0.5171431157408912
75607-67-9,363.0391097018199,-2.9878999999999993,191.73,3,12,-2,4,3,2,24,0.5,2,0.3704495485379418
75695-93-1,371.148120772,2.5822000000000003,103.55,1,8,0,4,3,2,27,0.3684210526315789,1,0.8181000978992072
75706-12-6,270.061612188,3.2541200000000012,55.13,1,3,0,2,2,2,19,0.16666666666666666,0,0.9108229912132475
76-90-4,340.19072011209,2.7045000000000012,46.53,1,3,1,4,3,2,25,0.38095238095238093,2,0.6875579142294286
7681-93-8,664.2974641119099,-1.2149999999999952,233.81999999999996,6,14,-1,3,4,0,47,0.6363636363636364,2,0.15347219982471577
76824-35-6,337.0449357200001,-1.2844999999999986,172.85000000000002,4,6,0,7,1,1,20,0.375,3,0.27361391957933345
77-86-1,122.08116966409,-3.0559999999999996,88.33000000000001,4,3,1,3,0,0,8,1.0,0,0.3203621375944015
77883-43-3,452.19284535209,1.1368999999999996,113.52000000000001,1,8,1,4,5,3,33,0.34782608695652173,0,0.6269935939713651
78110-38-0,433.03730159982007,-2.8497999999999974,207.23999999999998,2,12,-2,7,2,1,28,0.46153846153846156,4,0.19453315242965535
78246-49-8,330.14999817208997,2.3003,44.3,1,3,1,4,4,2,24,0.3684210526315789,0,0.9354939087499928
78415-72-2,211.074561908,1.617,69.53999999999999,1,3,0,1,2,2,16,0.08333333333333333,0,0.7786697771862998
79-57-2,460.1481803479999,-3.8583999999999943,205.87999999999997,7,9,0,2,4,1,33,0.4090909090909091,1,0.2153218328581287
79307-93-0,382.16806652009,2.8804000000000016,39.33,1,3,1,3,4,3,27,0.36363636363636365,0,0.7561486361239591
79559-97-0,306.08108135609,4.153400000000002,16.61,1,0,1,2,3,2,20,0.29411764705882354,0,0.8580133130898641
797-63-7,312.208930136,3.8826000000000036,37.3,1,2,0,1,4,0,23,0.7619047619047619,1,0.7460501574652694
79794-75-5,383.15208210809,4.306900000000003,43.68,0,2,1,1,4,2,27,0.36363636363636365,0,0.7361382457347388
79902-63-9,418.2719243159999,4.585600000000005,72.83,1,5,0,6,3,0,30,0.76,1,0.6390622750209786
80-50-2,282.24275568409,3.5158000000000023,26.3,0,2,1,6,2,0,20,0.9411764705882353,2,0.5502340470711022
80-77-3,273.022641924,1.6155000000000002,54.45,0,3,0,1,2,1,17,0.36363636363636365,0,0.7812058854471293
81403-68-1,390.21358079609,0.7698000000000006,113.08,2,7,1,8,3,2,28,0.5263157894736842,1,0.6401813333177432
82034-46-6,466.17583101199995,3.9165000000000028,99.13000000000001,1,7,0,4,4,0,32,0.7083333333333334,2,0.49480398580664986
82586-52-5,498.23660142799986,0.22340000000000315,121.81,1,7,0,11,3,2,36,0.4444444444444444,1,0.4401042717271361
82586-55-8,438.2154720599999,0.20620000000000283,103.35,1,5,0,9,3,2,32,0.4,1,0.5638703373109077
82640-04-8,474.1733557960899,4.658100000000006,71.2,3,5,1,7,5,4,34,0.25,1,0.34092470924185697
83-12-5,221.06080310791,2.1115000000000004,40.129999999999995,0,2,-1,1,3,2,17,0.0,0,0.7395151860925636
83-43-2,374.20932406,1.8036,94.83000000000001,3,5,0,2,4,0,27,0.7272727272727273,0,0.685142538776804
83-88-5,376.13828435999994,-1.7235599999999989,161.56,5,9,0,5,3,1,27,0.4117647058823529,1,0.3284121594560428
83915-83-7,405.22637109199997,-3.177199999999994,144.82,2,5,0,12,2,1,29,0.5714285714285714,1,0.352332132035191
84371-65-3,429.26677936000004,5.406500000000006,40.54,1,3,0,2,5,1,32,0.5517241379310345,1,0.6395257442251707
849217-68-1,502.17727554009,4.959900000000004,100.03000000000002,2,5,1,8,5,4,37,0.17857142857142858,1,0.3319292272180311
85371-64-8,245.16404560799998,2.3547800000000008,73.1,2,3,0,2,1,1,18,0.46153846153846156,3,0.4763426335858048
85622-93-1,194.055223432,-2.078099999999999,108.17000000000002,1,7,0,1,2,2,14,0.16666666666666666,0,0.5601191738811692
85650-56-2,286.09931826409,2.841400000000001,13.670000000000002,1,1,1,0,4,2,20,0.29411764705882354,0,0.786196408327885
859-18-7,407.22103426009,-2.2740999999999953,123.69000000000001,6,7,1,7,2,0,27,0.9444444444444444,0,0.2811548943212429
863031-21-4,568.159413728,4.705220000000004,155.58999999999997,1,11,0,9,6,6,42,0.16666666666666666,1,0.242490769835421
873857-62-6,1055.4179444359102,5.6024000000000065,269.48999999999995,6,18,-1,13,4,1,72,0.6346153846153846,3,0.07969636700129225
877399-52-5,451.13309680817997,3.4306,83.82,2,4,2,5,4,3,30,0.3333333333333333,1,0.5822454867171163
879085-55-9,420.01021866800005,4.7112000000000025,76.13,1,4,0,4,3,3,27,0.05263157894736842,0,0.6621021756233525
880149-29-1,189.00517323973003,-5.252599999999999,140.62,1,7,-3,5,0,0,13,0.5,0,0.45490401855988993
88150-42-9,409.15247603209,1.5495000000000008,101.50000000000001,2,6,1,8,2,1,28,0.4,2,0.4986538982254488
88889-14-9,562.2939129899099,4.786600000000004,113.03999999999999,0,7,-1,14,3,1,39,0.7,4,0.1387021303980434
89-25-8,174.07931294,1.8863199999999996,38.05,1,3,0,1,2,2,13,0.1,0,0.7164373721723174
90357-06-5,430.06104080800003,2.8795800000000007,107.25999999999999,2,5,0,5,2,2,29,0.2222222222222222,2,0.5604120760868545
91374-20-8,261.19613984009,1.4285999999999992,33.54,2,1,1,7,2,1,19,0.5625,0,0.7646979750202495
91832-40-5,394.0285340639101,-1.5064999999999988,161.04000000000002,3,10,-1,5,3,1,26,0.21428571428571427,4,0.2350719555253545
936563-96-1,440.19607400800004,4.2173000000000025,99.16,1,7,0,5,5,4,33,0.2,1,0.4667032430058404
93793-83-0,349.21218382809,0.7036000000000004,69.07000000000001,2,4,1,9,2,1,25,0.5789473684210527,2,0.5087563128426692
93957-55-2,410.17731007991006,3.293400000000002,85.52,2,5,-1,8,3,3,30,0.2916666666666667,0,0.5967583807359456
941678-49-5,306.159294576,3.466380000000001,83.17999999999999,1,5,0,4,4,3,23,0.4117647058823529,0,0.7996787783250496
95-25-0,168.993056048,1.7745,46.0,1,2,0,0,2,2,11,0.0,0,0.6535135154314028
95635-55-5,428.25438298809,0.8909400000000021,75.47,3,5,1,9,3,2,31,0.4583333333333333,0,0.5532586196904635
96829-58-2,495.39237379599996,6.881900000000007,81.69999999999999,1,5,0,23,1,0,35,0.896551724137931,3,0.0948674729834446
97-77-8,296.05093264,3.6212000000000026,6.48,0,4,0,4,0,0,16,0.8,2,0.5731348904238733
97240-79-4,339.098787632,-0.3953999999999982,115.54,1,8,0,3,3,0,22,1.0,0,0.7386170940393365
99300-78-4,278.21145555609,1.6184999999999998,33.900000000000006,2,2,1,5,2,1,20,0.6470588235294118,0,0.8580258368317677
99592-39-9,437.00434359209,6.435200000000004,28.3,0,3,1,6,4,4,27,0.15,0,0.3405091888506124
