compound_id,target_id,branch_sequence,branch_pose,branch_structure,consensus_123,disagreement_sd,disagreement_range,disagreement_branch_sd,structure_minus_pose,sequence_minus_structure
1004316-88-4,pa_h3n2,0.5097499999999999,0.6779,0.7155,0.668675,0.16686788087186422,0.44020000000000004,0.1095606719280844,0.03760000000000008,-0.2057500000000001
100643-71-8,pa_h3n2,0.8694999999999999,0.958,0.9829,0.9556999999999998,0.08290710464127908,0.22560000000000002,0.059598406018953255,0.024900000000000033,-0.11340000000000006
101-26-8,pa_h3n2,0.3738,0.0505,0.79225,0.4752583333333333,0.384359771134632,0.862,0.37189074448463133,0.74175,-0.41845
101477-54-7,pa_h3n2,0.20145,0.9622999999999999,0.9796499999999999,0.8441666666666666,0.4137290256516536,0.9718,0.4443701507002167,0.017349999999999977,-0.7781999999999999
101827-46-7,pa_h3n2,0.05525,0.42105000000000004,0.2102,0.2546583333333334,0.2018565398164416,0.5601,0.1836104867193956,-0.21085000000000004,-0.15495
103-16-2,pa_h3n2,0.6407,0.96305,0.9875,0.9215499999999999,0.2216307808044722,0.5739,0.1935534228578766,0.024450000000000083,-0.3468
103177-37-3,pa_h3n2,0.6306,0.6170500000000001,0.07305,0.34730833333333333,0.28485601040993797,0.5832,0.3180622593665167,-0.544,0.55755
10405-02-4,pa_h3n2,0.25385,0.2003,0.7544,0.486275,0.31651930588828225,0.833,0.3056263282179727,0.5540999999999999,-0.5005499999999999
1041434-82-5,pa_h3n2,0.73095,0.93205,0.8939,0.8794583333333333,0.109234847919517,0.2654000000000001,0.10680928096378145,-0.03815000000000002,-0.16295000000000004
104227-87-4,pa_h3n2,0.49670000000000003,0.45575,0.3648,0.41709999999999997,0.23291297444897027,0.6277,0.06751100527568327,-0.09094999999999998,0.13190000000000002
104632-26-0,pa_h3n2,0.1828,0.12719999999999998,0.97355,0.5596416666666667,0.43582946550227647,0.96,0.47340702096610277,0.84635,-0.7907500000000001
105462-24-6,pa_h3n2,0.75335,0.27595000000000003,0.8866,0.6608416666666667,0.32136761919438406,0.7389,0.3210814395653124,0.61065,-0.1332500000000001
105816-04-4,pa_h3n2,0.5206,0.7584,0.9480500000000001,0.8135916666666666,0.20421184833402786,0.5367,0.2141765101499229,0.1896500000000001,-0.4274500000000001
106266-06-2,pa_h3n2,0.38695,0.8484499999999999,0.5897,0.6421583333333333,0.23066024075827776,0.5622,0.23131557628774874,-0.2587499999999999,-0.20274999999999999
106308-44-5,pa_h3n2,0.7582,0.50615,0.41185,0.5010083333333333,0.29025622933309575,0.804,0.17906237972654482,-0.0943,0.34635
106685-40-9,pa_h3n2,0.7086,0.756,0.9861,0.8631500000000001,0.2111937120276075,0.5041,0.14843574367382,0.23009999999999997,-0.27749999999999997
1069-66-5,pa_h3n2,0.6268,0.999,0.8139,0.8444166666666666,0.2768120854779767,0.7052,0.18610089557370038,-0.18510000000000004,-0.18709999999999993
107-35-7,pa_h3n2,0.5697,0.8827,0.7833,0.7808333333333333,0.30257754488174876,0.8406,0.15993452827120647,-0.09940000000000004,-0.2136
1070-11-7,pa_h3n2,0.20145000000000002,0.5413,0.37024999999999997,0.3991333333333334,0.19655171329703539,0.5564,0.16992624135194656,-0.17105000000000004,-0.16879999999999995
107133-36-8,pa_h3n2,0.5791,0.8351500000000001,0.5076499999999999,0.628725,0.27408892474280433,0.6659999999999999,0.17220286244233388,-0.3275000000000001,0.07145000000000001
107724-20-9,pa_h3n2,0.64305,0.43365000000000004,0.57555,0.5395,0.19222231660241743,0.578,0.1068801665417864,0.14189999999999997,0.0675
108341-18-0,pa_h3n2,0.25695,0.33704999999999996,0.42269999999999996,0.36652499999999993,0.18876501794559286,0.5462,0.08289048497867531,0.08565,-0.16574999999999995
1104-22-9,pa_h3n2,0.09745000000000001,0.29464999999999997,0.20955000000000001,0.21923333333333336,0.0943631018989944,0.21750000000000003,0.09890758312687656,-0.08509999999999995,-0.1121
111406-87-2,pa_h3n2,0.22535,0.1968,0.5880000000000001,0.39715833333333334,0.19756200461289786,0.4294,0.21808544388228518,0.3912000000000001,-0.3626500000000001
1115-70-4,pa_h3n2,0.03705,0.35245000000000004,0.30785,0.27758333333333335,0.20326367850651528,0.4927,0.17068438710087108,-0.04460000000000003,-0.27080000000000004
111974-72-2,pa_h3n2,0.35955,0.05985,0.11470000000000001,0.137225,0.1801687505275725,0.4856,0.15957241564046504,0.05485000000000001,0.24484999999999996
112529-15-4,pa_h3n2,0.27265,0.88125,0.9466,0.8124916666666667,0.34164646444338725,0.7725,0.37167933872268627,0.06535000000000002,-0.67395
112809-51-5,pa_h3n2,0.22110000000000002,0.9387000000000001,0.79435,0.7469250000000001,0.3587250056333774,0.9151,0.37956164299535505,-0.1443500000000001,-0.57325
112885-42-4,pa_h3n2,0.2418,0.92545,0.2438,0.47068333333333334,0.3948917408607073,0.9280999999999999,0.39412942988312866,-0.68165,-0.0020000000000000018
113-59-7,pa_h3n2,0.63115,0.33155,0.36715,0.3992833333333334,0.2584077198279236,0.6778,0.16366811947759813,0.035599999999999965,0.264
113-92-8,pa_h3n2,0.1545,0.6123000000000001,0.962,0.7108500000000001,0.3795200741287168,0.9731,0.4049541496680005,0.3496999999999999,-0.8075
113852-37-2,pa_h3n2,0.019,0.57145,0.4847,0.43599999999999994,0.2898733476307656,0.6637000000000001,0.29709792297041276,-0.08675,-0.4657
115256-11-6,pa_h3n2,0.63505,0.6455,0.28874999999999995,0.4653833333333333,0.20841835811655365,0.5379,0.20302030070906704,-0.35675,0.34630000000000005
1156-19-0,pa_h3n2,0.7863,0.6365000000000001,0.21334999999999998,0.44989166666666663,0.3108673827642049,0.801,0.2971440910288026,-0.4231500000000001,0.5729500000000001
117-37-3,pa_h3n2,0.51945,0.9742,0.8639,0.8432583333333333,0.30410843954089795,0.7947,0.23720927996180927,-0.11029999999999995,-0.34445000000000003
118072-93-8,pa_h3n2,0.533,0.96255,0.75335,0.7863583333333333,0.24593196349126045,0.6333,0.214799117394214,-0.20920000000000005,-0.22034999999999993
119413-54-6,pa_h3n2,0.74925,0.8252999999999999,0.3902,0.595075,0.2484577824634734,0.6593,0.23238348872786407,-0.43509999999999993,0.35905
1195765-45-7,pa_h3n2,0.65255,0.08535000000000001,0.01685,0.14563333333333334,0.3561477076532526,0.9112,0.3489323191298469,-0.0685,0.6356999999999999
120-97-8,pa_h3n2,0.62205,0.29285,0.62505,0.5138166666666667,0.2558062189757447,0.7112999999999999,0.19093562615010676,0.3322,-0.0030000000000000027
120011-70-3,pa_h3n2,0.4656,0.00155,0.46295,0.30959166666666665,0.25466268408753306,0.6038,0.2671576890776931,0.4614,0.002650000000000041
120202-66-6,pa_h3n2,0.95965,0.94065,0.9585,0.9527416666666667,0.03459552957632918,0.08310000000000006,0.010653207654661276,0.017850000000000033,0.0011499999999999844
120511-73-1,pa_h3n2,0.42974999999999997,0.4986,0.24355000000000002,0.3595999999999999,0.18367203016972036,0.4221,0.13194775797008954,-0.25505,0.18619999999999995
122111-03-9,pa_h3n2,0.40035,0.9733499999999999,0.91375,0.8480500000000001,0.2929486331537778,0.6935,0.3150292896435716,-0.059599999999999986,-0.5134
122320-73-4,pa_h3n2,0.3137,0.23870000000000002,0.5434,0.40355,0.18992134863323465,0.4638,0.15876039598506086,0.30469999999999997,-0.22970000000000002
122647-32-9,pa_h3n2,0.20984999999999998,0.7661,0.7231,0.6518916666666666,0.340732855768269,0.9471999999999999,0.3094857630004973,-0.04300000000000004,-0.51325
122883-93-6,pa_h3n2,0.8283499999999999,0.8941,0.9256500000000001,0.8989166666666666,0.12106206672612196,0.31910000000000005,0.04964164078674282,0.03155000000000008,-0.09730000000000016
1247-42-3,pa_h3n2,0.999,0.4154,0.9791,0.7945166666666666,0.3121011481341692,0.7383,0.3313464098693893,0.5637,0.01990000000000003
124750-99-8,pa_h3n2,0.2683,0.29115,0.71835,0.5009416666666667,0.2764835450197112,0.801,0.2534978517331722,0.4272,-0.45005000000000006
124937-52-6,pa_h3n2,0.67025,0.14934999999999998,0.50285,0.41291666666666665,0.27444500663460186,0.824,0.265932892537447,0.35350000000000004,0.1674
125-84-8,pa_h3n2,0.4436,0.48805,0.92345,0.6983416666666667,0.24936983511777577,0.5959,0.26514303844026027,0.4354,-0.47985
1263-89-4,pa_h3n2,0.08209999999999999,0.5777,0.39825,0.405375,0.24766571354684253,0.6758,0.2509224598024922,-0.17945,-0.31615
1264-62-6,pa_h3n2,0.15735,0.74555,0.819,0.6842416666666667,0.36525865720974593,0.9422,0.36266487399985864,0.0734499999999999,-0.66165
127-07-1,pa_h3n2,0.3371,0.97865,0.4957,0.63025,0.32283604765680474,0.8392000000000001,0.3341609056028747,-0.48295000000000005,-0.15859999999999996
127-56-0,pa_h3n2,0.6486500000000001,0.6457999999999999,0.9478,0.797275,0.2868812396561801,0.649,0.17354290775866735,0.30200000000000005,-0.2991499999999999
127-79-7,pa_h3n2,0.5680499999999999,0.675,0.8678,0.7535750000000001,0.26978723777574554,0.618,0.1519101735675835,0.19279999999999997,-0.29975000000000007
128794-94-5,pa_h3n2,0.5009,0.16285,0.4249,0.3502166666666667,0.18259406799418942,0.5138999999999999,0.17735275817796953,0.26205,0.07600000000000001
129101-54-8,pa_h3n2,0.76655,0.8238,0.8688,0.8367583333333334,0.13702219406602226,0.4033,0.05124715439254492,0.04500000000000004,-0.10225000000000006
129497-78-5,pa_h3n2,0.36524999999999996,0.39845,0.17959999999999998,0.2834916666666667,0.26724636324310697,0.626,0.1179431254178612,-0.21885000000000004,0.18564999999999998
129722-12-9,pa_h3n2,0.32245,0.90025,0.7412,0.7244250000000001,0.29637678496580444,0.7034,0.2984686764692961,-0.15905000000000002,-0.41874999999999996
130-61-0,pa_h3n2,0.0822,0.31795,0.0471,0.14323333333333332,0.14398507445796827,0.365,0.14729211056038724,-0.27085000000000004,0.03509999999999999
13010-47-4,pa_h3n2,0.57815,0.6234999999999999,0.60205,0.6052166666666666,0.16381818783842855,0.3519999999999999,0.022686027270840764,-0.02144999999999997,-0.02389999999999992
132-17-2,pa_h3n2,0.39254999999999995,0.4468,0.20884999999999998,0.31878333333333325,0.16658388877679617,0.4535,0.12470562336959788,-0.23795,0.18369999999999997
132-18-3,pa_h3n2,0.2111,0.79215,0.6344000000000001,0.6164333333333333,0.2764386833760186,0.7056,0.30046826094170637,-0.15774999999999995,-0.42330000000000007
132539-06-1,pa_h3n2,0.57165,0.62125,0.29069999999999996,0.4477083333333334,0.3434733565601074,0.7775000000000001,0.17825841027377456,-0.33055,0.28095000000000003
13292-46-1,pa_h3n2,0.053,0.5144500000000001,0.30135,0.33099166666666674,0.279241923786526,0.7764000000000001,0.23094928555853994,-0.21310000000000007,-0.24835000000000002
133-67-5,pa_h3n2,0.33335000000000004,0.60375,0.27805,0.3958333333333333,0.2234601955606412,0.6136,0.17428651697707429,-0.3257,0.055300000000000016
133099-07-7,pa_h3n2,0.2813,0.95905,0.728,0.7305666666666667,0.34561349751806086,0.9289000000000001,0.3445456077696149,-0.23104999999999998,-0.4467
133454-47-4,pa_h3n2,0.46185,0.40365,0.6692,0.546125,0.22728461159230878,0.5639,0.1395815562075926,0.26555,-0.20735000000000003
134308-13-7,pa_h3n2,0.3279,0.30335,0.7595000000000001,0.5355166666666668,0.29455533549176577,0.7546999999999999,0.2565651590402199,0.45615000000000006,-0.43160000000000004
134523-03-8,pa_h3n2,0.6746,0.098,0.8362,0.5632,0.351444741981818,0.8509,0.3880552709773871,0.7382000000000001,-0.16160000000000008
135729-62-3,pa_h3n2,0.6272,0.1508,0.4494,0.3795,0.22875285936282122,0.6295,0.2407390565183251,0.29860000000000003,0.17779999999999996
136-40-3,pa_h3n2,0.9382,0.42310000000000003,0.60555,0.600175,0.266453841531074,0.7494000000000001,0.2611742824884053,0.18245,0.33265
136572-09-3,pa_h3n2,0.20420000000000002,0.33605,0.24595,0.269025,0.1420161633993352,0.4057,0.06738631784964462,-0.09010000000000001,-0.04174999999999998
137-58-6,pa_h3n2,0.52405,0.72,0.49145000000000005,0.5730666666666666,0.19299372010508525,0.43449999999999994,0.1236219135105099,-0.22854999999999992,0.03259999999999996
137071-32-0,pa_h3n2,0.06735,0.36265000000000003,0.0791,0.17165833333333336,0.16438220098295317,0.4255,0.16720284836090565,-0.28355,-0.01175000000000001
138402-11-6,pa_h3n2,0.6566,0.99245,0.61835,0.749425,0.2545117443262687,0.5796,0.2058353286003159,-0.3741000000000001,0.038250000000000006
138530-94-6,pa_h3n2,0.3762,0.8845000000000001,0.72285,0.7189583333333335,0.261625391861468,0.7347,0.2597004155432435,-0.16165000000000007,-0.34665
138926-19-9,pa_h3n2,0.60605,0.641,0.46204999999999996,0.5457,0.2308369381186642,0.6525000000000001,0.09485129150412241,-0.17895000000000005,0.14400000000000002
139110-80-8,pa_h3n2,0.8288,0.35055000000000003,0.12565,0.31780833333333336,0.3306792161597097,0.8769,0.359101423695312,-0.22490000000000002,0.7031499999999999
140462-76-6,pa_h3n2,0.5589,0.8594999999999999,0.18014999999999998,0.46972499999999995,0.40199917785985584,0.8253,0.340423350403582,-0.6793499999999999,0.37875
141-90-2,pa_h3n2,0.37429999999999997,0.6127,0.27154999999999996,0.40239166666666665,0.22107656969173975,0.5684,0.17501211624722826,-0.34115000000000006,0.10275000000000001
141505-33-1,pa_h3n2,0.6906,0.92335,0.829,0.8373833333333334,0.21132259147253205,0.5804,0.11706767629595,-0.09435000000000004,-0.13839999999999997
141625-93-6,pa_h3n2,0.6617,0.9057,0.68695,0.7556583333333333,0.14886075036758348,0.38059999999999994,0.13417968363355162,-0.21875,-0.025249999999999995
142340-99-6,pa_h3n2,0.51265,0.7484999999999999,0.82005,0.7449666666666667,0.20519500643696634,0.5294,0.16085158013937356,0.07155,-0.3073999999999999
144-82-1,pa_h3n2,0.49695,0.7770999999999999,0.937,0.8103583333333333,0.24865395566261692,0.5791999999999999,0.22274650577132143,0.15990000000000015,-0.44005000000000005
144060-53-7,pa_h3n2,0.4698,0.9231499999999999,0.77895,0.7754916666666666,0.2814089669265474,0.7687999999999999,0.23162238845442668,-0.14419999999999988,-0.30915000000000004
144689-63-4,pa_h3n2,0.67135,0.7642,0.9581999999999999,0.8457250000000002,0.1468722358605147,0.38980000000000004,0.14636714396794565,0.19399999999999995,-0.28684999999999994
144701-48-4,pa_h3n2,0.57045,0.33565,0.42589999999999995,0.41990833333333333,0.1875529258636079,0.48310000000000003,0.11844183171498152,0.09024999999999994,0.14455000000000007
145040-37-5,pa_h3n2,0.03735,0.6911,0.73085,0.6020166666666666,0.37418035045505355,0.8985,0.3894250837238574,0.03974999999999995,-0.6935
145108-58-3,pa_h3n2,0.2696,0.7677,0.8706499999999999,0.7361583333333335,0.3226702057312802,0.8489,0.32144554100707845,0.10294999999999987,-0.6010499999999999
146464-95-1,pa_h3n2,0.4846,0.2008,0.3626,0.32899999999999996,0.24911022995185617,0.6036999999999999,0.14236436820122278,0.16179999999999997,0.122
147-94-4,pa_h3n2,0.57485,0.84405,0.50745,0.6308833333333334,0.2596521320279629,0.6803999999999999,0.17809686502949268,-0.3366,0.06740000000000002
147127-20-6,pa_h3n2,0.4122,0.6533,0.16805,0.37049166666666666,0.25650511430898737,0.5869,0.24262659753896176,-0.48524999999999996,0.24415
147403-03-0,pa_h3n2,0.59425,0.9825999999999999,0.80765,0.8303999999999999,0.21665935167138914,0.47450000000000003,0.19449198141140248,-0.17494999999999994,-0.21340000000000003
1476-53-5,pa_h3n2,0.28554999999999997,0.0532,0.31235,0.2215,0.1475449987856812,0.36369999999999997,0.14251519509628907,0.25915,-0.026800000000000046
148-79-8,pa_h3n2,0.41505,0.3935,0.86805,0.6343666666666666,0.31230270358526624,0.8139000000000001,0.2679773326856832,0.47454999999999997,-0.453
148849-67-6,pa_h3n2,0.06375,0.6872,0.33795,0.40866666666666673,0.2822174457163601,0.6864,0.31247696048402246,-0.34925000000000006,-0.2742
149647-78-9,pa_h3n2,0.3722,0.52035,0.6789000000000001,0.5749333333333333,0.19239941181476275,0.4911,0.1533793852945478,0.15855000000000008,-0.3067000000000001
150-76-5,pa_h3n2,0.5214,0.4939,0.16035,0.3317083333333333,0.20808683203573133,0.504,0.20098464078962186,-0.33355,0.36105
150322-43-3,pa_h3n2,0.35509999999999997,0.48324999999999996,0.5943,0.5174166666666666,0.13257613284449052,0.3974,0.11970182747143006,0.1110500000000001,-0.23920000000000008
150399-23-8,pa_h3n2,0.73645,0.9407000000000001,0.72085,0.7967333333333335,0.16445799058320842,0.44000000000000006,0.12267534729249126,-0.2198500000000001,0.015600000000000058
150683-30-0,pa_h3n2,0.5425,0.07285,0.58155,0.405475,0.28501642525767995,0.7079,0.28309942746910194,0.5087,-0.03905000000000003
1508-65-2,pa_h3n2,0.2329,0.8185,0.6787000000000001,0.6510000000000001,0.2989970969758737,0.7724,0.30583466121419267,-0.13979999999999992,-0.4458000000000001
1508-75-4,pa_h3n2,0.5366,0.2494,0.45039999999999997,0.3977666666666666,0.26602526697038886,0.5978,0.14737439850032746,0.20099999999999996,0.0862
1508-76-5,pa_h3n2,0.47319999999999995,0.326,0.01645,0.19575833333333334,0.32425176278112455,0.8088,0.23313429784854334,-0.30955,0.45674999999999993
152-62-5,pa_h3n2,0.8646,0.13985,0.7603,0.5708666666666666,0.3716789084680485,0.9318,0.3918118713107095,0.62045,0.10430000000000006
152520-56-4,pa_h3n2,0.898,0.9759,0.9897,0.9698166666666665,0.04773337057726664,0.1177999999999999,0.04944313231717155,0.013800000000000034,-0.0917
15307-81-0,pa_h3n2,0.14734999999999998,0.4097,0.21430000000000002,0.268275,0.17845780920617252,0.48610000000000003,0.13631518929794045,-0.1954,-0.06695000000000004
153559-49-0,pa_h3n2,0.6848,0.5897,0.1313,0.37634999999999996,0.26576654416987855,0.5903999999999999,0.29595518241787894,-0.45840000000000003,0.5535
154229-19-3,pa_h3n2,0.8892,0.3923,0.36745,0.46269166666666667,0.2851701720026132,0.6695,0.29432130826700265,-0.024849999999999983,0.5217499999999999
154361-50-9,pa_h3n2,0.8585499999999999,0.9761,0.9554,0.9461583333333334,0.07233896368255953,0.1997,0.06275138112689901,-0.02069999999999994,-0.0968500000000001
155206-00-1,pa_h3n2,0.67175,0.8074,0.50815,0.6351666666666667,0.21483072095644667,0.5123,0.1498423866378714,-0.29925,0.16359999999999997
155213-67-5,pa_h3n2,0.15845,0.4812,0.8531,0.6133583333333333,0.3348932093469001,0.894,0.34761468011770347,0.37189999999999995,-0.69465
156-57-0,pa_h3n2,0.24175000000000002,0.7673,0.30415,0.44813333333333333,0.2896579062733601,0.6784,0.2871133588555805,-0.46315,-0.062399999999999956
15686-71-2,pa_h3n2,0.4263,0.08464999999999999,0.26615,0.23234166666666667,0.20687434511477412,0.6254,0.17093614548518793,0.1815,0.16015000000000001
159811-51-5,pa_h3n2,0.51535,0.69415,0.94155,0.78805,0.25719229705935337,0.5675,0.21401816122313858,0.24739999999999995,-0.4262
160970-54-7,pa_h3n2,0.41215,0.9378,0.36034999999999995,0.5614666666666667,0.3147840847311058,0.8123,0.3194890882330725,-0.57745,0.05180000000000007
161735-79-1,pa_h3n2,0.051449999999999996,0.4495,0.32989999999999997,0.3233583333333333,0.190530110481257,0.45,0.20423938772920372,-0.11960000000000004,-0.27845
161814-49-9,pa_h3n2,0.43910000000000005,0.3751,0.3231,0.3597666666666666,0.31528656171806624,0.7024,0.058103356185335825,-0.05199999999999999,0.11600000000000005
162011-90-7,pa_h3n2,0.47030000000000005,0.70695,0.88615,0.7571083333333334,0.23751948972663273,0.4733,0.20858534823903616,0.17920000000000003,-0.41584999999999994
162401-32-3,pa_h3n2,0.26365,0.97525,0.98865,0.8633499999999997,0.3766135707415051,0.8309,0.4147648168942652,0.013400000000000079,-0.7250000000000001
163222-33-1,pa_h3n2,0.5039,0.9439500000000001,0.7731,0.7851833333333333,0.23276375505363087,0.6718,0.22184918488318442,-0.17085000000000006,-0.2692
164656-23-9,pa_h3n2,0.42819999999999997,0.3589,0.236,0.309,0.21708363058201016,0.5073,0.09733767684372445,-0.12290000000000001,0.19219999999999998
165800-03-3,pa_h3n2,0.09165000000000001,0.7477499999999999,0.5517,0.5403749999999999,0.3432600879799456,0.7844,0.3367859891681956,-0.19604999999999995,-0.46004999999999996
16676-29-2,pa_h3n2,0.3963,0.6705,0.45465,0.516875,0.16565984124102012,0.43459999999999993,0.14444236739959646,-0.21585,-0.05835000000000001
169590-42-5,pa_h3n2,0.9710000000000001,0.23820000000000002,0.25425,0.36835833333333334,0.3806095448969543,0.8291000000000001,0.4185259858519342,0.016049999999999953,0.7167500000000001
170729-80-3,pa_h3n2,0.2842,0.8865,0.64745,0.6665916666666666,0.29269783565991736,0.8363999999999999,0.3032767589183187,-0.23904999999999998,-0.36324999999999996
171599-83-0,pa_h3n2,0.47959999999999997,0.60925,0.9170499999999999,0.7415416666666667,0.3020661362461318,0.7222,0.22468958772789924,0.30779999999999996,-0.43744999999999995
17321-77-6,pa_h3n2,0.5901000000000001,0.75025,0.86835,0.7826083333333335,0.18343460596808517,0.4968,0.13965355646503713,0.11809999999999998,-0.2782499999999999
1744-22-5,pa_h3n2,0.42110000000000003,0.7152000000000001,0.4203,0.5187333333333334,0.1643686425893536,0.43019999999999997,0.17003012478185547,-0.29490000000000005,0.0008000000000000229
175865-59-5,pa_h3n2,0.4992,0.764,0.36365000000000003,0.5196916666666667,0.21838344641173393,0.4584,0.20362259411306333,-0.40035,0.13554999999999995
179324-69-7,pa_h3n2,0.7186,0.8524499999999999,0.8636999999999999,0.8357666666666668,0.12906160415346876,0.3084,0.08072215206083969,0.011249999999999982,-0.1450999999999999
179463-17-3,pa_h3n2,0.3463,0.93085,0.3588,0.5474,0.3612149853849736,0.8789,0.3339401530713749,-0.57205,-0.012500000000000011
18010-40-7,pa_h3n2,0.33030000000000004,0.21965,0.28625,0.27139166666666664,0.12959842077227127,0.37770000000000004,0.05570664981250743,0.06659999999999999,0.044050000000000034
183133-96-2,pa_h3n2,0.13205,0.5669500000000001,0.3892,0.40559166666666674,0.23519708048074633,0.5356,0.21865467256231536,-0.17775000000000007,-0.25715
186826-86-8,pa_h3n2,0.5174,0.45005,0.2961,0.3842999999999999,0.26324799271156213,0.6546,0.11343890793432972,-0.15395000000000003,0.2213
188062-50-2,pa_h3n2,0.50645,0.17004999999999998,0.9390000000000001,0.6105916666666666,0.35915069260687776,0.8645999999999999,0.38547558612705946,0.76895,-0.4325500000000001
190786-44-8,pa_h3n2,0.8569,0.2254,0.9027499999999999,0.6693250000000001,0.3409507437543826,0.7343,0.3785272986632976,0.6773499999999999,-0.045849999999999946
19171-19-8,pa_h3n2,0.6075,0.0826,0.01075,0.13415833333333335,0.327451452381367,0.8279000000000001,0.3257793207576769,-0.07185000000000001,0.59675
192725-17-0,pa_h3n2,0.95055,0.25755,0.9553,0.721925,0.36042481416609856,0.7582,0.4014819682542833,0.6977500000000001,-0.004750000000000032
19356-17-3,pa_h3n2,0.6950000000000001,0.31045,0.5085500000000001,0.4735916666666667,0.25720154483724755,0.7644,0.19230440929248954,0.19810000000000005,0.18645
19387-91-8,pa_h3n2,0.7322500000000001,0.6495,0.8713,0.7741916666666667,0.13395976137134116,0.361,0.11208457000556915,0.2218,-0.1390499999999999
1953-02-2,pa_h3n2,0.5166,0.9633499999999999,0.79265,0.8035416666666667,0.24852712259764861,0.6516,0.22543574657390367,-0.17069999999999996,-0.27605
196597-26-9,pa_h3n2,0.6071,0.73885,0.53825,0.6165916666666666,0.15710560354954456,0.45350000000000007,0.1019303234240593,-0.2006,0.06884999999999997
19767-45-4,pa_h3n2,0.9184,0.96055,0.9128499999999999,0.929675,0.05758551901302964,0.15599999999999992,0.026085484469336614,-0.047700000000000076,0.005550000000000055
19774-82-4,pa_h3n2,0.7477499999999999,0.89865,0.91565,0.882,0.10577435259393776,0.2603,0.09242133592051859,0.017000000000000015,-0.16790000000000005
198480-56-7,pa_h3n2,0.039099999999999996,0.32395,0.17385,0.20142500000000005,0.19751659845862746,0.5455000000000001,0.14249391507476147,-0.1501,-0.13475
201530-41-8,pa_h3n2,0.40625,0.80515,0.86575,0.7689666666666667,0.28181140797821985,0.7782,0.24964435369808255,0.06059999999999999,-0.4595
202138-50-9,pa_h3n2,0.22185,0.32355,0.6021,0.445875,0.24129506418491034,0.7417,0.19685995656811467,0.27854999999999996,-0.38025
2030-63-9,pa_h3n2,0.6081,0.24275000000000002,0.36879999999999996,0.3666666666666667,0.2855712573071737,0.7664,0.18557734910273935,0.12604999999999994,0.2393
204255-11-8,pa_h3n2,0.73255,0.3056,0.37315,0.41053333333333336,0.27297748380895204,0.7129000000000001,0.22949860747580442,0.06755,0.35940000000000005
2062-78-4,pa_h3n2,0.4306,0.2468,0.8762,0.5921333333333334,0.356901329034604,0.8305,0.3236474831252876,0.6294,-0.4456
2068-78-2,pa_h3n2,0.389,0.4074,0.41080000000000005,0.4060333333333334,0.18212770245078042,0.4878,0.011728597529116608,0.0034000000000000696,-0.02180000000000004
211915-06-9,pa_h3n2,0.41365,0.363,0.5428499999999999,0.46136666666666665,0.13877690970282724,0.36729999999999996,0.09273985568962963,0.17984999999999995,-0.12919999999999993
21256-18-8,pa_h3n2,0.47995,0.52485,0.7666999999999999,0.6382916666666667,0.21944047028750188,0.5922000000000001,0.15423628788323449,0.2418499999999999,-0.28674999999999995
2135-17-3,pa_h3n2,0.48785,0.59995,0.6517,0.6071416666666667,0.22596514480482752,0.6369,0.08375688528911118,0.05174999999999996,-0.16384999999999994
21679-14-1,pa_h3n2,0.42279999999999995,0.47045000000000003,0.49585,0.4752083333333334,0.2761779402245347,0.7642,0.037085453122934015,0.025399999999999978,-0.07305000000000006
21736-83-4,pa_h3n2,0.17959999999999998,0.7742,0.17195,0.373975,0.3334470077838456,0.8565,0.3455220072585826,-0.60225,0.00764999999999999
2192-20-3,pa_h3n2,0.14495000000000002,0.5894,0.80675,0.624,0.3405294700903286,0.7366999999999999,0.3373317024828825,0.21734999999999993,-0.6617999999999999
220127-57-1,pa_h3n2,0.1268,0.53545,0.42585,0.41254166666666664,0.21659496762390396,0.5616,0.21151748745671123,-0.10959999999999998,-0.29905000000000004
220620-09-7,pa_h3n2,0.16015000000000001,0.5311,0.73355,0.5705,0.2819421831983761,0.7203,0.29079702686467296,0.20245000000000002,-0.5734
22254-24-6,pa_h3n2,0.33405,0.759,0.18455,0.4009500000000001,0.31674097093155895,0.7972,0.298028397696148,-0.57445,0.14950000000000002
22260-51-1,pa_h3n2,0.2672,0.8772,0.96925,0.8215583333333334,0.35354755125725307,0.8226,0.3815423534812354,0.09204999999999997,-0.70205
223673-61-8,pa_h3n2,0.4082,0.1732,0.91925,0.5853916666666668,0.35657558759212143,0.9199999999999999,0.38144193638525553,0.74605,-0.51105
224785-90-4,pa_h3n2,0.41565,0.5329,0.4868,0.49030833333333335,0.06338289201353942,0.1773,0.05906930251831319,-0.04610000000000003,-0.07114999999999999
22916-47-8,pa_h3n2,0.7186999999999999,0.54985,0.48835,0.5472416666666666,0.2900471662793255,0.6614,0.11927118609845934,-0.061499999999999944,0.2303499999999999
229975-97-7,pa_h3n2,0.653,0.9789,0.90055,0.8854083333333334,0.15566488043229273,0.38769999999999993,0.17011296981711888,-0.07835000000000003,-0.24754999999999994
231277-92-2,pa_h3n2,0.73535,0.36324999999999996,0.5325500000000001,0.5099166666666667,0.24429447326263168,0.5291,0.18630116299511748,0.16930000000000012,0.20279999999999987
23651-95-8,pa_h3n2,0.9045000000000001,0.36045000000000005,0.7382,0.64,0.26166604224978574,0.7148,0.2787893933300428,0.3777499999999999,0.16630000000000011
242478-38-2,pa_h3n2,0.4711,0.80225,0.40985000000000005,0.5508583333333334,0.32022786054100083,0.8052,0.21110409951806555,-0.39239999999999997,0.06124999999999997
2447-57-6,pa_h3n2,0.38334999999999997,0.27015,0.1753,0.24159166666666665,0.21218902579225596,0.6146,0.1041597851060251,-0.09484999999999999,0.20804999999999996
24729-96-2,pa_h3n2,0.905,0.7633,0.999,0.9047666666666666,0.13179139577377577,0.3588,0.11865171722314011,0.23570000000000002,-0.09399999999999997
25332-39-2,pa_h3n2,0.76315,0.61565,0.8548,0.7598083333333334,0.17375259038836416,0.43899999999999995,0.12065701733978562,0.23914999999999997,-0.09165000000000001
25451-15-4,pa_h3n2,0.7478,0.9634499999999999,0.6249499999999999,0.7582583333333331,0.16116965802118793,0.3982,0.17135698361413032,-0.3385,0.12285000000000013
2627-69-2,pa_h3n2,0.082,0.96265,0.32055,0.494825,0.41139126712494356,0.9296000000000001,0.4554746489469346,-0.6421,-0.23854999999999998
26807-65-8,pa_h3n2,0.35565,0.60135,0.7012,0.610325,0.1763612618084444,0.48429999999999995,0.17783105981052166,0.09985,-0.34555
269055-15-4,pa_h3n2,0.93565,0.44435,0.9914000000000001,0.7997583333333332,0.3082239164417107,0.7893,0.3010391599664956,0.54705,-0.05575000000000008
274693-27-5,pa_h3n2,0.36474999999999996,0.30274999999999996,0.93345,0.6284333333333333,0.37956690451091757,0.9631000000000001,0.34762196420824737,0.6307,-0.5687
27833-64-3,pa_h3n2,0.19075,0.42674999999999996,0.7101,0.5290916666666666,0.2529332850114169,0.6658,0.2600344993137128,0.28335,-0.51935
2809-21-4,pa_h3n2,0.9121,0.9961,0.99675,0.9824250000000001,0.04872943326847405,0.12129999999999996,0.04868614621566727,0.0006500000000000394,-0.08465
28657-80-9,pa_h3n2,0.2112,0.2914,0.4986,0.3816333333333333,0.25984736801951,0.6944,0.14830297816744387,0.2072,-0.2874
286930-03-8,pa_h3n2,0.34495000000000003,0.3668,0.34609999999999996,0.35280833333333333,0.24370686011408602,0.5502,0.012296578114798179,-0.02070000000000005,-0.0011499999999999289
297-76-7,pa_h3n2,0.3519,0.004200000000000001,0.21285,0.166475,0.16759636929241636,0.3818,0.17500714985394167,0.20865,0.13904999999999998
302-79-4,pa_h3n2,0.06845,0.54635,0.9902,0.6886249999999999,0.4134965924889829,0.9711000000000001,0.46097980704147984,0.44384999999999997,-0.92175
302962-49-8,pa_h3n2,0.5152,0.10115,0.1265,0.18283333333333332,0.22395336493713744,0.5141,0.23208034348762355,0.025349999999999998,0.3887
304-20-1,pa_h3n2,0.58865,0.78,0.69775,0.7069833333333334,0.24750897357469687,0.6425000000000001,0.09598844982600772,-0.08225000000000005,-0.10909999999999997
3056-17-5,pa_h3n2,0.15439999999999998,0.80035,0.8324,0.7087166666666667,0.3514187212808485,0.8557,0.3825272550202578,0.03205000000000002,-0.678
30652-11-0,pa_h3n2,0.21350000000000002,0.9807,0.28225,0.5036083333333334,0.388787524233996,0.9095,0.42449083323435854,-0.69845,-0.06874999999999998
319460-85-0,pa_h3n2,0.88455,0.99895,0.97885,0.9698333333333333,0.08684246465103732,0.2198,0.06107899256973168,-0.020100000000000007,-0.09430000000000005
320345-99-1,pa_h3n2,0.29075,0.8775999999999999,0.9539500000000001,0.8179666666666666,0.3312857477566258,0.7639,0.3628719895959639,0.07635000000000014,-0.6632
321-30-2,pa_h3n2,0.20070000000000002,0.3806,0.6536,0.48711666666666664,0.2186242042104823,0.6223000000000001,0.22803925831604813,0.27299999999999996,-0.45289999999999997
33069-62-4,pa_h3n2,0.37984999999999997,0.65445,0.0916,0.3272583333333333,0.29275586415988325,0.7931,0.28145258481669694,-0.56285,0.28824999999999995
330784-47-9,pa_h3n2,0.34655,0.45594999999999997,0.47575,0.4476166666666666,0.10248432888333056,0.24739999999999995,0.06958572650575211,0.01980000000000004,-0.12919999999999998
33402-03-8,pa_h3n2,0.50725,0.53515,0.17670000000000002,0.351275,0.1986216873019325,0.4717,0.1993857713913742,-0.35845,0.33054999999999995
33419-42-0,pa_h3n2,0.81475,0.81995,0.94135,0.8797833333333335,0.095968065869156,0.2573,0.07163863017488077,0.12140000000000006,-0.12660000000000005
341031-54-7,pa_h3n2,0.9893000000000001,0.97605,0.9379500000000001,0.9592083333333333,0.029365058601451267,0.07920000000000005,0.026658316400953244,-0.03809999999999991,0.05135000000000001
34183-22-7,pa_h3n2,0.8471500000000001,0.38615000000000005,0.7652,0.6525083333333334,0.3218235582841422,0.9335,0.24593891687435995,0.37904999999999994,0.08195000000000008
34381-68-5,pa_h3n2,0.4309,0.9041,0.9589,0.8526333333333334,0.2719975048905167,0.6697,0.2903174354621736,0.05479999999999996,-0.528
34552-83-5,pa_h3n2,0.46525000000000005,0.6087,0.53305,0.5469666666666667,0.19139376862026272,0.5639,0.07176078896816374,-0.07565,-0.06779999999999997
34580-14-8,pa_h3n2,0.1293,0.6890499999999999,0.41300000000000003,0.4577333333333333,0.3439209487658465,0.8909,0.27988371245929977,-0.2760499999999999,-0.28370000000000006
3543-75-7,pa_h3n2,0.08545,0.44110000000000005,0.2726,0.29757500000000003,0.18177577854782156,0.49920000000000003,0.17790648058273015,-0.16850000000000004,-0.18715
36322-90-4,pa_h3n2,0.6376999999999999,0.83595,0.556,0.6629333333333333,0.28281023142736544,0.7082,0.14396177444030062,-0.2799499999999999,0.08169999999999988
364782-34-3,pa_h3n2,0.57175,0.5532,0.25675000000000003,0.40806666666666674,0.3257070872220416,0.7987,0.1767539273491068,-0.29645,0.31499999999999995
367514-88-3,pa_h3n2,0.11155000000000001,0.19855,0.29135,0.23044999999999996,0.10339619754452611,0.2954,0.08991559004607229,0.0928,-0.1798
36791-04-5,pa_h3n2,0.7402,0.50635,0.49965,0.541975,0.23327943472725296,0.5499,0.13698845145972463,-0.006699999999999984,0.24054999999999999
3717-88-2,pa_h3n2,0.9434,0.6199,0.80045,0.7640916666666665,0.23011667837570282,0.6061,0.16211377434793545,0.18055,0.14295000000000002
3801-06-7,pa_h3n2,0.24130000000000001,0.59985,0.4898,0.4850666666666667,0.20606328882166275,0.4729,0.1836760531479267,-0.11004999999999998,-0.2485
380843-75-4,pa_h3n2,0.3432,0.919,0.9594,0.8432333333333334,0.3637011502135602,0.9231,0.34469315823400576,0.04039999999999999,-0.6162000000000001
38194-50-2,pa_h3n2,0.8169500000000001,0.81055,0.92545,0.8690666666666668,0.06700595247190108,0.16569999999999996,0.06456936838264202,0.1149,-0.10849999999999993
38304-91-5,pa_h3n2,0.18630000000000002,0.58955,0.96715,0.7111416666666668,0.39610169906224846,0.9056000000000001,0.39049520803717935,0.37759999999999994,-0.7808499999999999
389-08-2,pa_h3n2,0.308,0.35025,0.0877,0.2119333333333333,0.1445988900372337,0.3919,0.14097851786708498,-0.26255,0.2203
3963-95-9,pa_h3n2,0.2429,0.26935,0.6225499999999999,0.44154166666666667,0.2520876249772421,0.5962000000000001,0.21196853736659438,0.35319999999999996,-0.37964999999999993
3978-86-7,pa_h3n2,0.5844,0.12415000000000001,0.33265,0.3051083333333333,0.22048299405320734,0.5824,0.23046343708565428,0.2085,0.25175000000000003
405165-61-9,pa_h3n2,0.5637000000000001,0.34605,0.21839999999999998,0.3185,0.2288391465636944,0.5541,0.17459387875867818,-0.12765000000000004,0.3453000000000001
41340-25-4,pa_h3n2,0.3731,0.86575,0.33440000000000003,0.5179666666666668,0.3145309677387374,0.8325,0.2962359799776748,-0.53135,0.03869999999999996
42057-22-7,pa_h3n2,0.29685,0.4868,0.86395,0.6437166666666666,0.3244664666803027,0.8131999999999999,0.2886536376004986,0.37715,-0.5670999999999999
42461-84-7,pa_h3n2,0.62895,0.04065,0.15644999999999998,0.1966,0.3416843616556075,0.8990999999999999,0.31165225813396574,0.11579999999999999,0.47250000000000003
42924-53-8,pa_h3n2,0.16770000000000002,0.8766,0.8550500000000001,0.7476750000000001,0.37685203152784874,0.9087000000000001,0.4032066540042877,-0.021549999999999958,-0.6873500000000001
4342-03-4,pa_h3n2,0.5445,0.9048,0.9732,0.8789500000000001,0.25549891584897183,0.6736,0.23031801926900988,0.0683999999999999,-0.42869999999999997
440-17-5,pa_h3n2,0.67515,0.9127000000000001,0.95555,0.8945333333333334,0.15197382669394094,0.4058999999999999,0.1510465077385108,0.042849999999999944,-0.2804
443913-73-3,pa_h3n2,0.4259,0.7462,0.6478,0.6436166666666666,0.1582171503556636,0.4138,0.1640702390238197,-0.09839999999999993,-0.22190000000000004
444731-52-6,pa_h3n2,0.9393,0.9302,0.91325,0.9232416666666667,0.056468590089240475,0.13660000000000005,0.013220659338071365,-0.01695000000000002,0.026050000000000018
446-86-6,pa_h3n2,0.9441999999999999,0.5991,0.7853,0.7497166666666667,0.25708105336644316,0.7139,0.1727298758177056,0.18620000000000003,0.15889999999999993
452-35-7,pa_h3n2,0.28400000000000003,0.21860000000000002,0.41425,0.327325,0.1362108426912728,0.33999999999999997,0.09960015478568962,0.19565,-0.13024999999999998
4682-36-4,pa_h3n2,0.274,0.18430000000000002,0.4639,0.33905,0.1660945152616425,0.368,0.14276102409271235,0.27959999999999996,-0.18989999999999996
475207-59-1,pa_h3n2,0.7007,0.89985,0.7883,0.8108833333333334,0.13268539356940035,0.364,0.09981473254652011,-0.11155000000000004,-0.08760000000000001
479-18-5,pa_h3n2,0.39425,0.13345,0.1101,0.16524166666666668,0.17071346754137473,0.4734,0.15774614892288177,-0.02335000000000001,0.28415
496775-61-2,pa_h3n2,0.19955,0.3368,0.18919999999999998,0.24012499999999995,0.22935523320822654,0.6032,0.08239179267378517,-0.1476,0.010350000000000026
50-01-1,pa_h3n2,0.7013,0.69095,0.8512500000000001,0.7728250000000001,0.19648466267540238,0.5236,0.08971084568397146,0.1603000000000001,-0.14995000000000003
50-02-2,pa_h3n2,0.1735,0.0171,0.2696,0.16941666666666666,0.12571960865354298,0.26940000000000003,0.1274443800251702,0.2525,-0.09610000000000002
50-04-4,pa_h3n2,0.6490499999999999,0.47409999999999997,0.29145,0.4119333333333333,0.19170870263675213,0.49069999999999997,0.17881381611422903,-0.18264999999999998,0.3575999999999999
50-27-1,pa_h3n2,0.4028,0.7235,0.45355,0.535075,0.2808740316701896,0.7967,0.17238380386026217,-0.26995,-0.05075000000000002
50-28-2,pa_h3n2,0.4941,0.3769,0.2403,0.32813333333333333,0.26859258862944574,0.6639999999999999,0.12702351488339997,-0.1366,0.25379999999999997
50-35-1,pa_h3n2,0.0636,0.28805000000000003,0.8028500000000001,0.5080416666666666,0.34380014931158287,0.8172,0.37900910389241754,0.5148,-0.7392500000000001
50-41-9,pa_h3n2,0.45180000000000003,0.905,0.81335,0.7836416666666667,0.2862317621555418,0.8090999999999999,0.23962066028064719,-0.09165000000000001,-0.36155
50-55-5,pa_h3n2,0.15905,0.07195,0.10314999999999999,0.10206666666666668,0.06497240696377707,0.1763,0.044129846287216244,0.03119999999999999,0.055900000000000005
50-63-5,pa_h3n2,0.4038,0.6278,0.7696000000000001,0.6613666666666667,0.201830800424514,0.5954,0.18443286041267162,0.14180000000000004,-0.36580000000000007
50-78-2,pa_h3n2,0.6776,0.7984,0.31189999999999996,0.5350166666666666,0.26903797997061063,0.5954,0.253315146276991,-0.48650000000000004,0.3657
50-81-7,pa_h3n2,0.36075,0.61255,0.46565,0.4971333333333334,0.25796440645949587,0.6257,0.12648244937539754,-0.14690000000000003,-0.1049
50-91-9,pa_h3n2,0.8673,0.44075,0.4866,0.5347666666666666,0.25640962085434055,0.6589,0.234157929255734,0.04585,0.3807
50700-72-6,pa_h3n2,0.5564,0.8232999999999999,0.16085,0.44759166666666667,0.30714103220941785,0.8146,0.3333005188014764,-0.66245,0.39555
51-21-8,pa_h3n2,0.86085,0.9052,0.39935,0.6448833333333334,0.2736911836358636,0.7266,0.2801289569109199,-0.50585,0.4615
51-52-5,pa_h3n2,0.04105,0.0804,0.14715,0.10721666666666667,0.07095411662945757,0.1663,0.053636422637358405,0.06675,-0.1061
51022-70-9,pa_h3n2,0.18064999999999998,0.1116,0.33775,0.23618333333333333,0.1684403752073712,0.4394,0.11589660262492597,0.22615,-0.15710000000000002
51333-22-3,pa_h3n2,0.09255,0.21089999999999998,0.3366,0.254025,0.16427651992905132,0.4494,0.1220434451332803,0.12570000000000003,-0.24405000000000002
51481-61-9,pa_h3n2,0.74225,0.99785,0.8403,0.8764750000000001,0.1296711173186484,0.34950000000000003,0.12894906294088895,-0.15754999999999997,-0.09805000000000008
51803-78-2,pa_h3n2,0.4188,0.5439,0.0453,0.27375,0.3738031888574521,0.8212,0.25940772926032873,-0.49860000000000004,0.3735
518048-05-0,pa_h3n2,0.06725,0.54655,0.5963,0.4915416666666666,0.32093921958318944,0.765,0.29214649721215785,0.04975000000000007,-0.52905
52-21-1,pa_h3n2,0.66925,0.0659,0.2364,0.25170833333333337,0.30678811417654367,0.8213,0.3110360630216374,0.17049999999999998,0.43285
52-86-8,pa_h3n2,0.8365,0.92205,0.41054999999999997,0.6520416666666666,0.2637623526333253,0.6971,0.27397823970770624,-0.5115000000000001,0.42595000000000005
521-78-8,pa_h3n2,0.7311,0.5574,0.72595,0.6706249999999999,0.26901381686944387,0.744,0.09883261523066832,0.16854999999999998,0.005149999999999988
527-07-1,pa_h3n2,0.2843,0.4318,0.48765,0.4351416666666667,0.22843690376119177,0.5827,0.10506085141478723,0.055849999999999955,-0.20334999999999998
53-86-1,pa_h3n2,0.4712,0.5289999999999999,0.1911,0.35041666666666665,0.1809488325466622,0.4946,0.18072689340549178,-0.3378999999999999,0.2801
53123-88-9,pa_h3n2,0.5042,0.9897,0.9555499999999999,0.8917083333333334,0.3061755863335068,0.7862,0.27098379256577937,-0.034150000000000125,-0.4513499999999999
532-03-6,pa_h3n2,0.29485,0.7605500000000001,0.5795,0.5924083333333333,0.2988552001666805,0.7304,0.2347627224099545,-0.18105000000000004,-0.28465
5370-01-4,pa_h3n2,0.59055,0.8148,0.9682,0.8541250000000001,0.22115650943769813,0.5884,0.18992943645821023,0.15339999999999998,-0.37764999999999993
53885-35-1,pa_h3n2,0.6183,0.8484499999999999,0.9759,0.8738166666666666,0.1830109987587267,0.48179999999999995,0.18124122277598256,0.12745000000000006,-0.35760000000000003
54-85-3,pa_h3n2,0.6636,0.62215,0.12315000000000001,0.3795583333333333,0.29038384022990443,0.686,0.3007782419546556,-0.499,0.54045
54029-12-8,pa_h3n2,0.4184,0.45310000000000006,0.85685,0.6491916666666666,0.25666862228692205,0.6854,0.2437404887033201,0.40374999999999994,-0.43845
540737-29-9,pa_h3n2,0.1779,0.31365,0.36815,0.31827500000000003,0.1582060260124963,0.4557999999999999,0.0979739548723707,0.05449999999999999,-0.19024999999999997
541-15-1,pa_h3n2,0.6476,0.8011,0.219,0.4844666666666666,0.283856851247244,0.7557,0.3016898573038212,-0.5821000000000001,0.4286
541-22-0,pa_h3n2,0.7051000000000001,0.11080000000000001,0.6515,0.4802,0.3104284179431172,0.7776,0.3287405106361754,0.5407,0.05360000000000009
5451-09-2,pa_h3n2,0.0786,0.95835,0.3182,0.49165,0.40915265814444696,0.9538,0.45481869006597925,-0.64015,-0.23959999999999998
54527-84-3,pa_h3n2,0.59465,0.88375,0.64,0.7136916666666666,0.20208760146695462,0.4586,0.15548284739267332,-0.24375000000000002,-0.04535
548-62-9,pa_h3n2,0.4275,0.7058500000000001,0.62365,0.6183583333333335,0.2190321315849952,0.6753,0.1430095480495388,-0.08220000000000005,-0.19615000000000005
548-73-2,pa_h3n2,0.48395,0.3256,0.6723,0.5253416666666667,0.3037968910308333,0.7578,0.17356619054412642,0.3467,-0.18835000000000002
549-18-8,pa_h3n2,0.07050000000000001,0.61205,0.45494999999999997,0.4432416666666667,0.2813019706057294,0.7335999999999999,0.2786152110587886,-0.15710000000000002,-0.38444999999999996
55-06-1,pa_h3n2,0.7293499999999999,0.7165999999999999,0.87595,0.7984,0.09613367082696193,0.25150000000000006,0.08854993412382271,0.1593500000000001,-0.14660000000000006
55-98-1,pa_h3n2,0.61185,0.52245,0.3777,0.46497499999999997,0.32289693092378563,0.8633,0.11816030424808495,-0.14475,0.23415000000000002
550-99-2,pa_h3n2,0.14859999999999998,0.10844999999999999,0.35965,0.24074166666666666,0.1647350559737261,0.4561,0.13494169419913676,0.25120000000000003,-0.21105000000000004
55079-83-9,pa_h3n2,0.54055,0.69895,0.9350499999999999,0.7906000000000001,0.34100185776620046,0.8876,0.19852120793507175,0.23609999999999998,-0.39449999999999996
55268-74-1,pa_h3n2,0.2938,0.49805,0.28025,0.3551083333333333,0.15324769057531232,0.43290000000000006,0.1220235667128827,-0.2178,0.013550000000000006
553-08-2,pa_h3n2,0.0511,0.9908,0.9872000000000001,0.8323833333333334,0.48500092233589276,0.9861,0.5414998091720193,-0.0035999999999999366,-0.9361
555-30-6,pa_h3n2,0.7150000000000001,0.36045000000000005,0.83265,0.6556416666666667,0.27062281992963316,0.7767,0.24580482264051154,0.47219999999999995,-0.11764999999999992
5593-20-4,pa_h3n2,0.00315,0.67185,0.29455,0.37174999999999997,0.31369440808957155,0.7613,0.33526828560621913,-0.37729999999999997,-0.2914
56-85-9,pa_h3n2,0.7060500000000001,0.26185,0.19469999999999998,0.30230833333333335,0.2663967091888837,0.6164000000000001,0.277879345819968,-0.06715000000000004,0.5113500000000001
56180-94-0,pa_h3n2,0.5621,0.65915,0.51435,0.5705749999999999,0.195832700708198,0.5437,0.07378550557754102,-0.14480000000000004,0.04775000000000007
56211-40-6,pa_h3n2,0.8807,0.80175,0.87175,0.8499083333333334,0.11849170435097979,0.29890000000000005,0.043230400183204454,0.07000000000000006,0.008950000000000014
56296-78-7,pa_h3n2,0.8048,0.17315,0.9759,0.6798000000000001,0.3806026085915159,0.8489,0.422820784533274,0.80275,-0.17110000000000003
57-41-0,pa_h3n2,0.8028,0.7141500000000001,0.50025,0.6219750000000001,0.23494360174305665,0.629,0.15553592028853014,-0.2139000000000001,0.30255
57-66-9,pa_h3n2,0.3922,0.9001,0.54695,0.638875,0.24790379921789557,0.5670999999999999,0.26032828473551106,-0.35314999999999996,-0.15475000000000005
57-68-1,pa_h3n2,0.44365,0.1642,0.6099,0.433625,0.22916809914703806,0.4948,0.22523315882288142,0.4457,-0.16625
57248-88-1,pa_h3n2,0.45355,0.97695,0.98915,0.8958166666666667,0.31454236439627653,0.7897000000000001,0.30576782041280925,0.012199999999999989,-0.5356
57808-65-8,pa_h3n2,0.48545,0.8906499999999999,0.27294999999999997,0.5142666666666668,0.30110856126431657,0.8594,0.3138196350347335,-0.6176999999999999,0.21250000000000002
57852-57-0,pa_h3n2,0.80445,0.7535499999999999,0.29475,0.5326333333333334,0.292938351307347,0.7844,0.2807378195636158,-0.45879999999999993,0.5097
5786-21-0,pa_h3n2,0.04955,0.83785,0.933,0.7540416666666667,0.43529649665486625,0.9331999999999999,0.4849320081207262,0.09515000000000007,-0.8834500000000001
58-32-2,pa_h3n2,0.1314,0.55505,0.8264,0.6201166666666666,0.3177467571300558,0.759,0.3502701683462829,0.27135,-0.6950000000000001
58-56-0,pa_h3n2,0.0891,0.3566,0.4195,0.34346666666666664,0.24320413647798014,0.5564,0.17544078773192961,0.06290000000000001,-0.33039999999999997
58-61-7,pa_h3n2,0.44085,0.08045,0.09495,0.14776666666666669,0.19639508564795266,0.5067,0.2040201052184155,0.014500000000000013,0.3459
58-96-8,pa_h3n2,0.44845,0.5575,0.4339,0.47752500000000003,0.22545875676052152,0.6300000000000001,0.06755314574466535,-0.12359999999999999,0.014550000000000007
58579-51-4,pa_h3n2,0.05925,0.87245,0.96645,0.7839166666666665,0.45254519074526317,0.9486,0.4988557039198142,0.09400000000000008,-0.9072
5874-97-5,pa_h3n2,0.47814999999999996,0.9577,0.99165,0.8947499999999998,0.2590500466447877,0.5678000000000001,0.2871709871023418,0.033950000000000036,-0.5135000000000001
59-05-2,pa_h3n2,0.71735,0.8596999999999999,0.3759,0.594075,0.22279388157367935,0.5112,0.24863429134641366,-0.4837999999999999,0.34145000000000003
59-67-6,pa_h3n2,0.53355,0.1104,0.08425,0.16785000000000003,0.2402422083370586,0.6139,0.25219378627026745,-0.026149999999999993,0.4493
59-87-0,pa_h3n2,0.16415,0.94415,0.9937,0.838925,0.4205351336888116,0.9243,0.4652971102782967,0.04954999999999998,-0.82955
590-63-6,pa_h3n2,0.98055,0.9721,0.9403,0.9576083333333334,0.03926685200861748,0.1059,0.021223827019021167,-0.03179999999999994,0.04025000000000001
595-33-5,pa_h3n2,0.37715,0.42385,0.68155,0.5449166666666666,0.2833620258020942,0.7518,0.1639357292762421,0.2577,-0.3044
60-32-2,pa_h3n2,0.33775,0.02305,0.2736,0.200775,0.269509359144848,0.6399,0.1662962291614976,0.25055,0.06414999999999998
60-56-0,pa_h3n2,0.6706000000000001,0.8371999999999999,0.95335,0.8675083333333333,0.13385349329272905,0.3268,0.14212315375523205,0.11615000000000009,-0.28274999999999995
6018-19-5,pa_h3n2,0.6199,0.9303,0.6296999999999999,0.7282666666666665,0.18709228382449844,0.5030000000000001,0.17644855718688476,-0.3006000000000001,-0.00979999999999992
603-50-9,pa_h3n2,0.25565,0.25005,0.5933999999999999,0.42265833333333336,0.1906302249557154,0.4868,0.19663657043727478,0.34334999999999993,-0.33774999999999994
61-16-5,pa_h3n2,0.3862,0.29655,0.1996,0.2630166666666666,0.17111707590613703,0.46649999999999997,0.09332379564362633,-0.09694999999999998,0.1866
61-76-7,pa_h3n2,0.4837,0.90995,0.6717500000000001,0.7198083333333333,0.19362814533705236,0.43400000000000005,0.21361612961884066,-0.23819999999999997,-0.18805000000000005
61318-91-0,pa_h3n2,0.11595,0.30865,0.46675,0.3555833333333333,0.24819048665625093,0.6796,0.17568415788947314,0.15810000000000002,-0.3508
61718-82-9,pa_h3n2,0.7599,0.6475,0.27895000000000003,0.4819583333333333,0.27468614392915175,0.6544,0.2515868852570287,-0.36854999999999993,0.48095
61825-94-3,pa_h3n2,0.23714999999999997,0.8732,0.94295,0.8020666666666667,0.35698855817332115,0.7957000000000001,0.3889255080774895,0.06974999999999998,-0.7058
62-31-7,pa_h3n2,0.66055,0.9852000000000001,0.22089999999999999,0.5489416666666668,0.35149379178965123,0.8723,0.3835892410291683,-0.7643000000000001,0.43965
62-97-5,pa_h3n2,0.7394499999999999,0.4243,0.4298,0.4795749999999999,0.2754680047966854,0.727,0.18038518740000056,0.005500000000000005,0.3096499999999999
62013-04-1,pa_h3n2,0.35395,0.7725,0.63945,0.6362166666666668,0.24276436037167126,0.7419,0.21385222896508077,-0.13305,-0.2855
624-49-7,pa_h3n2,0.27345,0.66605,0.64795,0.5915666666666667,0.2740719084474,0.7091,0.22162754792669614,-0.018100000000000005,-0.3745
62571-86-2,pa_h3n2,0.27835,0.34925,0.9301999999999999,0.6279083333333333,0.32405117291357954,0.7066999999999999,0.3576399807534573,0.5809499999999999,-0.6518499999999999
62893-19-0,pa_h3n2,0.7079500000000001,0.3299,0.1211,0.28850833333333337,0.34935447566428385,0.903,0.2974648900850878,-0.20880000000000004,0.5868500000000001
63-45-6,pa_h3n2,0.20745,0.0928,0.2313,0.1811583333333333,0.1845709664781183,0.4074,0.07404468808316593,0.1385,-0.02385000000000001
63-74-1,pa_h3n2,0.29660000000000003,0.30905,0.11405000000000001,0.209475,0.22990483248509588,0.5372,0.10916692493608125,-0.19499999999999998,0.18255000000000002
63-92-3,pa_h3n2,0.42115,0.49985,0.84855,0.6610833333333334,0.2219973040376842,0.4929,0.2274701958499179,0.3487,-0.4274
635728-49-3,pa_h3n2,0.6019,0.23070000000000002,0.80815,0.5812916666666667,0.30575160124955464,0.7077,0.2926251883097785,0.57745,-0.20625000000000004
63659-19-8,pa_h3n2,0.31515000000000004,0.19224999999999998,0.12819999999999998,0.18070833333333333,0.13443964693001342,0.3035,0.09500624102306826,-0.06405,0.18695000000000006
64-75-5,pa_h3n2,0.57755,0.81725,0.35855,0.54795,0.2647705780482416,0.682,0.229427831790304,-0.45870000000000005,0.21900000000000003
64-77-7,pa_h3n2,0.1469,0.53285,0.84435,0.624275,0.35554761518911454,0.9172,0.3493866423224181,0.3115,-0.69745
641571-10-0,pa_h3n2,0.563,0.8673500000000001,0.27905,0.522475,0.2910437149295617,0.7793,0.2942089436098094,-0.5883,0.2839499999999999
64228-81-5,pa_h3n2,0.43994999999999995,0.8239,0.64635,0.6711333333333335,0.21544221189605964,0.6086,0.1921555641487733,-0.17754999999999999,-0.20640000000000003
64461-82-1,pa_h3n2,0.80495,0.7584,0.09015,0.43203333333333327,0.37140014360076207,0.8663,0.39992999491577685,-0.66825,0.7148000000000001
645-05-6,pa_h3n2,0.21345,0.6817500000000001,0.5969,0.5612750000000001,0.2788798283610105,0.8227,0.249512295956198,-0.08485000000000009,-0.38344999999999996
64872-77-1,pa_h3n2,0.49375,0.88805,0.71545,0.7360333333333334,0.1992746789400667,0.5336000000000001,0.19765885594461316,-0.17259999999999998,-0.2217
6493-05-6,pa_h3n2,0.43605,0.8683000000000001,0.8624499999999999,0.7933333333333333,0.2725859179537099,0.7726999999999999,0.2478881619467403,-0.005850000000000133,-0.42639999999999995
65-28-1,pa_h3n2,0.474,0.17365,0.26935,0.27155833333333335,0.19888186108005593,0.5747,0.15343306629710993,0.09569999999999998,0.20465
65-29-2,pa_h3n2,0.1172,0.9839,0.5902499999999999,0.642625,0.3976899466502349,0.9060999999999999,0.4339557417909496,-0.39365000000000006,-0.47304999999999997
65277-42-1,pa_h3n2,0.692,0.6063000000000001,0.44389999999999996,0.5393833333333333,0.15310087741964992,0.41219999999999996,0.12601048898140715,-0.1624000000000001,0.2481
65473-14-5,pa_h3n2,0.02015,0.9450000000000001,0.8914,0.7640583333333334,0.4669993265519769,0.9663,0.5191815746923228,-0.05360000000000009,-0.87125
65928-58-7,pa_h3n2,0.14595,0.80925,0.40665,0.49740000000000006,0.30281956839015534,0.7454,0.3341701512702773,-0.4026,-0.26070000000000004
66085-59-4,pa_h3n2,0.77625,0.52075,0.8976500000000001,0.7517833333333334,0.3090951228990843,0.8379000000000001,0.19238495263403527,0.3769,-0.12140000000000006
66104-23-2,pa_h3n2,0.1476,0.8342499999999999,0.2828,0.4440833333333332,0.34038158440197674,0.8214,0.36374541577867336,-0.55145,-0.1352
66357-59-3,pa_h3n2,0.7810999999999999,0.81385,0.60825,0.7055916666666665,0.11622393901430116,0.32709999999999995,0.11046948673728868,-0.2056,0.17284999999999995
67-03-8,pa_h3n2,0.38915,0.9492,0.9843999999999999,0.8734583333333336,0.3201901044692044,0.7839,0.33397045902295014,0.0351999999999999,-0.59525
67-48-1,pa_h3n2,0.7868999999999999,0.625,0.4731,0.5760333333333334,0.21080705554289844,0.4727,0.15692655394589317,-0.15189999999999998,0.3137999999999999
67-73-2,pa_h3n2,0.7039,0.89195,0.8552,0.8422333333333333,0.12341703961231071,0.32630000000000003,0.09967033577415768,-0.03675000000000006,-0.1513
67-92-5,pa_h3n2,0.1019,0.4716,0.6355999999999999,0.4919833333333333,0.2676713034052524,0.7184,0.27337696196521993,0.16399999999999992,-0.5337
68-19-9,pa_h3n2,0.2502,0.96255,0.7465999999999999,0.7358499999999998,0.355941076116071,0.7842,0.3652601550037088,-0.2159500000000001,-0.49639999999999995
68-35-9,pa_h3n2,0.1815,0.39225,0.1772,0.24960000000000002,0.1305805409188776,0.3666,0.12293667407788993,-0.21505,0.004299999999999998
68-41-7,pa_h3n2,0.0926,0.75815,0.3545,0.4454,0.31689011817978796,0.7496,0.3352814079247461,-0.40365,-0.26189999999999997
68291-97-4,pa_h3n2,0.09945000000000001,0.9742999999999999,0.597,0.6398416666666668,0.40099597213272187,0.9007999999999999,0.43880022314640327,-0.37729999999999997,-0.49754999999999994
68373-14-8,pa_h3n2,0.2152,0.137,0.1,0.13153333333333334,0.07245563240126102,0.21660000000000001,0.05881507743201001,-0.037000000000000005,0.1152
697761-98-1,pa_h3n2,0.5545,0.30505000000000004,0.5278499999999999,0.45802499999999996,0.2771624553698907,0.7352000000000001,0.13697649737576634,0.2227999999999999,0.026650000000000063
70024-40-7,pa_h3n2,0.9066000000000001,0.31445,0.5481499999999999,0.5299916666666666,0.3311484782792557,0.7411000000000001,0.2982570801059605,0.2336999999999999,0.35845000000000016
70458-96-7,pa_h3n2,0.45705,0.6105499999999999,0.29355,0.4264666666666667,0.20965126679003554,0.4952,0.15852628593811602,-0.31699999999999995,0.16350000000000003
70476-82-3,pa_h3n2,0.70055,0.4451,0.5024,0.516325,0.20480523186676652,0.5499999999999999,0.13404067479686904,0.05729999999999996,0.19815000000000005
7081-44-9,pa_h3n2,0.7807999999999999,0.4791,0.6008,0.5902333333333333,0.2520371612811624,0.6584,0.15178591282900175,0.12169999999999997,0.17999999999999994
7081-53-0,pa_h3n2,0.16675,0.27145,0.8422000000000001,0.539375,0.35665648458986415,0.8283999999999999,0.36353595764380725,0.5707500000000001,-0.6754500000000001
71-58-9,pa_h3n2,0.6669,0.61905,0.5318,0.5834,0.26780341608475916,0.6558999999999999,0.0685008454935655,-0.08724999999999994,0.1351
71675-85-9,pa_h3n2,0.59375,0.5965499999999999,0.79895,0.6972833333333334,0.278622148557265,0.6109,0.11767231336781539,0.20240000000000014,-0.20520000000000005
72-14-0,pa_h3n2,0.7738,0.8200000000000001,0.6632,0.7339000000000001,0.09998511222510412,0.2613,0.08057402393658478,-0.15680000000000005,0.11060000000000003
72-33-3,pa_h3n2,0.1919,0.9230499999999999,0.94365,0.8114916666666666,0.38695942939796674,0.8597,0.4282002539700321,0.020600000000000063,-0.75175
721-50-6,pa_h3n2,0.78335,0.05315,0.02935,0.16295,0.3911350734294569,0.8874,0.42861686076650474,-0.0238,0.754
723-46-6,pa_h3n2,0.0916,0.54475,0.21949999999999997,0.30659999999999993,0.24986239746441774,0.6773,0.23362751514608318,-0.32525,-0.12789999999999996
72432-03-2,pa_h3n2,0.5316000000000001,0.08825,0.7233,0.4796666666666667,0.3031394162207658,0.6795,0.3257290834932204,0.6350500000000001,-0.19169999999999998
72559-06-9,pa_h3n2,0.04085,0.39025,0.038650000000000004,0.15621666666666667,0.2349178019364788,0.6139,0.20236425903141425,-0.35159999999999997,0.0021999999999999936
7279-75-6,pa_h3n2,0.50995,0.38535,0.2509,0.33889166666666665,0.1946512642308461,0.5105999999999999,0.12955620723583003,-0.13445000000000001,0.25905
73590-58-6,pa_h3n2,0.7196,0.6577500000000001,0.9472,0.8127833333333334,0.2093874470927042,0.5518,0.15242948369656048,0.28945,-0.22760000000000002
738-70-5,pa_h3n2,0.4133,0.5702499999999999,0.7476,0.6327666666666667,0.28057140089467425,0.8432000000000001,0.16725370698432968,0.17735000000000012,-0.33430000000000004
73816-42-9,pa_h3n2,0.43655,0.3741,0.09734999999999999,0.24613333333333334,0.2082212829339659,0.5319,0.18053033216978617,-0.27675,0.3392
73963-72-1,pa_h3n2,0.6354,0.3851,0.81425,0.6413916666666667,0.21641169484726713,0.5759000000000001,0.21556404114168332,0.42915000000000003,-0.17885000000000006
74011-58-8,pa_h3n2,0.36675,0.5307,0.41045,0.44325,0.1475074732570071,0.44510000000000005,0.08490127109374351,-0.12024999999999997,-0.04369999999999996
745-65-3,pa_h3n2,0.1575,0.14005,0.2061,0.17598333333333335,0.1259875774299461,0.3222,0.03422734043616789,0.06605,-0.048600000000000004
74863-84-6,pa_h3n2,0.5116499999999999,0.5854,0.34275,0.45178333333333326,0.2212769998591509,0.5251,0.12439540117437355,-0.24265000000000003,0.16889999999999994
753498-25-8,pa_h3n2,0.50615,0.5201,0.94035,0.7279,0.3608709002769088,0.8897,0.2467570684566773,0.42025,-0.43420000000000003
75607-67-9,pa_h3n2,0.05135,0.9097,0.8293999999999999,0.7264916666666665,0.42595347359384994,0.9307,0.47409116827181386,-0.08030000000000004,-0.7780499999999999
75695-93-1,pa_h3n2,0.6013,0.9769,0.97505,0.9133749999999999,0.1943484851154407,0.4032,0.2163206897948815,-0.0018500000000000183,-0.37375
75706-12-6,pa_h3n2,0.5358,0.23625000000000002,0.05965,0.19787500000000002,0.22179171009455395,0.516,0.24070610884091279,-0.1766,0.4761500000000001
76-90-4,pa_h3n2,0.85015,0.0097,0.422,0.355925,0.378233829352514,0.906,0.4202499087844438,0.4123,0.42815
7681-93-8,pa_h3n2,0.6215999999999999,0.5535,0.7744,0.6753,0.13625725179478218,0.3866,0.11312401749112933,0.22089999999999999,-0.15280000000000005
76824-35-6,pa_h3n2,0.1497,0.44935,0.7402,0.5448333333333333,0.3312570024417094,0.8382,0.2952609283893372,0.29084999999999994,-0.5905
77-86-1,pa_h3n2,0.70495,0.7464500000000001,0.968,0.8503083333333334,0.16989464578575356,0.44120000000000004,0.14142250822741523,0.2215499999999999,-0.26305
77883-43-3,pa_h3n2,0.13195,0.5042500000000001,0.5348999999999999,0.45752499999999996,0.2338083887859173,0.6265000000000001,0.22431949499170445,0.030649999999999844,-0.4029499999999999
78110-38-0,pa_h3n2,0.63795,0.8168500000000001,0.2519,0.5045583333333333,0.31844331991737557,0.7223,0.28873526369323166,-0.5649500000000001,0.38605
78246-49-8,pa_h3n2,0.5117,0.48029999999999995,0.20335,0.3470583333333333,0.21502599610279685,0.5952999999999999,0.16968941481424232,-0.2769499999999999,0.30835
78281-72-8,pa_h3n2,0.37305,0.15145,0.10930000000000001,0.16730833333333336,0.15970804195990465,0.43439999999999995,0.14168465277980297,-0.04214999999999999,0.26375
78415-72-2,pa_h3n2,0.89375,0.6645,0.6889000000000001,0.7149083333333334,0.1956131565104965,0.46069999999999994,0.12590634416104696,0.02440000000000009,0.20484999999999998
79-57-2,pa_h3n2,0.20495,0.9731000000000001,0.78335,0.7502,0.36085974560762524,0.8619000000000001,0.4001262394545002,-0.18975000000000009,-0.5784
79307-93-0,pa_h3n2,0.4934,0.4555,0.34714999999999996,0.4076416666666667,0.14831463065613815,0.39280000000000004,0.07590036780762882,-0.10835000000000006,0.14625000000000005
79559-97-0,pa_h3n2,0.17604999999999998,0.6089,0.20715,0.3358833333333333,0.2484159415174477,0.6738,0.2414295601205453,-0.40175,-0.031100000000000017
797-63-7,pa_h3n2,0.7335499999999999,0.6723,0.7929999999999999,0.7428583333333334,0.0867582560912793,0.25529999999999997,0.060352236909662224,0.12069999999999992,-0.05945
79794-75-5,pa_h3n2,0.8359,0.4919,0.39825,0.5024083333333333,0.24446209317601778,0.6622,0.23045022781503166,-0.09365000000000001,0.43765
79902-63-9,pa_h3n2,0.28175,0.9278500000000001,0.7921,0.7522916666666668,0.3222598247791162,0.7199,0.3406685571539195,-0.13575000000000004,-0.5103500000000001
80-50-2,pa_h3n2,0.2777,0.98085,0.9139,0.8301833333333334,0.3567909401876679,0.8345,0.3880834671819968,-0.06694999999999995,-0.6362000000000001
80-77-3,pa_h3n2,0.02895,0.60795,0.8161,0.615525,0.381929688118987,0.8469,0.4078750921953109,0.20815000000000006,-0.78715
81403-68-1,pa_h3n2,0.54975,0.5833999999999999,0.18675,0.3794666666666666,0.26309794120567853,0.6578,0.21993656092913094,-0.39664999999999995,0.363
82034-46-6,pa_h3n2,0.6555,0.14925,0.7864,0.5522,0.30310642630380946,0.6533,0.3364976461037036,0.63715,-0.13090000000000002
82248-59-7,pa_h3n2,0.14505,0.63845,0.48385,0.4789166666666666,0.31873789075037817,0.7243999999999999,0.2523655285493643,-0.15459999999999996,-0.3388
82586-52-5,pa_h3n2,0.47254999999999997,0.68855,0.85385,0.7352,0.24966990006806988,0.6213000000000001,0.19121095679902866,0.1653,-0.38130000000000003
82586-55-8,pa_h3n2,0.5972999999999999,0.17559999999999998,0.4856,0.4008833333333333,0.23094179353248295,0.6022,0.21848256223323634,0.31,0.11169999999999997
82640-04-8,pa_h3n2,0.6603,0.9204,0.19935,0.516525,0.3402349232515675,0.8374,0.3651575036884769,-0.72105,0.46094999999999997
83-12-5,pa_h3n2,0.03945,0.36785,0.49870000000000003,0.3785416666666666,0.27569236478364795,0.721,0.23660052303407955,0.13085000000000002,-0.45925000000000005
83-43-2,pa_h3n2,0.51715,0.8855,0.45765,0.6101833333333333,0.23686775213185943,0.6051,0.23176050677369514,-0.42784999999999995,0.0595
83-88-5,pa_h3n2,0.45445,0.5158,0.73855,0.61695,0.14812795819830907,0.3652,0.14949592803819106,0.22275,-0.2841
83915-83-7,pa_h3n2,0.5724,0.1982,0.88065,0.6017916666666666,0.36663883273143155,0.7911,0.34175568880902824,0.68245,-0.30825
84371-65-3,pa_h3n2,0.736,0.30025,0.5525,0.49900000000000005,0.25946427435519265,0.8064,0.21877704594708589,0.25225,0.1835
849217-68-1,pa_h3n2,0.65325,0.5735,0.8336,0.7168416666666667,0.14096645582076137,0.4231,0.13325301434989503,0.2601,-0.18035
85371-64-8,pa_h3n2,0.30535,0.9869,0.84395,0.8018333333333332,0.3281625552476496,0.789,0.3594057746243559,-0.14295000000000002,-0.5386
85622-93-1,pa_h3n2,0.4265,0.0596,0.6913,0.43660000000000004,0.33604993478152423,0.7146,0.31722219867678453,0.6317,-0.26480000000000004
85650-56-2,pa_h3n2,0.2708,0.9661500000000001,0.1614,0.44788333333333336,0.3947142531840809,0.9028,0.43648263520251673,-0.8047500000000001,0.1094
859-18-7,pa_h3n2,0.47150000000000003,0.95295,0.77955,0.7860083333333333,0.23008306036444026,0.6131,0.24384300447897478,-0.1734,-0.30804999999999993
863031-21-4,pa_h3n2,0.52725,0.83865,0.694,0.714425,0.2886420597672257,0.7979,0.15583064792695092,-0.14465000000000006,-0.16674999999999995
873857-62-6,pa_h3n2,0.3982,0.9745999999999999,0.50915,0.6458083333333333,0.3313448078160674,0.7656999999999999,0.3058296271346733,-0.4654499999999999,-0.11095
877399-52-5,pa_h3n2,0.6369,0.3452,0.4285,0.43546666666666667,0.16836726522694367,0.3826,0.15025441757232963,0.08329999999999999,0.20840000000000003
879085-55-9,pa_h3n2,0.3314,0.43655,0.3516,0.37655,0.2817837427295383,0.7393000000000001,0.055798842580588835,-0.08494999999999997,-0.02020000000000005
880149-29-1,pa_h3n2,0.4353,0.9095500000000001,0.9576,0.8545333333333335,0.34083007154103445,0.9107999999999999,0.2886806641140576,0.048049999999999926,-0.5223
88889-14-9,pa_h3n2,0.10735,0.8378000000000001,0.2743,0.43430833333333346,0.35939692495438336,0.9572,0.38274485735713465,-0.5635000000000001,-0.16695
89-25-8,pa_h3n2,0.599,0.26115,0.54165,0.4577083333333334,0.3087140856304854,0.7913,0.18079080682748594,0.28049999999999997,0.05735000000000001
90357-06-5,pa_h3n2,0.39005,0.8992,0.9608,0.8451416666666666,0.31592619021959334,0.8186,0.3132581057743492,0.06159999999999999,-0.57075
91374-20-8,pa_h3n2,0.3891,0.6953,0.0479,0.32056666666666667,0.3258336119350898,0.6902,0.3238576436234497,-0.6474,0.3412
91832-40-5,pa_h3n2,0.3503,0.76925,0.57935,0.6044749999999999,0.24386436394028543,0.6969,0.20977965225445483,-0.18989999999999996,-0.22905000000000003
93793-83-0,pa_h3n2,0.23904999999999998,0.1653,0.40195000000000003,0.29591666666666666,0.1939232184826424,0.5357000000000001,0.12109135325585117,0.23665000000000003,-0.16290000000000004
93957-55-2,pa_h3n2,0.59165,0.36160000000000003,0.00685,0.22256666666666666,0.31323094781114247,0.6786,0.29460753695948333,-0.35475,0.5848
941678-49-5,pa_h3n2,0.35235,0.4486,0.8541,0.6353083333333335,0.25456608113939033,0.6234,0.2662853654133725,0.40549999999999997,-0.5017499999999999
95-25-0,pa_h3n2,0.4366,0.0722,0.62845,0.4110583333333333,0.35491320300415236,0.8092,0.2825502447943256,0.5562499999999999,-0.19184999999999997
95635-55-5,pa_h3n2,0.381,0.7854000000000001,0.27425,0.46242500000000003,0.32848342068766073,0.8511000000000001,0.2696322325563718,-0.5111500000000001,0.10675000000000001
96829-58-2,pa_h3n2,0.2703,0.7242999999999999,0.32015,0.44655833333333333,0.3054844595065353,0.8585,0.24897732326458968,-0.40414999999999995,-0.049850000000000005
97-77-8,pa_h3n2,0.04675,0.9192,0.34715,0.48776666666666674,0.39850616557338225,0.9387,0.44321747201571376,-0.57205,-0.3004
97240-79-4,pa_h3n2,0.4841,0.4445,0.2816,0.36965000000000003,0.3360133271166488,0.7516,0.10732413521664172,-0.1629,0.20249999999999996
99300-78-4,pa_h3n2,0.91465,0.011850000000000001,0.6219,0.4673416666666667,0.4307802394106149,0.9762,0.4605995015556718,0.61005,0.29274999999999995
99592-39-9,pa_h3n2,0.05475,0.9458,0.1275,0.3881416666666666,0.44316827691822286,0.9392999999999999,0.49478573729780584,-0.8183,-0.07275000000000001
99614-02-5,pa_h3n2,0.18330000000000002,0.6346499999999999,0.2845,0.38434999999999997,0.23579893482937253,0.6352,0.2368414677233134,-0.35014999999999996,-0.10119999999999996
