compound_id,target_id,branch_sequence_pr,branch_pose_pr,branch_structure_pr,consensus_123_pr,disagreement_sd_pr,disagreement_range_pr,disagreement_branch_sd_pr,structure_minus_pose_pr,sequence_minus_structure_pr
1004316-88-4,pa_ph1n1,0.36575,0.31045,0.12125,0.22506666666666666,0.16461751324408552,0.46340000000000003,0.12821530069899356,-0.1892,0.24450000000000002
100643-71-8,pa_ph1n1,0.87075,0.50165,0.6800999999999999,0.6523916666666668,0.21696760741333407,0.4541,0.18458360120371833,0.1784499999999999,0.1906500000000001
101-26-8,pa_ph1n1,0.54045,0.12480000000000001,0.41009999999999996,0.336725,0.21921091897987197,0.5871999999999999,0.21258415392498095,0.28529999999999994,0.13035000000000002
101477-54-7,pa_ph1n1,0.5431,0.67755,0.59905,0.6158916666666666,0.26018515458547337,0.7438,0.06753943909548946,-0.07850000000000001,-0.055949999999999944
101827-46-7,pa_ph1n1,0.00375,0.97525,0.49005,0.5707333333333334,0.4455690806897026,0.9755,0.4857501037913768,-0.48519999999999996,-0.4863
103-16-2,pa_ph1n1,0.64135,0.98525,0.88285,0.8767333333333333,0.16212128073348872,0.39949999999999997,0.17657633854322988,-0.10239999999999994,-0.24150000000000005
103177-37-3,pa_ph1n1,0.34365,0.73095,0.35465,0.47825,0.228490222256154,0.625,0.22050093726180242,-0.37629999999999997,-0.01100000000000001
10405-02-4,pa_ph1n1,0.4937,0.6596500000000001,0.6188,0.6115666666666667,0.2144042855604026,0.5425,0.08646592296005019,-0.04085000000000005,-0.1251
1041434-82-5,pa_ph1n1,0.36945,0.65995,0.54585,0.5544833333333333,0.2277868426109521,0.5599,0.14635915869303615,-0.11410000000000009,-0.17639999999999995
104227-87-4,pa_ph1n1,0.8243,0.65715,0.2963,0.5045833333333333,0.3067009450045217,0.7643,0.2698567042586368,-0.36085,0.528
104632-26-0,pa_ph1n1,0.19440000000000002,0.46655,0.44185,0.4088416666666667,0.21627320684726528,0.5969,0.15050316441855965,-0.0247,-0.24745
105462-24-6,pa_ph1n1,0.8467,0.34315,0.4697,0.49035,0.27092143818211706,0.6832,0.26194990138065205,0.12655,0.377
105816-04-4,pa_ph1n1,0.5906,0.92285,0.99695,0.904525,0.201294142984837,0.46199999999999997,0.2164105646681788,0.07410000000000005,-0.40635
106266-06-2,pa_ph1n1,0.44675,0.9336,0.9193,0.8453083333333332,0.2792975384782329,0.7004,0.27704720265687577,-0.01429999999999998,-0.47255
106308-44-5,pa_ph1n1,0.78815,0.99575,0.8781,0.9023249999999999,0.1392036589557425,0.3677,0.10410754455529787,-0.11765000000000003,-0.08994999999999997
106685-40-9,pa_ph1n1,0.3837,0.23804999999999998,0.6514,0.4689999999999999,0.24196852205745,0.6734,0.2096566379424542,0.41335,-0.2677
1069-66-5,pa_ph1n1,0.6022000000000001,0.7621,0.3853,0.5470499999999999,0.21208300261925755,0.6081,0.18911718589276863,-0.3768,0.2169000000000001
107-35-7,pa_ph1n1,0.58235,0.8833500000000001,0.82855,0.8057833333333333,0.2847064224776112,0.7651,0.16032180138708524,-0.05480000000000007,-0.24619999999999997
1070-11-7,pa_ph1n1,0.20650000000000002,0.9291499999999999,0.38635,0.5373083333333333,0.3787382297401025,0.8974,0.3762093577163297,-0.5428,-0.17985
107133-36-8,pa_ph1n1,0.4892,0.75885,0.35275,0.5108583333333333,0.3315652635605847,0.7839999999999999,0.2066587101963041,-0.4061,0.13645000000000002
107724-20-9,pa_ph1n1,0.7244999999999999,0.5784,0.53175,0.579425,0.20145551121773758,0.46740000000000004,0.10056009397370308,-0.04665000000000008,0.19274999999999998
108341-18-0,pa_ph1n1,0.36214999999999997,0.10945,0.6895,0.4415916666666666,0.3197632728545708,0.6902,0.29082449317987874,0.58005,-0.32735000000000003
1104-22-9,pa_ph1n1,0.20725,0.50715,0.1258,0.2664916666666666,0.2272925310402141,0.5879000000000001,0.20083240732843224,-0.38134999999999997,0.08145
111406-87-2,pa_ph1n1,0.4801,0.58565,0.97395,0.7622083333333332,0.31903591020447836,0.7192,0.26006586185041664,0.3883,-0.49384999999999996
1115-70-4,pa_ph1n1,0.0189,0.23975,0.05695,0.11154166666666665,0.11350844902473119,0.2974,0.11806662314134339,-0.1828,-0.03805
111974-72-2,pa_ph1n1,0.49265,0.35319999999999996,0.55315,0.47641666666666665,0.15568179940720966,0.3466,0.10253987435789719,0.19995000000000007,-0.060500000000000054
112529-15-4,pa_ph1n1,0.39239999999999997,0.8637999999999999,0.99485,0.8507583333333333,0.325689513187023,0.8305,0.3168433011758336,0.1310500000000001,-0.60245
112809-51-5,pa_ph1n1,0.17764999999999997,0.8888,0.7337499999999999,0.6927500000000001,0.34854690741228317,0.8142,0.3739478651273909,-0.15505000000000013,-0.5560999999999999
112885-42-4,pa_ph1n1,0.24370000000000003,0.8551,0.1873,0.4193,0.34986197278355363,0.8059000000000001,0.37034843053535405,-0.6678,0.05640000000000003
113-59-7,pa_ph1n1,0.6238,0.52615,0.47945000000000004,0.519075,0.28300194110052795,0.7117,0.07365837245916673,-0.046699999999999964,0.14434999999999998
113-92-8,pa_ph1n1,0.50875,0.33725,0.4085,0.4014583333333334,0.32435910757471675,0.8133,0.08615768006006973,0.07124999999999998,0.10025000000000006
113852-37-2,pa_ph1n1,0.05505,0.5947,0.7548,0.5848083333333333,0.3883924119581466,0.8891,0.3666297394283957,0.16010000000000002,-0.69975
115256-11-6,pa_ph1n1,0.6428,0.38885000000000003,0.4414,0.45744999999999997,0.18812538815020868,0.4134,0.13404853909436437,0.052549999999999986,0.20140000000000002
1156-19-0,pa_ph1n1,0.9662,0.52225,0.41054999999999997,0.5403916666666667,0.27948713029404415,0.6384,0.29391478782123226,-0.11170000000000002,0.55565
117-37-3,pa_ph1n1,0.24285,0.7328,0.8225,0.6959916666666667,0.29845178114172255,0.7832,0.3120072688790012,0.0897,-0.57965
118072-93-8,pa_ph1n1,0.25029999999999997,0.5850500000000001,0.5662,0.5198333333333334,0.2381913971298432,0.6275999999999999,0.18806279757924838,-0.018850000000000033,-0.31590000000000007
119413-54-6,pa_ph1n1,0.52025,0.75235,0.6422,0.6585916666666667,0.1809692312705855,0.47919999999999996,0.11609998205569771,-0.11014999999999997,-0.12195
1195765-45-7,pa_ph1n1,0.43695000000000006,0.6662,0.09955,0.3446666666666667,0.2800020142784691,0.7286,0.2850399226424256,-0.56665,0.33740000000000003
120-97-8,pa_ph1n1,0.05835,0.01485,0.34914999999999996,0.18925,0.20514952026916042,0.5315,0.18175687974140986,0.3343,-0.29079999999999995
120011-70-3,pa_ph1n1,0.93255,0.35045000000000004,0.7312000000000001,0.6378416666666668,0.2762686590983494,0.7184,0.2956216035745696,0.38075000000000003,0.20134999999999992
120202-66-6,pa_ph1n1,0.96065,0.9009,0.85565,0.8882333333333333,0.0499738998544907,0.12729999999999997,0.05266660073835535,-0.04525000000000001,0.10499999999999998
120511-73-1,pa_ph1n1,0.1278,0.992,0.76275,0.7333416666666667,0.40304063525489175,0.9406,0.4476901281392447,-0.22924999999999995,-0.63495
122111-03-9,pa_ph1n1,0.7201500000000001,0.8593500000000001,0.93715,0.8750500000000002,0.11690744059582635,0.2853,0.10993822507814709,0.07779999999999998,-0.21699999999999997
122320-73-4,pa_ph1n1,0.32495,0.7980499999999999,0.51445,0.5774,0.24933836781904758,0.6313,0.23810460586333335,-0.28359999999999996,-0.18949999999999995
122647-32-9,pa_ph1n1,0.3544,0.34140000000000004,0.62525,0.48549166666666665,0.21395712420950136,0.5644,0.16025996848870275,0.28384999999999994,-0.27085
122883-93-6,pa_ph1n1,0.9603999999999999,0.9835,0.8331,0.9044500000000001,0.07673939448983595,0.17659999999999998,0.08099285976759518,-0.1504000000000001,0.12729999999999997
1247-42-3,pa_ph1n1,0.9705,0.84655,0.9554,0.9216333333333334,0.07699547389295035,0.20729999999999993,0.067626344718608,0.10885,0.015100000000000002
124750-99-8,pa_ph1n1,0.387,0.5466,0.3097,0.4015499999999999,0.14983721389116483,0.4494,0.1208091194129538,-0.2369,0.07730000000000004
124937-52-6,pa_ph1n1,0.5839000000000001,0.5218,0.5590999999999999,0.5508000000000001,0.11139821662246961,0.28179999999999994,0.03125897204537178,0.03729999999999989,0.024800000000000155
125-84-8,pa_ph1n1,0.35324999999999995,0.45840000000000003,0.97145,0.6974,0.33400762067154494,0.8512000000000001,0.33076881780683826,0.51305,-0.6182000000000001
1263-89-4,pa_ph1n1,0.2007,0.4467,0.8847,0.6247000000000001,0.374368294597713,0.8644000000000001,0.3464621191414727,0.43800000000000006,-0.684
1264-62-6,pa_ph1n1,0.08585,0.5961,0.49465,0.4603333333333333,0.25148177667576627,0.6656,0.27011250896617134,-0.10144999999999998,-0.4088
127-07-1,pa_ph1n1,0.4084,0.40185,0.2404,0.32221666666666665,0.20550354173752497,0.5236,0.09516039529832424,-0.16144999999999998,0.16799999999999998
127-56-0,pa_ph1n1,0.69695,0.9128000000000001,0.86485,0.8528500000000001,0.21402017350396357,0.5769000000000001,0.11334375074671449,-0.04795000000000005,-0.16790000000000005
127-79-7,pa_ph1n1,0.61035,0.41685,0.43245,0.45690000000000003,0.29419232314933036,0.7902,0.10749730229173192,0.015600000000000003,0.17789999999999995
128794-94-5,pa_ph1n1,0.18725,0.6314,0.4837,0.48352500000000004,0.24981383802076831,0.653,0.22618838571715685,-0.14769999999999994,-0.29645
129101-54-8,pa_ph1n1,0.8551500000000001,0.75125,0.8492500000000001,0.8175666666666667,0.11824399773350021,0.33220000000000005,0.05835811854403813,0.09800000000000009,0.005900000000000016
129497-78-5,pa_ph1n1,0.54205,0.2053,0.2366,0.277075,0.3051080163920094,0.8356,0.186046568991028,0.031299999999999994,0.30545
129722-12-9,pa_ph1n1,0.47845000000000004,0.6745,0.8713,0.7402250000000001,0.22236888946073372,0.5159,0.196425119320315,0.19679999999999997,-0.3928499999999999
130-61-0,pa_ph1n1,0.0668,0.43300000000000005,0.1082,0.2095666666666667,0.20197580713210847,0.5461,0.20054568889241509,-0.32480000000000003,-0.041400000000000006
13010-47-4,pa_ph1n1,0.8032,0.70895,0.72395,0.7321583333333334,0.12172847927525697,0.34440000000000004,0.050643566554236054,0.015000000000000013,0.07925000000000004
132-17-2,pa_ph1n1,0.4841,0.76905,0.3788,0.5264333333333334,0.23954887114463025,0.6201,0.20189917244340883,-0.39025,0.10529999999999995
132-18-3,pa_ph1n1,0.65635,0.48960000000000004,0.04035,0.2927666666666667,0.30099015044792854,0.6514,0.3186134347973,-0.44925000000000004,0.616
132539-06-1,pa_ph1n1,0.48075,0.94205,0.5703,0.6792916666666667,0.3273134379561381,0.8605999999999999,0.24461362560849578,-0.37175,-0.08955000000000002
13292-46-1,pa_ph1n1,0.11545,0.47475,0.2072,0.2810916666666667,0.2571825032928951,0.7555000000000001,0.18668045559190174,-0.26755,-0.09175
133-67-5,pa_ph1n1,0.7377,0.9759,0.90115,0.898825,0.169510240595271,0.4526,0.12182138906338792,-0.07474999999999998,-0.16344999999999998
133099-07-7,pa_ph1n1,0.25429999999999997,0.99135,0.57445,0.6600583333333333,0.3594885978720327,0.9476,0.36958182111678595,-0.41689999999999994,-0.32015000000000005
133454-47-4,pa_ph1n1,0.52985,0.999,0.9073,0.8749583333333333,0.30532275218201477,0.7992,0.2486560928270208,-0.0917,-0.37744999999999995
134308-13-7,pa_ph1n1,0.10715,0.17420000000000002,0.55925,0.35555,0.24894756074322155,0.6576,0.2439786927172125,0.38505,-0.45210000000000006
134523-03-8,pa_ph1n1,0.8654,0.61995,0.9567,0.8292333333333333,0.1848046797748008,0.5005999999999999,0.1741560387506943,0.33675,-0.09130000000000005
135729-62-3,pa_ph1n1,0.70715,0.66595,0.41845000000000004,0.5490666666666667,0.30188339084266735,0.8141999999999999,0.15615237216684646,-0.2475,0.2886999999999999
136-40-3,pa_ph1n1,0.7447,0.66885,0.5697,0.6319166666666667,0.17604221558099828,0.41030000000000005,0.0877581382740845,-0.09914999999999996,0.17500000000000004
136572-09-3,pa_ph1n1,0.1136,0.35285,0.36675,0.31992499999999996,0.16535868488430436,0.4384,0.14231344220885578,0.013900000000000023,-0.25315
137-58-6,pa_ph1n1,0.42165,0.9717,0.8982,0.8432749999999999,0.34607748120904946,0.8981,0.2986238310985913,-0.07350000000000001,-0.47655
137071-32-0,pa_ph1n1,0.10695,0.4319,0.06675,0.19516666666666668,0.18163262555682738,0.43260000000000004,0.20022614922465382,-0.36515,0.0402
138402-11-6,pa_ph1n1,0.45755,0.8042499999999999,0.54525,0.6169666666666667,0.33232778246785205,0.8059,0.1802651657974995,-0.2589999999999999,-0.0877
138530-94-6,pa_ph1n1,0.2948,0.96955,0.89615,0.8203916666666666,0.33463148487054634,0.7415,0.3702019595211961,-0.07340000000000002,-0.60135
138926-19-9,pa_ph1n1,0.737,0.9542,0.7556499999999999,0.818725,0.13819281336837552,0.35950000000000004,0.12037840683998666,-0.19855000000000012,-0.018649999999999944
139110-80-8,pa_ph1n1,0.6153500000000001,0.45235000000000003,0.03875,0.27271666666666666,0.3612388983299925,0.8557,0.297237705100368,-0.4136,0.5766000000000001
140462-76-6,pa_ph1n1,0.5011,0.99855,0.7416,0.7871666666666667,0.3477356203592992,0.9193,0.24877032747764222,-0.25695,-0.24050000000000005
141-90-2,pa_ph1n1,0.3039,0.9331,0.39115,0.5572583333333333,0.3205590330448772,0.8237,0.34088487915032745,-0.54195,-0.08725
141505-33-1,pa_ph1n1,0.91815,0.9508000000000001,0.8584,0.8991583333333334,0.07114057679458796,0.1915,0.0468576656837847,-0.09240000000000004,0.05974999999999997
141625-93-6,pa_ph1n1,0.47004999999999997,0.9,0.54495,0.6508166666666667,0.24960256943121933,0.5667,0.2296836647072084,-0.35505,-0.07490000000000008
142340-99-6,pa_ph1n1,0.15990000000000001,0.66075,0.10725000000000001,0.300525,0.29480922644991964,0.7416,0.3055009533536679,-0.5534999999999999,0.05265
144-82-1,pa_ph1n1,0.50905,0.5349999999999999,0.9171,0.7217249999999998,0.27531530590700304,0.6735,0.22846539307591718,0.3821000000000001,-0.40805
144060-53-7,pa_ph1n1,0.58565,0.13555,0.31110000000000004,0.29834166666666667,0.234695777550428,0.6708999999999999,0.22685733953302017,0.17555000000000004,0.27454999999999996
144689-63-4,pa_ph1n1,0.63405,0.7121999999999999,0.9173,0.8017249999999999,0.14412321695919317,0.34830000000000005,0.14628966413705835,0.20510000000000006,-0.28325
144701-48-4,pa_ph1n1,0.4427,0.7956,0.16145,0.41970833333333335,0.31083071544920826,0.8793,0.3177489037484368,-0.63415,0.28125
145040-37-5,pa_ph1n1,0.08249999999999999,0.3775,0.22965000000000002,0.25440833333333335,0.13712591901849433,0.3109,0.14750013841801415,-0.14784999999999998,-0.14715000000000003
145108-58-3,pa_ph1n1,0.40474999999999994,0.3441,0.47114999999999996,0.4177333333333333,0.16658016288462038,0.40909999999999996,0.06354668231570654,0.12704999999999994,-0.06640000000000001
146464-95-1,pa_ph1n1,0.3094,0.49729999999999996,0.5318999999999999,0.48328333333333334,0.2821713876352455,0.6742999999999999,0.11972873506389346,0.034599999999999964,-0.22249999999999992
147-94-4,pa_ph1n1,0.50545,0.70395,0.7382,0.6879916666666666,0.24382140184979662,0.6734,0.12566348912870437,0.03425,-0.23275
147127-20-6,pa_ph1n1,0.3748,0.5566,0.2519,0.37395,0.16627654875738393,0.49110000000000004,0.15329586861143168,-0.30469999999999997,0.12290000000000001
147403-03-0,pa_ph1n1,0.6923,0.96025,0.99105,0.9309916666666668,0.1536923029953029,0.3742,0.1643154511906899,0.03079999999999994,-0.29874999999999996
1476-53-5,pa_ph1n1,0.22185,0.37945,0.32095,0.32393333333333335,0.11662815126146289,0.29869999999999997,0.07966682705702126,-0.058499999999999996,-0.09910000000000002
148-79-8,pa_ph1n1,0.2062,0.8253,0.8855,0.7522166666666666,0.3648383751745422,0.9233,0.37602245943560336,0.06019999999999992,-0.6793
148849-67-6,pa_ph1n1,0.38634999999999997,0.97495,0.9057,0.842225,0.3006991763651285,0.7131000000000001,0.3217063736287072,-0.06925000000000003,-0.51935
149647-78-9,pa_ph1n1,0.67255,0.91955,0.90415,0.8706833333333334,0.13436650500279698,0.3591,0.13837432324435534,-0.01539999999999997,-0.23160000000000003
150-76-5,pa_ph1n1,0.48055000000000003,0.49260000000000004,0.0414,0.2649916666666667,0.25402918270676433,0.6104,0.25709251415265544,-0.45120000000000005,0.43915000000000004
150322-43-3,pa_ph1n1,0.40979999999999994,0.75715,0.1839,0.4126333333333334,0.2778402736585657,0.6906,0.28876126096367793,-0.57325,0.22589999999999993
150399-23-8,pa_ph1n1,0.5608,0.8167,0.74775,0.739575,0.16861906673524993,0.45630000000000004,0.13240670614939917,-0.06894999999999996,-0.18695000000000006
150683-30-0,pa_ph1n1,0.8223,0.0417,0.3477,0.3248,0.36565059277950035,0.9598,0.3933229207661308,0.306,0.4746
1508-65-2,pa_ph1n1,0.3814,0.8593999999999999,0.9161,0.8080833333333334,0.2895803975870374,0.7507,0.29371272245739255,0.056700000000000084,-0.5347
1508-75-4,pa_ph1n1,0.57635,0.9735,0.83215,0.8366333333333333,0.2211450835989803,0.5499999999999999,0.20130473789754677,-0.1413500000000001,-0.2557999999999999
1508-76-5,pa_ph1n1,0.47834999999999994,0.07350000000000001,0.10389999999999999,0.15617499999999998,0.30078107265362736,0.8031999999999999,0.22547745083119358,0.030399999999999983,0.37444999999999995
152-62-5,pa_ph1n1,0.87715,0.8478,0.9658500000000001,0.9117166666666665,0.11490903648828786,0.2561000000000001,0.06146125473282611,0.1180500000000001,-0.08870000000000011
152520-56-4,pa_ph1n1,0.9944500000000001,0.7456499999999999,0.9431,0.8858416666666667,0.1753878901178756,0.4566,0.13135496754976578,0.19745000000000013,0.05135000000000001
15307-81-0,pa_ph1n1,0.1205,0.876,0.7372000000000001,0.6806833333333332,0.3660849901320731,0.9029,0.4021534905978065,-0.13879999999999992,-0.6167
153559-49-0,pa_ph1n1,0.3851,0.42210000000000003,0.6412,0.5254833333333334,0.2448155387225247,0.6749,0.1384202658572797,0.21909999999999996,-0.2561
154229-19-3,pa_ph1n1,0.4253,0.53685,0.33075,0.4152083333333334,0.17660074367529335,0.4592,0.10316678648350612,-0.20610000000000006,0.09455000000000002
154361-50-9,pa_ph1n1,0.79295,0.9390000000000001,0.64985,0.7700833333333333,0.19723200213623213,0.5698,0.14457750804787492,-0.28915,0.1431
155206-00-1,pa_ph1n1,0.65005,0.92125,0.55965,0.69525,0.26326079401739005,0.6271,0.1881826063517384,-0.36160000000000003,0.09040000000000004
155213-67-5,pa_ph1n1,0.2691,0.5297499999999999,0.9689,0.7058833333333333,0.37055921928890123,0.9568,0.3536738575297869,0.43915000000000004,-0.6998
156-57-0,pa_ph1n1,0.11245,0.01495,0.4794,0.26342499999999996,0.26257788685772204,0.7027,0.24490554471741416,0.46445,-0.36695
15686-71-2,pa_ph1n1,0.1302,0.24065,0.42045,0.3121416666666667,0.2025831450705282,0.46649999999999997,0.1464993202487074,0.1798,-0.29025
159811-51-5,pa_ph1n1,0.58995,0.64455,0.9365,0.7814249999999999,0.2492002782234937,0.575,0.18632984418319395,0.29195000000000004,-0.34655
160970-54-7,pa_ph1n1,0.2702,0.54555,0.8544499999999999,0.6541083333333333,0.282806871675118,0.7401,0.29228550397399683,0.30889999999999995,-0.5842499999999999
161735-79-1,pa_ph1n1,0.19135,0.43010000000000004,0.4693,0.4099083333333333,0.24973441426176463,0.663,0.150440688755846,0.03919999999999996,-0.27795000000000003
161814-49-9,pa_ph1n1,0.14450000000000002,0.7026,0.15445,0.3355083333333333,0.2929398351197734,0.677,0.31938561724035097,-0.54815,-0.009949999999999987
162011-90-7,pa_ph1n1,0.3913,0.056549999999999996,0.5156000000000001,0.3418666666666667,0.216353532441696,0.522,0.23742892094266868,0.45905000000000007,-0.12430000000000008
162401-32-3,pa_ph1n1,0.1192,0.55165,0.9440500000000001,0.6757750000000001,0.38549163933865027,0.8696,0.4125870180943652,0.3924000000000001,-0.8248500000000001
163222-33-1,pa_ph1n1,0.3473,0.49329999999999996,0.1109,0.27776666666666666,0.2322804052576684,0.6706,0.1929726750950334,-0.38239999999999996,0.2364
164656-23-9,pa_ph1n1,0.63135,0.53945,0.21165,0.3908666666666667,0.2760182995141203,0.6406999999999999,0.2206228078266917,-0.3278,0.41969999999999996
165800-03-3,pa_ph1n1,0.15025,0.3206,0.44,0.3519083333333333,0.2737543308637631,0.6496,0.14561967872967355,0.1194,-0.28975
169590-42-5,pa_ph1n1,0.96885,0.2439,0.5965,0.541025,0.3318844583084099,0.8317000000000001,0.36251983508952074,0.3526,0.37234999999999996
170729-80-3,pa_ph1n1,0.24155,0.94,0.31584999999999996,0.5115166666666665,0.3628711433369519,0.8436,0.38360485637349967,-0.62415,-0.07429999999999998
171599-83-0,pa_ph1n1,0.24134999999999998,0.12739999999999999,0.56875,0.3670666666666666,0.3278560537797038,0.8771,0.22911612230482603,0.44135,-0.3274
17321-77-6,pa_ph1n1,0.25415,0.57265,0.95625,0.7113666666666667,0.3231170855897286,0.8184,0.3515526560844051,0.38360000000000005,-0.7021000000000001
1744-22-5,pa_ph1n1,0.254,0.484,0.42974999999999997,0.41854166666666665,0.1373709248713133,0.37449999999999994,0.12022972802098489,-0.05425000000000002,-0.17574999999999996
175865-59-5,pa_ph1n1,0.6447,0.7797000000000001,0.9243,0.8295,0.1537367750409771,0.42969999999999997,0.1398274651132602,0.14459999999999995,-0.27959999999999996
179324-69-7,pa_ph1n1,0.37934999999999997,0.28525,0.83875,0.5776833333333333,0.2751981934291478,0.6985,0.29616026629737713,0.5535,-0.45940000000000003
179463-17-3,pa_ph1n1,0.57055,0.7979499999999999,0.7562,0.739175,0.2664045395008626,0.7281,0.12105077791296233,-0.041749999999999954,-0.18564999999999998
18010-40-7,pa_ph1n1,0.7172499999999999,0.46115,0.024399999999999998,0.2854583333333333,0.31719740015748343,0.779,0.3503281544970848,-0.43675,0.69285
183133-96-2,pa_ph1n1,0.08825,0.5682,0.18575,0.2969833333333333,0.248244320512407,0.6697,0.25368164268100546,-0.38245000000000007,-0.0975
186826-86-8,pa_ph1n1,0.5324,0.5761,0.2458,0.4036666666666667,0.2422279972807988,0.6542000000000001,0.17941912755705097,-0.3302999999999999,0.28659999999999997
188062-50-2,pa_ph1n1,0.5234,0.851,0.91925,0.8305250000000001,0.20665428860780996,0.5095000000000001,0.21161169036704944,0.06825000000000003,-0.39585000000000004
190786-44-8,pa_ph1n1,0.56565,0.55455,0.87335,0.7158000000000001,0.2481913247208022,0.6828,0.18094010979695277,0.3188,-0.3077
19171-19-8,pa_ph1n1,0.62805,0.2763,0.01625,0.2049,0.3437029977562993,0.8191,0.3070432393545465,-0.26005,0.6118
19356-17-3,pa_ph1n1,0.73,0.68655,0.94525,0.8231416666666668,0.1778395194175543,0.4697,0.13853167808603684,0.25870000000000004,-0.21525000000000005
19387-91-8,pa_ph1n1,0.58065,0.5727,0.6769000000000001,0.6261249999999999,0.07858301131075765,0.20529999999999993,0.05800130027278128,0.10420000000000007,-0.09625000000000006
1953-02-2,pa_ph1n1,0.58565,0.13835,0.06545000000000001,0.17645,0.2746859206439238,0.6877,0.2816616587326007,-0.07289999999999999,0.5202
196597-26-9,pa_ph1n1,0.21760000000000002,0.86345,0.8288,0.7384833333333334,0.3342547317042298,0.7809999999999999,0.363292417803253,-0.03465000000000007,-0.6112
19767-45-4,pa_ph1n1,0.8600000000000001,0.6784,0.98985,0.8643916666666667,0.18644812415253742,0.5045000000000001,0.15643991658141473,0.31145,-0.1298499999999999
19774-82-4,pa_ph1n1,0.21465,0.3952,0.36360000000000003,0.34930833333333333,0.17481847061070713,0.44900000000000007,0.09642178609283969,-0.03159999999999996,-0.14895000000000003
198480-56-7,pa_ph1n1,0.2024,0.3272,0.5235,0.40454999999999997,0.2408854637927882,0.6067,0.16187131720392384,0.19629999999999997,-0.32109999999999994
201530-41-8,pa_ph1n1,0.51415,0.8503499999999999,0.85475,0.7965166666666667,0.21798949286605537,0.6135,0.19538771711650657,0.0044000000000000705,-0.3406
202138-50-9,pa_ph1n1,0.10769999999999999,0.9265000000000001,0.52175,0.5876583333333333,0.40218360856703256,0.9710000000000001,0.40940880242124744,-0.40475000000000005,-0.41405000000000003
2030-63-9,pa_ph1n1,0.4632,0.4326,0.11460000000000001,0.2787,0.36680097600742567,0.8146000000000001,0.19303813094826627,-0.31799999999999995,0.3486
204255-11-8,pa_ph1n1,0.5728,0.5171,0.51125,0.5234583333333334,0.15044323071067928,0.3827,0.03397331060307977,-0.005850000000000022,0.061549999999999994
2062-78-4,pa_ph1n1,0.5639500000000001,0.013600000000000001,0.8155,0.506275,0.3858305884711579,0.8915000000000001,0.41012317966679235,0.8019000000000001,-0.25154999999999994
2068-78-2,pa_ph1n1,0.3488,0.49855000000000005,0.23220000000000002,0.34041666666666676,0.17493879786942632,0.39080000000000004,0.13351837888470636,-0.26635000000000003,0.11659999999999998
211915-06-9,pa_ph1n1,0.07335,0.14815,0.7729999999999999,0.44810833333333333,0.35776443087596066,0.846,0.3841750219626466,0.6248499999999999,-0.6996499999999999
21256-18-8,pa_ph1n1,0.422,0.1943,0.35225,0.311225,0.17059397117131658,0.40679999999999994,0.11666230110879863,0.15795,0.06974999999999998
2135-17-3,pa_ph1n1,0.5124,0.8415,0.4394,0.5856,0.28383416754623936,0.7766,0.21421181884605092,-0.4021,0.07299999999999995
21679-14-1,pa_ph1n1,0.38449999999999995,0.5880000000000001,0.66015,0.5901583333333335,0.24275644927924503,0.6428,0.14294567441281092,0.07214999999999994,-0.27565000000000006
21736-83-4,pa_ph1n1,0.1454,0.18409999999999999,0.1591,0.16515,0.12256638473360738,0.2591,0.019623030686755118,-0.024999999999999994,-0.01369999999999999
2192-20-3,pa_ph1n1,0.5116,0.6647000000000001,0.9471499999999999,0.7804083333333333,0.21620876408385176,0.5740000000000001,0.22095301725329144,0.28244999999999987,-0.4355499999999999
220127-57-1,pa_ph1n1,0.1387,0.34825,0.47,0.3741999999999999,0.2049542916522283,0.6151,0.16757782023088058,0.12174999999999997,-0.3313
220620-09-7,pa_ph1n1,0.20675000000000002,0.96895,0.78005,0.7474666666666668,0.37602833625495125,0.9699,0.39692672287631797,-0.18889999999999996,-0.5733
22260-51-1,pa_ph1n1,0.089,0.95455,0.9829,0.8244666666666668,0.4547295302338156,0.9216,0.5081072286765199,0.028349999999999986,-0.8939
223673-61-8,pa_ph1n1,0.5850500000000001,0.9935,0.93865,0.898,0.2163408298649764,0.5396,0.2216878003710022,-0.054850000000000065,-0.3535999999999999
224785-90-4,pa_ph1n1,0.4589,0.39094999999999996,0.8318000000000001,0.6227,0.23575015376453098,0.5923,0.23735358118216804,0.44085000000000013,-0.3729000000000001
22916-47-8,pa_ph1n1,0.7423500000000001,0.2946,0.24895,0.34640000000000004,0.27334127874630765,0.7022,0.27264370675541616,-0.04564999999999997,0.49340000000000006
231277-92-2,pa_ph1n1,0.16094999999999998,0.5214000000000001,0.7489,0.5750750000000001,0.30144274691335116,0.8366,0.2964696878828143,0.22749999999999992,-0.58795
242478-38-2,pa_ph1n1,0.67395,0.57515,0.45230000000000004,0.5301916666666667,0.2231093244727048,0.6161,0.11104224796595814,-0.12285000000000001,0.22165
2447-57-6,pa_ph1n1,0.5301,0.0369,0.12665,0.163975,0.27130936155368224,0.707,0.26270173359407684,0.08975000000000001,0.40345
24729-96-2,pa_ph1n1,0.8504499999999999,0.5831999999999999,0.99775,0.8350166666666667,0.20727192445352233,0.5445,0.21014739073643848,0.4145500000000001,-0.1473000000000001
25451-15-4,pa_ph1n1,0.62555,0.9151,0.5931500000000001,0.7058666666666666,0.1900956776643453,0.5084,0.17726663767706918,-0.32194999999999996,0.032399999999999984
2627-69-2,pa_ph1n1,0.1704,0.7398,0.15760000000000002,0.35380000000000006,0.3252724867963269,0.8134,0.33249988471175945,-0.5822,0.012799999999999978
26807-65-8,pa_ph1n1,0.49605,0.9854,0.9598,0.8910416666666667,0.248468458762878,0.5411,0.2754338532206962,-0.025600000000000067,-0.46375
269055-15-4,pa_ph1n1,0.8363,0.7535499999999999,0.94035,0.8607416666666666,0.12412608106276457,0.355,0.09360217679092728,0.18680000000000008,-0.10404999999999998
274693-27-5,pa_ph1n1,0.43579999999999997,0.42010000000000003,0.79335,0.6093416666666667,0.361984423698037,0.8963,0.2111097877882501,0.37324999999999997,-0.35755000000000003
27833-64-3,pa_ph1n1,0.127,0.44915,0.3701,0.35593333333333343,0.30417979168029335,0.8055,0.16789239361368738,-0.07905000000000001,-0.24309999999999998
2809-21-4,pa_ph1n1,0.7959,0.99325,0.9827,0.9550833333333332,0.09984341240162016,0.21229999999999993,0.1110199419023447,-0.010549999999999948,-0.18679999999999997
28657-80-9,pa_ph1n1,0.2576,0.48775,0.76085,0.5859416666666666,0.27583713068886623,0.7706999999999999,0.25193027970717086,0.2731,-0.50325
286930-03-8,pa_ph1n1,0.67205,0.4934,0.47535,0.51415,0.24477683441589537,0.6352,0.10872941567640901,-0.01805000000000001,0.19670000000000004
297-76-7,pa_ph1n1,0.78145,0.03615,0.2068,0.24569166666666667,0.3683920719378563,0.902,0.39047324598918853,0.17065000000000002,0.57465
302-79-4,pa_ph1n1,0.060450000000000004,0.1194,0.58485,0.3423,0.27288570501219006,0.6738,0.2872612530432881,0.46545,-0.5244
302962-49-8,pa_ph1n1,0.56455,0.8004,0.5051,0.6134416666666667,0.20943053979780504,0.5606,0.15618451427718436,-0.2953,0.05945
304-20-1,pa_ph1n1,0.8061,0.5398000000000001,0.44899999999999995,0.5387833333333333,0.18153559430591015,0.5037,0.18559846443330294,-0.0908000000000001,0.3571000000000001
3056-17-5,pa_ph1n1,0.28364999999999996,0.26415,0.82315,0.5468999999999999,0.3263353944436102,0.8150000000000001,0.31725948895712064,0.559,-0.5395000000000001
30652-11-0,pa_ph1n1,0.19119999999999998,0.9957499999999999,0.4129,0.5702333333333333,0.3917503971493413,0.9561,0.41556501998283407,-0.5828499999999999,-0.2217
319460-85-0,pa_ph1n1,0.9674,0.93655,0.9961,0.9714666666666666,0.033285096765169025,0.07299999999999995,0.029781467951283617,0.05954999999999999,-0.028699999999999948
320345-99-1,pa_ph1n1,0.08629999999999999,0.7051000000000001,0.9315,0.7151666666666666,0.41187825871245015,0.9126000000000001,0.43751827390407366,0.22639999999999993,-0.8452
321-30-2,pa_ph1n1,0.37070000000000003,0.9226,0.901,0.8198166666666665,0.31362043725922367,0.8210999999999999,0.31259085612559645,-0.021599999999999953,-0.5303
33069-62-4,pa_ph1n1,0.20805,0.7297,0.29505000000000003,0.42543333333333333,0.2596305041143407,0.6744,0.27946626063504215,-0.43465,-0.08700000000000002
330784-47-9,pa_ph1n1,0.23725000000000002,0.9911,0.9238999999999999,0.8318583333333334,0.3748813221096334,0.8066,0.4171917794412221,-0.06720000000000004,-0.68665
33402-03-8,pa_ph1n1,0.3413,0.6931,0.3433,0.45956666666666673,0.21383092074502852,0.5735,0.20253694313219342,-0.34980000000000006,-0.0020000000000000018
33419-42-0,pa_ph1n1,0.83525,0.99455,0.9573,0.949375,0.07643275911980849,0.18479999999999996,0.08332692141999087,-0.037250000000000005,-0.12204999999999999
341031-54-7,pa_ph1n1,0.98295,0.9607,0.8522,0.9101583333333333,0.11286837909707041,0.29000000000000004,0.06995578961029603,-0.10850000000000004,0.13075000000000003
34183-22-7,pa_ph1n1,0.66235,0.3721,0.8331,0.650975,0.27365309000021665,0.7853,0.23306709513213855,0.46099999999999997,-0.17074999999999996
34381-68-5,pa_ph1n1,0.5098,0.5155,0.42635,0.469975,0.36618803594146365,0.9266,0.04990677141764765,-0.08914999999999995,0.08345000000000002
34552-83-5,pa_ph1n1,0.62985,0.91035,0.623,0.7199249999999999,0.16521434158893913,0.4444999999999999,0.1639599519191602,-0.28735,0.006850000000000023
34580-14-8,pa_ph1n1,0.087,0.07145,0.10940000000000001,0.09301666666666668,0.07211386598059119,0.1836,0.01907775755515657,0.03795000000000001,-0.022400000000000017
3543-75-7,pa_ph1n1,0.09004999999999999,0.8994,0.85875,0.7441833333333333,0.4155845698130125,0.9466,0.45599699103539415,-0.040649999999999964,-0.7687
36322-90-4,pa_ph1n1,0.64235,0.50965,0.8628,0.7083416666666668,0.22482356638039525,0.5277000000000001,0.17838274159794718,0.35314999999999996,-0.22045000000000003
364782-34-3,pa_ph1n1,0.5375,0.02005,0.5546,0.37356666666666666,0.35367694534230903,0.8538,0.3038065763497119,0.53455,-0.017100000000000004
367514-88-3,pa_ph1n1,0.4264,0.81675,0.8589,0.7727666666666667,0.3029881543339057,0.832,0.2384694232670791,0.04215000000000002,-0.4325
36791-04-5,pa_ph1n1,0.5640499999999999,0.9741,0.79565,0.8165333333333334,0.2168371524132031,0.5957,0.2055982996849277,-0.17845,-0.23160000000000003
3717-88-2,pa_ph1n1,0.6192,0.41405000000000003,0.7079500000000001,0.5951916666666667,0.2131377113511356,0.4592,0.15074276931249475,0.29390000000000005,-0.0887500000000001
3801-06-7,pa_ph1n1,0.49315000000000003,0.36005,0.42705,0.4157333333333333,0.12203459755331685,0.2973,0.06655050713555835,0.067,0.06610000000000005
380843-75-4,pa_ph1n1,0.46915,0.8886499999999999,0.982,0.8654083333333334,0.3608066943207494,0.9346,0.27316344161203804,0.09335000000000004,-0.51285
38194-50-2,pa_ph1n1,0.58675,0.49649999999999994,0.7858499999999999,0.6562166666666667,0.25050126280453494,0.7001999999999999,0.1480480186741225,0.28935,-0.19909999999999994
38304-91-5,pa_ph1n1,0.26339999999999997,0.79285,0.9152499999999999,0.7658083333333333,0.32070646807737857,0.7756,0.34646007105196597,0.12239999999999984,-0.6518499999999999
389-08-2,pa_ph1n1,0.52435,0.0052499999999999995,0.05475,0.11651666666666667,0.25691198038757684,0.5315,0.28648421131596996,0.0495,0.46959999999999996
3963-95-9,pa_ph1n1,0.2743,0.60755,0.4295,0.46298333333333336,0.18781259187463087,0.5837,0.16675551215277215,-0.17805000000000004,-0.1552
3978-86-7,pa_ph1n1,0.6496,0.2026,0.12395,0.237775,0.2783048717982972,0.7182999999999999,0.28352035347278565,-0.07865,0.52565
405165-61-9,pa_ph1n1,0.46015000000000006,0.8027,0.65385,0.6711833333333334,0.16665467290178215,0.4603,0.17176365302356603,-0.14884999999999993,-0.19369999999999998
41340-25-4,pa_ph1n1,0.7840499999999999,0.7074499999999999,0.2672,0.5000916666666666,0.2628834164923049,0.6780999999999999,0.278932950425964,-0.4402499999999999,0.5168499999999999
42057-22-7,pa_ph1n1,0.15655,0.87285,0.9925999999999999,0.8133416666666667,0.41016839468686517,0.8932,0.45210716926410266,0.11974999999999991,-0.83605
42461-84-7,pa_ph1n1,0.49035,0.09535,0.19335000000000002,0.21018333333333336,0.20148917009771683,0.5328,0.20568503429596752,0.09800000000000002,0.297
42924-53-8,pa_ph1n1,0.265,0.55095,0.6467,0.5511666666666667,0.24639783887039268,0.6768,0.19859101817554592,0.09575,-0.38170000000000004
4342-03-4,pa_ph1n1,0.49495,0.6774,0.7525999999999999,0.6845916666666666,0.28336480903598454,0.761,0.1324931224630169,0.07519999999999993,-0.25764999999999993
440-17-5,pa_ph1n1,0.36205,0.6567000000000001,0.2016,0.38004166666666667,0.22620823518755162,0.5891,0.23082418814615888,-0.45510000000000006,0.16044999999999998
444731-52-6,pa_ph1n1,0.762,0.84075,0.9653,0.8899,0.13597232684140795,0.29789999999999994,0.10250622338830621,0.12455000000000005,-0.20330000000000004
446-86-6,pa_ph1n1,0.9896,0.9417,0.9707,0.9641833333333333,0.02387288559572694,0.058599999999999985,0.024126817720812967,0.029000000000000026,0.018900000000000028
452-35-7,pa_ph1n1,0.21795,0.22605,0.3115,0.267425,0.15138039062793657,0.4153,0.05183132096843889,0.08545,-0.09355
475207-59-1,pa_ph1n1,0.5564,0.72305,0.18095,0.424225,0.2947728006448356,0.6698999999999999,0.2776710688926738,-0.5421,0.37545
50-01-1,pa_ph1n1,0.50805,0.38185,0.3659,0.3949083333333334,0.1139506910904888,0.29200000000000004,0.07787539727025473,-0.01595000000000002,0.14215
50-02-2,pa_ph1n1,0.32635,0.0068,0.27825,0.19578333333333334,0.21952229043994598,0.5611999999999999,0.172293797044467,0.27145,0.048099999999999976
50-04-4,pa_ph1n1,0.6195,0.7035,0.0276,0.35155000000000003,0.3984604773374644,0.9683999999999999,0.36838440520738663,-0.6759000000000001,0.5919000000000001
50-27-1,pa_ph1n1,0.3974,0.7845,0.84205,0.7487583333333334,0.30312347154253827,0.8460000000000001,0.241823639249764,0.05754999999999999,-0.44465
50-28-2,pa_ph1n1,0.57005,0.4662,0.47195,0.48638333333333333,0.28845584526347645,0.6637,0.05836879160418973,0.005749999999999977,0.09809999999999997
50-35-1,pa_ph1n1,0.23049999999999998,0.2232,0.9069,0.5662666666666666,0.3533747453719163,0.7576,0.39264401604167276,0.6837,-0.6764000000000001
50-41-9,pa_ph1n1,0.5275,0.1456,0.42115,0.347025,0.22096440211038518,0.5852999999999999,0.1970980022729809,0.27555,0.10634999999999994
50-55-5,pa_ph1n1,0.2505,0.2319,0.4828,0.36045,0.18961695775079473,0.5315,0.13979750832305035,0.2509,-0.2323
50-63-5,pa_ph1n1,0.2309,0.54135,0.30569999999999997,0.37178333333333335,0.2639135041385087,0.6963,0.1620211740277589,-0.23565000000000003,-0.07479999999999998
50-78-2,pa_ph1n1,0.87695,0.41585,0.04755,0.30855,0.3828609847799416,0.9456,0.4155643672565459,-0.3683,0.8294
50-81-7,pa_ph1n1,0.33225,0.08865,0.53555,0.3527,0.28399781278500486,0.7668,0.22375263871814635,0.44689999999999996,-0.20329999999999998
50-91-9,pa_ph1n1,0.8525,0.2973,0.32245,0.4024083333333333,0.29590995082964006,0.7255,0.3135369635306179,0.025150000000000006,0.53005
50700-72-6,pa_ph1n1,0.64115,0.52035,0.8709,0.7157583333333334,0.19187116163370319,0.4138,0.17807442498386267,0.35055000000000003,-0.22975
51-21-8,pa_ph1n1,0.7870999999999999,0.5866,0.2512,0.45231666666666664,0.3274435869988397,0.8036,0.2707650334392041,-0.33540000000000003,0.5358999999999999
51-52-5,pa_ph1n1,0.1407,0.10464999999999999,0.39695,0.25680833333333336,0.18149716251225528,0.5017,0.1593753196075227,0.2923,-0.25625000000000003
51333-22-3,pa_ph1n1,0.20615,0.62105,0.90045,0.6916000000000001,0.33671803881982126,0.7224999999999999,0.34934673797437027,0.2794,-0.6942999999999999
51481-61-9,pa_ph1n1,0.9297,0.42635,0.33415,0.4641416666666667,0.31453368023154527,0.786,0.3205572920711678,-0.0922,0.59555
51803-78-2,pa_ph1n1,0.5282,0.87895,0.5781499999999999,0.6700916666666666,0.2782189042223168,0.7426999999999999,0.1897371888516675,-0.30080000000000007,-0.04994999999999994
518048-05-0,pa_ph1n1,0.1903,0.301,0.1076,0.18584999999999996,0.1050852162136362,0.3133,0.09703722653360065,-0.1934,0.0827
52-21-1,pa_ph1n1,0.7431,0.7381500000000001,0.7378,0.7388,0.1835174369553658,0.44619999999999993,0.0029640906418888615,-0.0003500000000000725,0.005299999999999971
52-86-8,pa_ph1n1,0.7074,0.5710999999999999,0.7892,0.7028666666666666,0.237751220116042,0.62,0.11017905124538577,0.21810000000000007,-0.08179999999999998
521-78-8,pa_ph1n1,0.87795,0.617,0.6737500000000001,0.6888666666666667,0.19886534137450898,0.5791,0.13724254988887374,0.05675000000000008,0.20419999999999994
527-07-1,pa_ph1n1,0.41759999999999997,0.8666,0.8324499999999999,0.7746916666666666,0.24868688546041184,0.6500999999999999,0.24995591111233997,-0.034150000000000125,-0.41484999999999994
53-86-1,pa_ph1n1,0.27445,0.48129999999999995,0.195,0.303675,0.20561857325316374,0.5496,0.14779880186704264,-0.28629999999999994,0.07945000000000002
532-03-6,pa_ph1n1,0.0458,0.6316,0.41164999999999996,0.4239916666666666,0.3366750743174592,0.901,0.2959126743370979,-0.2199500000000001,-0.36584999999999995
53885-35-1,pa_ph1n1,0.8738,0.94595,0.97485,0.9483749999999999,0.04676133730622623,0.1099,0.05204474837419556,0.028900000000000037,-0.10104999999999997
54-85-3,pa_ph1n1,0.26480000000000004,0.6698,0.22435,0.37957499999999994,0.2754411982014794,0.7313000000000001,0.24633544372122604,-0.44544999999999996,0.04045000000000004
54029-12-8,pa_ph1n1,0.7085,0.40980000000000005,0.80835,0.6588583333333333,0.2611806533161801,0.7885,0.20737800228889594,0.39854999999999996,-0.09985
540737-29-9,pa_ph1n1,0.20605,0.8303,0.3668,0.4945083333333333,0.3152906875673093,0.7269,0.32412982866952145,-0.4635,-0.16075
541-15-1,pa_ph1n1,0.81765,0.2716,0.19455,0.32408333333333333,0.307343206638225,0.6256,0.33969616693941856,-0.07705000000000001,0.6231
541-22-0,pa_ph1n1,0.6839,0.78335,0.14500000000000002,0.4476,0.32036211022320765,0.7596,0.3434613600295284,-0.63835,0.5388999999999999
5451-09-2,pa_ph1n1,0.30665,0.6995,0.1488,0.358675,0.3111477810730243,0.7928999999999999,0.2835836840040931,-0.5507,0.15785
54527-84-3,pa_ph1n1,0.93685,0.1162,0.1217,0.25572500000000004,0.4228661888430745,0.8648,0.4722227925813548,0.005500000000000005,0.8151499999999999
548-62-9,pa_ph1n1,0.0911,0.62515,0.9451,0.6961166666666667,0.3976547568766991,0.8878,0.43144976629189796,0.31995000000000007,-0.8540000000000001
548-73-2,pa_ph1n1,0.4805,0.15765,0.24300000000000002,0.2541333333333333,0.19469177092693635,0.5265,0.16729365150337694,0.08535000000000001,0.23749999999999996
549-18-8,pa_ph1n1,0.00445,0.12565,0.72305,0.40414999999999995,0.34877304607246623,0.8082,0.38469948444640956,0.5973999999999999,-0.7186
55-06-1,pa_ph1n1,0.2569,0.39625,0.48045,0.41512499999999997,0.14019745599213512,0.315,0.11290310373649312,0.0842,-0.22354999999999997
55-98-1,pa_ph1n1,0.40815,0.94015,0.78085,0.7718333333333333,0.24821216260825466,0.6122,0.27304022292206936,-0.1593,-0.37270000000000003
550-99-2,pa_ph1n1,0.14135,0.27075,0.84185,0.5347333333333334,0.3567434563753996,0.962,0.3727375797170623,0.5710999999999999,-0.7005
55079-83-9,pa_ph1n1,0.5517,0.98895,0.95555,0.899375,0.3385365071401704,0.8527,0.2433782875141769,-0.033399999999999985,-0.40385000000000004
55268-74-1,pa_ph1n1,0.18109999999999998,0.7457499999999999,0.3422,0.4498666666666666,0.2756108591232694,0.7206,0.2908709436044331,-0.4035499999999999,-0.16110000000000002
553-08-2,pa_ph1n1,0.33805,0.92865,0.9569000000000001,0.8443416666666667,0.3382885159150396,0.8428,0.3494237506237949,0.02825000000000011,-0.6188500000000001
555-30-6,pa_ph1n1,0.60415,0.9310499999999999,0.70675,0.7644166666666669,0.21337451972216986,0.5156999999999999,0.16718296364562188,-0.22429999999999994,-0.10260000000000002
5593-20-4,pa_ph1n1,0.0087,0.8095,0.055150000000000005,0.2988583333333333,0.4186682190788628,0.9873,0.44953349244893126,-0.75435,-0.046450000000000005
56-85-9,pa_ph1n1,0.9551499999999999,0.7022,0.6865,0.7365083333333332,0.1912294999906308,0.4437,0.15077743807789454,-0.015700000000000047,0.26864999999999994
56180-94-0,pa_ph1n1,0.5985499999999999,0.0716,0.087,0.167125,0.2699606372541498,0.5905,0.299887997147824,0.015399999999999997,0.51155
56211-40-6,pa_ph1n1,0.8253999999999999,0.7501,0.7155499999999999,0.745375,0.06956100679739091,0.20589999999999997,0.05617059580717773,-0.03455000000000008,0.10985
56296-78-7,pa_ph1n1,0.90315,0.23875000000000002,0.8693,0.6647583333333333,0.3462565002999944,0.8604999999999999,0.3742028159968869,0.6305499999999999,0.03385000000000005
57-41-0,pa_ph1n1,0.8991,0.9312,0.4308,0.67565,0.30063982437461606,0.7988999999999999,0.2800998214922673,-0.5004,0.4683
57-66-9,pa_ph1n1,0.4394,0.45175,0.42955,0.43859166666666666,0.1924598313068643,0.6029,0.011123436219681995,-0.022199999999999998,0.009850000000000025
57-68-1,pa_ph1n1,0.5402,0.47755000000000003,0.4002,0.44931666666666664,0.2946262836204537,0.6464,0.07012850704242891,-0.07735000000000003,0.14
57248-88-1,pa_ph1n1,0.659,0.98105,0.9836,0.9286499999999999,0.19610031871468236,0.4958,0.1866761299684563,0.0025500000000000522,-0.3246
57808-65-8,pa_ph1n1,0.1633,0.851,0.45055,0.5361583333333334,0.31005800371328374,0.7413,0.34539929912108003,-0.40045,-0.28725
57852-57-0,pa_ph1n1,0.43484999999999996,0.73875,0.024,0.330725,0.38983859224042966,0.928,0.35870612275231656,-0.71475,0.41084999999999994
5786-21-0,pa_ph1n1,0.41104999999999997,0.9873000000000001,0.9477500000000001,0.8714833333333333,0.3400628922224045,0.8635,0.32188899613583155,-0.039549999999999974,-0.5367000000000002
58-56-0,pa_ph1n1,0.15284999999999999,0.81515,0.8936999999999999,0.7440416666666666,0.37097897334844554,0.8136,0.4069541569186059,0.0785499999999999,-0.74085
58-61-7,pa_ph1n1,0.5681499999999999,0.0357,0.10250000000000001,0.15784166666666669,0.2805998342836289,0.732,0.29005607647487747,0.0668,0.4656499999999999
58-96-8,pa_ph1n1,0.15109999999999998,0.3166,0.5113,0.3863666666666665,0.19103299889460634,0.5834999999999999,0.18029715287084633,0.19469999999999998,-0.36019999999999996
58579-51-4,pa_ph1n1,0.055099999999999996,0.7148,0.7596499999999999,0.627275,0.37194798964371345,0.8648999999999999,0.3944629925607724,0.044849999999999945,-0.7045499999999999
59-05-2,pa_ph1n1,0.33265,0.7847500000000001,0.62165,0.62785,0.2210433569837978,0.5387,0.2289530592355851,-0.16310000000000002,-0.28900000000000003
59-67-6,pa_ph1n1,0.4806,0.41135,0.1546,0.2945166666666667,0.2199422992514173,0.5232000000000001,0.1717518194954569,-0.25675000000000003,0.32600000000000007
59-87-0,pa_ph1n1,0.39959999999999996,0.9338500000000001,0.40825,0.5820083333333333,0.3221139901753208,0.7359,0.30598290938111783,-0.5256000000000001,-0.008650000000000047
590-63-6,pa_ph1n1,0.9529000000000001,0.9252,0.8662,0.9003166666666665,0.08983455163057626,0.2421000000000001,0.04428163652501269,-0.05900000000000005,0.08670000000000011
595-33-5,pa_ph1n1,0.61785,0.3994,0.1625,0.3173583333333333,0.22943529588971265,0.6733,0.2277372883389982,-0.23689999999999997,0.45535000000000003
60-32-2,pa_ph1n1,0.42295,0.0667,0.3493,0.267375,0.3198412778238606,0.7967,0.18806078139792998,0.2826,0.07365
60-56-0,pa_ph1n1,0.66275,0.8342,0.909,0.843025,0.11966313411684765,0.3136,0.12624658741262412,0.07479999999999998,-0.24625000000000008
6018-19-5,pa_ph1n1,0.46935,0.6573500000000001,0.33280000000000004,0.4637416666666667,0.22537071682008736,0.5967,0.16295326784081385,-0.32455000000000006,0.13654999999999995
603-50-9,pa_ph1n1,0.4093,0.20675000000000002,0.36525,0.31975833333333337,0.16670581273608906,0.4533,0.10652789540772876,0.1585,0.04404999999999998
61-16-5,pa_ph1n1,0.24355,0.3821,0.4131,0.3745083333333333,0.14932773017761972,0.44009999999999994,0.09028132420384628,0.031000000000000028,-0.16955000000000003
61-76-7,pa_ph1n1,0.48785,0.80465,0.30755,0.5033,0.2486739290717867,0.6873,0.25165410785441195,-0.4971,0.18030000000000002
61318-91-0,pa_ph1n1,0.19855,0.8061499999999999,0.427,0.5153083333333334,0.30513295244313854,0.6908,0.3068989749629889,-0.37914999999999993,-0.22845
61718-82-9,pa_ph1n1,0.6462,0.396,0.7101,0.59475,0.2546445679766211,0.6635,0.1660030421407993,0.31409999999999993,-0.06389999999999996
62-31-7,pa_ph1n1,0.6980500000000001,0.7968,0.63685,0.7003666666666667,0.09571784925846728,0.2741,0.08070626266488448,-0.15994999999999993,0.06120000000000003
62-97-5,pa_ph1n1,0.74185,0.8503000000000001,0.9394,0.8767749999999999,0.11637349784207744,0.33140000000000003,0.09893281811411217,0.08909999999999996,-0.19755
62013-04-1,pa_ph1n1,0.2352,0.94345,0.7852,0.7462833333333333,0.3514426406494617,0.8146,0.3717438914539597,-0.15825,-0.55
624-49-7,pa_ph1n1,0.4708,0.5122,0.19294999999999998,0.34567499999999995,0.24169907253993897,0.5808,0.17360642509231428,-0.31925000000000003,0.27785000000000004
62571-86-2,pa_ph1n1,0.4222,0.6648000000000001,0.6958,0.6398666666666667,0.19370625871836633,0.5453,0.14981806744626408,0.030999999999999917,-0.27359999999999995
62893-19-0,pa_ph1n1,0.9218,0.49550000000000005,0.3919,0.5147499999999999,0.29302042022129904,0.8190999999999999,0.280849502996415,-0.10360000000000003,0.5298999999999999
63-45-6,pa_ph1n1,0.44584999999999997,0.48815000000000003,0.33505,0.40455,0.18261219473700727,0.41919999999999996,0.07906278096129261,-0.1531,0.11079999999999995
63-74-1,pa_ph1n1,0.2314,0.79705,0.4435,0.5259999999999999,0.29946248345994864,0.7875,0.2857574539710207,-0.35355000000000003,-0.2121
63-92-3,pa_ph1n1,0.6284000000000001,0.4087,0.8417,0.6618166666666667,0.23860731478030311,0.7018,0.21650788284340441,0.433,-0.21329999999999993
635728-49-3,pa_ph1n1,0.78235,0.8135,0.9306000000000001,0.8668583333333334,0.112285132586643,0.2811,0.07816733652875739,0.11710000000000009,-0.1482500000000001
63659-19-8,pa_ph1n1,0.10575,0.8435999999999999,0.43170000000000003,0.514675,0.3982352910026935,0.7797999999999999,0.3697583974705645,-0.4118999999999999,-0.32595
64-75-5,pa_ph1n1,0.5889,0.10215,0.20249999999999999,0.23345000000000002,0.2506416625383737,0.645,0.25700215466022847,0.10034999999999998,0.38639999999999997
64-77-7,pa_ph1n1,0.0676,0.7286999999999999,0.55605,0.5321916666666666,0.35558385462035064,0.7738999999999999,0.3428908074494464,-0.17264999999999986,-0.48845000000000005
641571-10-0,pa_ph1n1,0.57855,0.7094499999999999,0.10245000000000001,0.3841333333333334,0.3202107644453363,0.7668999999999999,0.3194409230723786,-0.6069999999999999,0.47609999999999997
64228-81-5,pa_ph1n1,0.41564999999999996,0.23320000000000002,0.5238,0.40890833333333326,0.2733324526408576,0.7087,0.14687454113403497,0.2906,-0.10815000000000008
64461-82-1,pa_ph1n1,0.5705,0.7038,0.09285,0.3761083333333333,0.3103052910710139,0.793,0.32124194283021845,-0.61095,0.47765
645-05-6,pa_ph1n1,0.18775,0.66655,0.52,0.513475,0.2494609147742387,0.6797,0.24532848896938164,-0.14654999999999996,-0.33225000000000005
64872-77-1,pa_ph1n1,0.2293,0.91345,0.43295,0.5591750000000001,0.35134485433355456,0.8771,0.3512868711371567,-0.4805,-0.20365
6493-05-6,pa_ph1n1,0.65355,0.39415,0.5582,0.5194083333333334,0.3042673364000809,0.8727,0.1312074597726821,0.16405000000000003,0.09534999999999993
65-28-1,pa_ph1n1,0.5087,0.37405,0.3908,0.4048666666666667,0.21775098086269706,0.5652,0.07338437049762939,0.016749999999999987,0.11790000000000006
65-29-2,pa_ph1n1,0.06375,0.34115,0.6266,0.43764166666666665,0.284886529458075,0.605,0.2814345942369796,0.28545000000000004,-0.5628500000000001
65277-42-1,pa_ph1n1,0.44220000000000004,0.08325,0.8745499999999999,0.538725,0.357223300845097,0.8232,0.3962169681289954,0.7912999999999999,-0.4323499999999999
65473-14-5,pa_ph1n1,0.3801,0.75755,0.5978,0.6147666666666668,0.17366894272340888,0.4494000000000001,0.18946497257628736,-0.15974999999999995,-0.2177
66085-59-4,pa_ph1n1,0.68235,0.6082,0.41655,0.5247333333333334,0.14934432251232943,0.38580000000000003,0.13716023779992997,-0.19165,0.26580000000000004
66104-23-2,pa_ph1n1,0.29995,0.453,0.4488,0.4253916666666668,0.144144114228319,0.3556000000000001,0.08717632037046145,-0.004200000000000037,-0.14884999999999998
66357-59-3,pa_ph1n1,0.73295,0.4784,0.52945,0.54635,0.29449621842507023,0.6418,0.13466876339126804,0.051049999999999984,0.20350000000000001
67-03-8,pa_ph1n1,0.3029,0.98815,0.9418,0.8507666666666668,0.34553034261359256,0.7626,0.3829510619300243,-0.04635,-0.6389
67-48-1,pa_ph1n1,0.4272,0.95105,0.8633,0.8198666666666666,0.2622158684493879,0.5604,0.28056552859061873,-0.08775,-0.43609999999999993
67-73-2,pa_ph1n1,0.85585,0.7087,0.9181999999999999,0.8379749999999998,0.15597098982396262,0.4180999999999999,0.10757237486145467,0.2094999999999999,-0.062349999999999905
67-92-5,pa_ph1n1,0.030699999999999998,0.8617,0.62795,0.6063249999999999,0.4076386361309078,0.938,0.4285455294753795,-0.23375,-0.5972500000000001
68-35-9,pa_ph1n1,0.24535,0.6099,0.4141,0.4512416666666667,0.2780794592677903,0.6943999999999999,0.1824421849061596,-0.19579999999999997,-0.16875
68-41-7,pa_ph1n1,0.0341,0.2516,0.3452,0.26215,0.18434939652735507,0.4211,0.15960911628099445,0.09360000000000002,-0.3111
68291-97-4,pa_ph1n1,0.2021,0.4958,0.28295,0.340425,0.14831797935516786,0.4078,0.15171329045274842,-0.21285000000000004,-0.08084999999999998
68373-14-8,pa_ph1n1,0.19485,0.8081,0.63425,0.6189666666666667,0.31313515718722273,0.8162,0.3160621629257975,-0.17385000000000006,-0.4394
697761-98-1,pa_ph1n1,0.35585,0.866,0.52045,0.6082000000000001,0.29298689845565906,0.868,0.2603686441054939,-0.34555,-0.16459999999999997
70024-40-7,pa_ph1n1,0.6943999999999999,0.44465,0.659,0.5934499999999999,0.20884164096271604,0.5367,0.13513829028073426,0.21435000000000004,0.035399999999999876
70458-96-7,pa_ph1n1,0.74275,0.64185,0.20725,0.4413666666666667,0.27147081918074856,0.7285999999999999,0.28455175861929466,-0.43460000000000004,0.5355000000000001
70476-82-3,pa_ph1n1,0.31074999999999997,0.68505,0.70835,0.6343166666666666,0.29710125378395835,0.7852,0.2231326735375167,0.023299999999999987,-0.39760000000000006
7081-44-9,pa_ph1n1,0.5261,0.25125,0.5442,0.4435333333333333,0.22447981126744262,0.646,0.1641593915477678,0.29295000000000004,-0.018100000000000005
71-58-9,pa_ph1n1,0.38475000000000004,0.3479,0.5148,0.4374916666666666,0.278454164390958,0.6066,0.0876798485019981,0.16690000000000005,-0.13005
71675-85-9,pa_ph1n1,0.63615,0.2851,0.7858,0.5939583333333334,0.2966754955615085,0.6898,0.257012228956782,0.5007,-0.14965000000000006
72-14-0,pa_ph1n1,0.3325,0.47314999999999996,0.5842499999999999,0.5052583333333333,0.160968444112503,0.3816,0.1261637130874008,0.11109999999999998,-0.2517499999999999
72-33-3,pa_ph1n1,0.1292,0.9645999999999999,0.99735,0.8417416666666666,0.44097042417831145,0.9094,0.49204507669521497,0.03275000000000006,-0.86815
721-50-6,pa_ph1n1,0.6738500000000001,0.0062499999999999995,0.06584999999999999,0.14731666666666668,0.3751575602330306,0.9508000000000001,0.36943784321587847,0.05959999999999999,0.6080000000000001
723-46-6,pa_ph1n1,0.39295,0.28500000000000003,0.48109999999999997,0.4010416666666667,0.17227224674914995,0.48660000000000003,0.098216457378588,0.19609999999999994,-0.08814999999999995
72432-03-2,pa_ph1n1,0.2511,0.19465,0.67205,0.4427583333333333,0.24979029604850547,0.6328,0.26086275606149684,0.47740000000000005,-0.42095000000000005
72559-06-9,pa_ph1n1,0.11115,0.69675,0.0761,0.28882499999999994,0.3672245507406425,0.9422,0.34865510297905195,-0.6206499999999999,0.03505
7279-75-6,pa_ph1n1,0.2957,0.5252,0.034100000000000005,0.24140000000000003,0.29415376251205766,0.8185,0.2457247850746847,-0.4911,0.2616
73590-58-6,pa_ph1n1,0.6464,0.80715,0.83285,0.7932083333333333,0.09726647246953428,0.24680000000000002,0.10104838362553523,0.025699999999999945,-0.18645
738-70-5,pa_ph1n1,0.5289,0.31884999999999997,0.9486,0.6687333333333334,0.39080699285794096,0.8672,0.3206384659290481,0.62975,-0.41969999999999996
73816-42-9,pa_ph1n1,0.37170000000000003,0.33625,0.25980000000000003,0.30393333333333333,0.14060410259543166,0.3662,0.05718816165373156,-0.07644999999999996,0.1119
73963-72-1,pa_ph1n1,0.59735,0.51155,0.73095,0.63555,0.25070220913798635,0.6181,0.11056443068787238,0.21940000000000004,-0.13359999999999994
74011-58-8,pa_ph1n1,0.4675,0.9067000000000001,0.70745,0.7338750000000002,0.25240315700614097,0.6721999999999999,0.2199140760236446,-0.19925000000000004,-0.23995
745-65-3,pa_ph1n1,0.15975,0.5164500000000001,0.5972500000000001,0.4974,0.2268045450749757,0.5563,0.2327981171172425,0.08079999999999998,-0.43750000000000006
74863-84-6,pa_ph1n1,0.6048,0.7054499999999999,0.34885,0.5103749999999999,0.1955599106838277,0.48969999999999997,0.18384975070239645,-0.3565999999999999,0.25595
753498-25-8,pa_ph1n1,0.6175499999999999,0.4292,0.9033,0.6976416666666666,0.32747740939897924,0.7291000000000001,0.23871167929813011,0.47409999999999997,-0.28575000000000006
75607-67-9,pa_ph1n1,0.0424,0.1042,0.5066999999999999,0.29514999999999997,0.2866717542184208,0.7744,0.2521243013541799,0.4024999999999999,-0.46429999999999993
75695-93-1,pa_ph1n1,0.86205,0.7609,0.97065,0.8826333333333333,0.12390765378565873,0.34240000000000004,0.10489704873509709,0.20975,-0.10860000000000003
75706-12-6,pa_ph1n1,0.20234999999999997,0.59595,0.5688,0.516775,0.26424026188300676,0.7118,0.2198270854558191,-0.027150000000000007,-0.36645
76-90-4,pa_ph1n1,0.6323,0.25595,0.28625,0.33382500000000004,0.21694578124499217,0.6144000000000001,0.20908850398814371,0.030299999999999994,0.34604999999999997
7681-93-8,pa_ph1n1,0.5561,0.631,0.37045,0.48824166666666663,0.17174799465107785,0.5029,0.13414061962483004,-0.26055,0.18565000000000004
76824-35-6,pa_ph1n1,0.1575,0.73155,0.66605,0.6031250000000001,0.3410732453105442,0.8428,0.31423100711631463,-0.0655,-0.5085500000000001
77-86-1,pa_ph1n1,0.7841499999999999,0.9849,0.98805,0.9530166666666666,0.15484609994012336,0.39470000000000005,0.11682301071849392,0.003149999999999986,-0.20390000000000008
77883-43-3,pa_ph1n1,0.1237,0.48735000000000006,0.23764999999999997,0.30189166666666667,0.20797121916265243,0.5656000000000001,0.18600000672043002,-0.2497000000000001,-0.11394999999999997
78110-38-0,pa_ph1n1,0.65345,0.78955,0.45714999999999995,0.6006666666666666,0.27631684289356423,0.6914,0.1671060840703693,-0.33240000000000003,0.19630000000000003
78246-49-8,pa_ph1n1,0.52695,0.81335,0.17115,0.4445166666666666,0.31300040521805506,0.8558,0.32172437478893845,-0.6422,0.3558
78415-72-2,pa_ph1n1,0.79535,0.7342,0.5851500000000001,0.6698666666666666,0.10594842141344059,0.2779999999999999,0.10811973686612446,-0.1490499999999999,0.21019999999999994
79-57-2,pa_ph1n1,0.25675000000000003,0.1725,0.40390000000000004,0.3022416666666667,0.11055533305393579,0.30800000000000005,0.117116142496811,0.23140000000000005,-0.14715
79307-93-0,pa_ph1n1,0.8282,0.19369999999999998,0.1358,0.2705,0.35441997122058455,0.8277,0.38413548391160124,-0.05789999999999998,0.6924
79559-97-0,pa_ph1n1,0.28654999999999997,0.26685000000000003,0.11855,0.19598333333333337,0.08816573975568212,0.21300000000000002,0.09183770104555826,-0.14830000000000004,0.16799999999999998
797-63-7,pa_ph1n1,0.6826,0.956,0.73125,0.7980583333333334,0.2266371703847363,0.5184,0.14584634894298862,-0.22475,-0.04864999999999997
79794-75-5,pa_ph1n1,0.933,0.7738,0.53255,0.6797083333333332,0.23819966204845883,0.6857,0.20162109884632612,-0.24125000000000008,0.4004500000000001
79902-63-9,pa_ph1n1,0.295,0.32065,0.45075,0.38142499999999996,0.1445820966325591,0.38949999999999996,0.0835084776135533,0.1301,-0.15575
80-50-2,pa_ph1n1,0.24415,0.6028,0.12885000000000002,0.30605000000000004,0.25530421592027547,0.5688,0.24716813272210747,-0.47395,0.11529999999999999
80-77-3,pa_ph1n1,0.1661,0.04435,0.6311,0.35801666666666665,0.2957092113321238,0.6764,0.30965669835050125,0.58675,-0.46499999999999997
81403-68-1,pa_ph1n1,0.4844,0.29545,0.12705,0.24274166666666666,0.2566623229069666,0.6648000000000001,0.17877345300687125,-0.1684,0.35735
82034-46-6,pa_ph1n1,0.7294,0.55145,0.61565,0.6132083333333332,0.20749297498148384,0.5017,0.09011742802218303,0.06420000000000003,0.11375000000000002
82586-52-5,pa_ph1n1,0.32055,0.8907,0.9077999999999999,0.8042249999999999,0.303858728688185,0.6693,0.3342219808749867,0.017099999999999893,-0.5872499999999999
82586-55-8,pa_ph1n1,0.44689999999999996,0.4501,0.4609,0.4549666666666667,0.09447377766696252,0.27480000000000004,0.007335757175188758,0.010799999999999976,-0.014000000000000012
82640-04-8,pa_ph1n1,0.82315,0.5883,0.39844999999999997,0.5325166666666666,0.2299552217280573,0.5039,0.21274696825101885,-0.18985000000000007,0.4247000000000001
83-12-5,pa_ph1n1,0.25755,0.31765,0.50985,0.4037333333333333,0.2104146897596902,0.6157,0.13178779660246748,0.19220000000000004,-0.2523
83-43-2,pa_ph1n1,0.60165,0.4645,0.03425,0.2722333333333333,0.3296658004707191,0.7659,0.2960484039815111,-0.43025,0.5674
83-88-5,pa_ph1n1,0.303,0.40675,0.8835,0.6278333333333334,0.31438328464895626,0.756,0.30957898157551544,0.47674999999999995,-0.5805
83915-83-7,pa_ph1n1,0.37365,0.07554999999999999,0.9588,0.5668583333333334,0.4323308671222385,0.9748,0.4493318549060742,0.88325,-0.5851500000000001
84371-65-3,pa_ph1n1,0.6386,0.4916,0.5389,0.5397500000000001,0.3026977480369926,0.8296,0.07504041133504886,0.047300000000000064,0.0996999999999999
849217-68-1,pa_ph1n1,0.8694,0.12435,0.78765,0.580175,0.37286482805435,0.8901,0.40860524042160784,0.6633,0.08174999999999999
85371-64-8,pa_ph1n1,0.25355,0.3355,0.5318,0.4199916666666666,0.1559254362401038,0.45050000000000007,0.1429875023676312,0.19630000000000003,-0.27825000000000005
85622-93-1,pa_ph1n1,0.04445,0.23075,0.5835,0.37607499999999994,0.276567226306131,0.7537,0.2737745894587979,0.35275,-0.53905
85650-56-2,pa_ph1n1,0.5381,0.48355,0.47895,0.4903416666666667,0.11452487939308208,0.2995,0.0329028494206809,-0.004599999999999993,0.059150000000000036
859-18-7,pa_ph1n1,0.71975,0.7966,0.5385,0.6547416666666667,0.13285105569772493,0.3299000000000001,0.1325223849015705,-0.2581,0.18125000000000002
863031-21-4,pa_ph1n1,0.4344,0.70105,0.8161,0.7141333333333333,0.2665021907352108,0.787,0.19580330904592327,0.1150500000000001,-0.38170000000000004
873857-62-6,pa_ph1n1,0.33694999999999997,0.9846,0.8968499999999999,0.8327833333333334,0.3170460324095961,0.7162000000000001,0.35133995763837245,-0.0877500000000001,-0.5599
877399-52-5,pa_ph1n1,0.8023499999999999,0.7608999999999999,0.79365,0.7841833333333333,0.108445371808421,0.2751,0.021856940164015036,0.03275000000000006,0.00869999999999993
879085-55-9,pa_ph1n1,0.04805,0.9333,0.84585,0.7420333333333334,0.4422353114199121,0.9397,0.4878182559451146,-0.08745000000000003,-0.7978
880149-29-1,pa_ph1n1,0.5916,0.6206,0.8228500000000001,0.7168916666666668,0.2704384051868373,0.5779000000000001,0.12597792465348842,0.20225000000000004,-0.23125000000000007
88889-14-9,pa_ph1n1,0.31815000000000004,0.8404499999999999,0.28005,0.4731999999999999,0.3181640378798333,0.8462999999999999,0.31312858381182634,-0.5603999999999999,0.03810000000000002
89-25-8,pa_ph1n1,0.69265,0.9964999999999999,0.47065,0.6829333333333333,0.26373740475455254,0.6622999999999999,0.26398454658054005,-0.5258499999999999,0.22199999999999998
90357-06-5,pa_ph1n1,0.53015,0.4215,0.76415,0.6109333333333332,0.2424385502898965,0.5809,0.17510465680082107,0.34265,-0.23399999999999999
91374-20-8,pa_ph1n1,0.66255,0.27045,0.1768,0.288975,0.2837097507430202,0.7541,0.2577032514993424,-0.09365000000000001,0.48574999999999996
91832-40-5,pa_ph1n1,0.03855,0.9701,0.4923,0.5759416666666667,0.4208283090129116,0.9725999999999999,0.465826739070798,-0.47779999999999995,-0.45375
93793-83-0,pa_ph1n1,0.40605,0.37654999999999994,0.8471500000000001,0.6167666666666667,0.31819853393754033,0.7956,0.26359812214809125,0.47060000000000013,-0.44110000000000005
93957-55-2,pa_ph1n1,0.67155,0.3935,0.07025,0.2782166666666667,0.3515668452324062,0.8313,0.3009330088796065,-0.32325000000000004,0.6013
941678-49-5,pa_ph1n1,0.10745,0.74405,0.7351,0.633475,0.3310661243115439,0.723,0.3649849734349804,-0.008950000000000014,-0.6276499999999999
95-25-0,pa_ph1n1,0.4195,0.0658,0.21395000000000003,0.198825,0.24355031855176593,0.6545,0.177624564273451,0.14815000000000003,0.20554999999999995
95635-55-5,pa_ph1n1,0.55735,0.9773499999999999,0.9653,0.901325,0.24262430765829432,0.619,0.2390845056320742,-0.012049999999999894,-0.40795000000000003
96829-58-2,pa_ph1n1,0.36224999999999996,0.7140500000000001,0.1813,0.3890416666666667,0.3177487938608108,0.7664,0.2709024132413737,-0.5327500000000001,0.18094999999999997
97-77-8,pa_ph1n1,0.45640000000000003,0.4643,0.5078,0.4847333333333333,0.2146740940744054,0.5538,0.027678571735791097,0.04350000000000004,-0.0514
97240-79-4,pa_ph1n1,0.34435,0.7283,0.58505,0.5926833333333333,0.3059150775405924,0.8127,0.1940251938108382,-0.14325,-0.24069999999999997
99300-78-4,pa_ph1n1,0.87,0.39405,0.8625,0.7075999999999999,0.2703344132736341,0.6724,0.2726505868323045,0.46845000000000003,0.007499999999999951
99592-39-9,pa_ph1n1,0.28354999999999997,0.94245,0.9136,0.8182083333333333,0.3361575642462921,0.7398,0.37236732200879286,-0.028850000000000042,-0.63005
