id,target,in_experimental_data,pred_mean,pred_err
103177-37-3,fasn,0,5.7264,0.8642
99464-64-9,fasn,0,5.1944,1.11
23180-57-6,fasn,0,5.0411,0.5913
50-27-1,fasn,1,5.9099,0.7741
2627-69-2,fasn,1,4.308,0.5649
58186-27-9,fasn,1,4.5394,0.9631
93793-83-0,fasn,1,4.023,0.6009
39133-31-8,fasn,0,4.4612,0.6777
34552-84-6,fasn,0,4.9902,0.4116
112885-42-4,fasn,1,4.3091,0.561
51803-78-2,fasn,1,4.4583,0.8294
141505-33-1,fasn,1,4.5031,0.5252
183320-51-6,fasn,0,4.3136,0.6667
101477-54-7,fasn,0,4.7457,0.3769
50-02-2,fasn,0,5.8595,1.3956
96829-58-2,fasn,1,3.7416,0.8428
98-96-4,fasn,0,4.2686,0.6419
541-15-1,fasn,1,4.1411,0.8523
65277-42-1,fasn,0,5.8859,0.6574
70-00-8,fasn,0,4.2663,0.4147
39809-25-1,fasn,0,3.9565,0.4759
54-42-2,fasn,0,4.863,0.3919
124832-27-5,fasn,0,4.1786,0.3894
5536-17-4,fasn,0,4.3507,0.4668
147-94-4,fasn,0,4.2474,0.6393
99011-02-6,fasn,0,4.2714,0.7723
70288-86-7,fasn,0,4.0916,1.3013
59277-89-3,fasn,0,3.7687,0.4361
82410-32-0,fasn,0,4.0131,0.4974
104227-87-4,fasn,0,4.041,0.7661
50-91-9,fasn,0,5.4065,0.7802
79-57-2,fasn,0,4.8491,0.9111
6153-64-6,fasn,0,4.792,0.8817
518048-05-0,fasn,0,5.1551,0.6424
161735-79-1,fasn,0,4.1833,0.5219
13492-01-8,fasn,0,4.0198,0.7128
549-18-8,fasn,0,4.0194,0.6297
79794-75-5,fasn,0,4.5713,0.9091
79307-93-0,fasn,0,4.4065,1.0236
100299-08-9,fasn,0,4.7286,0.5076
980-71-2,fasn,0,4.2108,0.4589
122883-93-6,fasn,1,4.658,0.4518
76824-35-6,fasn,0,3.9559,0.5917
154-69-8,fasn,0,4.4152,0.4891
2192-20-3,fasn,1,3.9542,0.7186
132-20-7,fasn,1,4.0907,0.4422
25332-39-2,fasn,1,4.5653,0.8472
1104-22-9,fasn,0,5.0876,0.7533
76963-41-2,fasn,0,3.8351,1.0268
521-78-8,fasn,1,4.8489,0.6439
14976-57-9,fasn,1,4.8373,0.8535
10347-81-6,fasn,0,4.1816,1.0668
100643-71-8,fasn,0,4.2816,0.781
132-18-3,fasn,0,3.907,0.5679
83881-52-1,fasn,0,4.0607,0.359
2508-72-7,fasn,0,4.4363,0.52
66357-59-3,fasn,0,3.754,0.6757
140462-76-6,fasn,1,4.5825,0.299
3978-86-7,fasn,1,4.1541,0.6832
113-92-8,fasn,0,4.1606,0.3753
59-33-6,fasn,0,4.0352,0.5179
190786-44-8,fasn,0,4.1821,0.4902
147-24-0,fasn,0,3.6972,0.8918
562-10-7,fasn,0,3.9846,0.3736
144598-75-4,fasn,0,4.9742,0.6738
137-58-6,fasn,0,3.5928,0.5362
85650-52-8,fasn,0,3.967,0.842
34580-14-8,fasn,0,4.4906,0.783
132-17-2,fasn,1,4.4557,0.9232
113-59-7,fasn,1,4.7209,0.774
51481-61-9,fasn,0,3.6553,0.7167
4682-36-4,fasn,0,3.4973,0.7009
97240-79-4,fasn,0,4.9928,1.1434
25451-15-4,fasn,1,4.019,0.3573
41100-52-1,fasn,0,4.4379,0.4415
1508-76-5,fasn,0,4.1036,0.5016
68-41-7,fasn,0,3.5257,0.7662
50357-45-4,fasn,1,4.7331,0.4645
7681-93-8,fasn,0,4.5057,0.5318
29342-05-0,fasn,1,4.8259,0.6282
41621-49-2,fasn,0,4.7224,0.5606
61318-91-0,fasn,1,4.5616,0.645
171228-49-2,fasn,1,5.1958,0.5578
536-43-6,fasn,0,3.6259,0.8116
53123-88-9,fasn,0,5.035,1.2206
23593-75-1,fasn,1,3.8983,1.2498
64872-77-1,fasn,0,5.1575,0.5921
91161-71-6,fasn,0,4.3948,0.4261
65473-14-5,fasn,0,4.6513,0.4232
78628-80-5,fasn,0,4.4367,0.4435
1397-89-3,fasn,0,4.8046,1.0447
57852-57-0,fasn,0,5.031,0.9488
179463-17-3,fasn,0,5.6323,0.685
1070-11-7,fasn,0,2.8108,1.4824
101827-46-7,fasn,0,4.5781,0.3436
137234-62-9,fasn,0,4.7823,0.5499
86386-73-4,fasn,1,4.183,0.5595
99592-39-9,fasn,1,4.3878,0.3089
65899-73-2,fasn,0,4.4116,0.2791
24280-93-1,fasn,0,6.1278,1.1047
540737-29-9,fasn,0,3.8893,0.595
84625-61-6,fasn,0,6.2288,1.4205
65-85-0,fasn,1,5.1112,1.1126
24169-02-6,fasn,1,4.8435,0.407
22916-47-8,fasn,0,5.1229,0.5894
22832-87-7,fasn,0,4.7195,0.3055
17321-77-6,fasn,0,4.5276,0.6925
74011-58-8,fasn,0,4.5535,0.5203
72509-76-3,fasn,0,5.088,1.0164
173334-58-2,fasn,0,5.4158,0.7917
941678-49-5,fasn,1,4.2844,0.85
127-79-7,fasn,0,3.8011,0.5248
13010-47-4,fasn,0,4.3876,0.6214
54527-84-3,fasn,0,4.847,0.3741
90357-06-5,fasn,0,4.834,0.6332
136572-09-3,fasn,0,4.6647,0.7278
1177-87-3,fasn,0,4.9842,0.9997
1264-72-8,fasn,1,4.8445,0.7179
54-85-3,fasn,0,4.7487,0.9512
23541-50-6,fasn,0,4.7332,0.8549
943319-70-8,fasn,1,5.7727,0.7766
150399-23-8,fasn,0,5.0786,0.4237
475207-59-1,fasn,0,4.5475,0.5444
1247-42-3,fasn,1,5.1527,0.8186
73963-72-1,fasn,0,5.3273,0.5928
668270-12-0,fasn,0,5.0612,0.5261
154-42-7,fasn,0,4.6053,0.8036
129497-78-5,fasn,0,5.2935,0.9687
220127-57-1,fasn,1,5.0379,0.6547
184475-35-2,fasn,0,3.9831,0.5797
66085-59-4,fasn,1,4.4687,1.1112
75330-75-5,fasn,0,5.4381,0.8388
52-01-7,fasn,0,4.968,0.7571
79902-63-9,fasn,0,5.5615,1.0347
78246-49-8,fasn,1,5.1935,0.5088
97682-44-5,fasn,0,4.6892,0.7262
65928-58-7,fasn,0,5.8677,0.8547
63-74-1,fasn,0,4.7918,0.821
73590-58-6,fasn,0,4.8189,0.4375
34552-83-5,fasn,0,4.5235,0.5175
123318-82-1,fasn,1,4.1709,0.4429
129453-61-8,fasn,1,6.1409,0.7813
183133-96-2,fasn,0,3.835,0.9862
302962-49-8,fasn,1,4.5993,0.7261
474-25-9,fasn,0,6.5574,1.2063
298-46-4,fasn,0,4.1722,0.5154
877399-52-5,fasn,1,4.1969,0.6669
183319-69-9,fasn,0,4.0147,0.5551
179324-69-7,fasn,0,5.6762,0.9345
130-61-0,fasn,0,4.8589,0.7959
879085-55-9,fasn,0,5.0083,0.5131
68-35-9,fasn,1,3.9124,0.6305
82640-04-8,fasn,1,5.3778,0.4668
162635-04-3,fasn,0,5.2099,1.1341
19237-84-4,fasn,1,5.4038,0.9765
50-35-1,fasn,0,4.7652,0.9869
1098-60-8,fasn,0,4.523,0.4324
873054-44-5,fasn,0,4.9809,0.4379
50-55-5,fasn,0,5.0237,0.9491
152459-95-5,fasn,0,4.7127,0.6476
127-07-1,fasn,1,3.6134,0.6308
153559-49-0,fasn,1,5.532,0.5708
1264-62-6,fasn,0,3.7326,0.9926
85622-93-1,fasn,1,4.1874,0.6879
159351-69-6,fasn,1,4.913,1.2527
117772-70-0,fasn,0,3.9372,0.7458
84371-65-3,fasn,0,5.4013,0.6383
171599-83-0,fasn,0,4.4616,0.349
595-33-5,fasn,1,5.2869,0.8363
144-83-2,fasn,1,3.7641,0.3686
19774-82-4,fasn,0,5.4442,0.5537
83-43-2,fasn,0,5.4051,0.8462
127-56-0,fasn,0,3.4749,0.5572
83905-01-5,fasn,1,4.0442,0.5884
119413-54-6,fasn,0,5.036,0.5985
118292-40-3,fasn,0,5.538,0.475
144701-48-4,fasn,0,5.6002,0.6616
163222-33-1,fasn,1,6.0677,1.1233
641571-10-0,fasn,0,4.3241,0.6256
220620-09-7,fasn,0,5.3635,0.5111
108341-18-0,fasn,0,4.2687,0.4643
21829-25-4,fasn,0,4.8686,1.6071
1069-66-5,fasn,0,3.5865,0.9471
95635-56-6,fasn,0,4.7336,0.7183
2447-57-6,fasn,0,4.1588,0.433
84057-84-1,fasn,1,3.5061,0.7796
599-79-1,fasn,0,5.9807,0.9194
53716-49-7,fasn,0,5.2071,0.6551
50-44-2,fasn,0,4.8291,0.9486
50-63-5,fasn,0,4.5782,0.5304
33069-62-4,fasn,0,4.438,1.4421
3056-17-5,fasn,0,4.149,0.3961
58-61-7,fasn,1,4.7477,0.5777
96946-42-8,fasn,1,5.5951,0.8366
918504-65-1,fasn,0,6.2749,0.9353
388082-77-7,fasn,1,4.9986,1.014
50-01-1,fasn,0,2.641,0.8417
64-77-7,fasn,1,3.3632,1.4323
915087-33-1,fasn,0,4.9892,1.0045
635702-64-6,fasn,0,4.4151,0.4249
61825-94-3,fasn,0,3.9539,0.4971
71125-38-7,fasn,0,5.289,0.7258
53-86-1,fasn,1,4.9945,0.4491
155141-29-0,fasn,0,5.8836,1.1931
443913-73-3,fasn,0,4.0618,0.5376
147098-20-2,fasn,1,5.0724,0.7898
440-17-5,fasn,0,4.8461,0.6179
5451-09-2,fasn,1,4.0742,0.8541
320-67-2,fasn,1,4.1825,0.5768
112809-51-5,fasn,0,4.851,0.3879
22260-51-1,fasn,0,5.2345,0.6391
141625-93-6,fasn,1,5.0189,0.4559
55981-09-4,fasn,0,5.1409,0.6469
150683-30-0,fasn,0,5.2209,0.8744
231277-92-2,fasn,1,5.0806,0.9079
81103-11-9,fasn,0,4.2961,1.2974
434-13-9,fasn,0,6.0711,1.1159
59-67-6,fasn,1,4.8758,1.0701
10238-21-8,fasn,0,5.5475,0.6853
81131-70-6,fasn,1,4.8789,0.5862
54965-24-1,fasn,0,4.6802,0.9579
33419-42-0,fasn,0,4.3715,0.7574
127-69-5,fasn,0,4.3871,0.4606
25316-40-9,fasn,0,4.7572,0.6871
106685-40-9,fasn,0,5.4642,0.9138
341031-54-7,fasn,1,5.3183,0.8219
84680-54-6,fasn,0,4.6979,0.7372
134523-03-8,fasn,1,4.8524,0.6371
144-82-1,fasn,1,4.086,0.6587
51022-70-9,fasn,1,4.6815,0.4867
444731-52-6,fasn,0,4.5989,0.6252
75695-93-1,fasn,0,4.3001,1.0107
93957-55-2,fasn,0,5.134,0.4688
122111-03-9,fasn,0,4.1383,0.5879
118072-93-8,fasn,1,4.208,0.5242
1476-53-5,fasn,0,6.1545,1.3841
55079-83-9,fasn,0,5.4337,0.8234
104987-11-3,fasn,0,4.0865,1.4835
302-79-4,fasn,0,6.2314,0.6615
50-78-2,fasn,0,4.5566,0.5947
56296-78-7,fasn,0,4.8939,0.5789
1115-70-4,fasn,0,2.6967,1.3944
49562-28-9,fasn,0,4.7735,0.6035
1404-93-9,fasn,0,6.1562,1.1513
38194-50-2,fasn,0,5.5652,0.4805
26159-34-2,fasn,1,5.2227,0.6885
122320-73-4,fasn,0,5.9838,1.2076
723-46-6,fasn,0,4.092,0.5837
302543-62-0,fasn,1,6.1215,1.2495
72-14-0,fasn,1,3.9,0.5267
77883-43-3,fasn,0,5.8861,1.1485
107-35-7,fasn,0,4.4608,0.7773
380843-75-4,fasn,0,4.4594,0.6081
755037-03-7,fasn,0,4.5841,0.5926
624-49-7,fasn,0,3.8112,0.8218
95058-81-4,fasn,1,4.2242,0.5587
6493-05-6,fasn,0,3.8199,0.467
156-57-0,fasn,0,4.5297,0.9467
147526-32-7,fasn,0,4.7184,0.4413
553-08-2,fasn,1,4.8484,0.4675
149647-78-9,fasn,0,4.9811,1.3297
30652-11-0,fasn,1,4.2241,0.6021
101152-94-7,fasn,0,3.9934,0.6215
136434-34-9,fasn,0,4.2934,0.6604
367514-88-3,fasn,0,5.3825,0.6961
82248-59-7,fasn,0,4.3462,0.5165
317-34-0,fasn,0,4.0,0.5819
479-18-5,fasn,0,3.9455,0.8531
53885-35-1,fasn,0,4.1033,0.4188
443-48-1,fasn,0,3.3789,0.6844
3366-95-8,fasn,1,3.7403,0.6019
63-45-6,fasn,0,4.5852,0.7338
148-79-8,fasn,0,4.7821,0.6976
95233-18-4,fasn,0,5.8114,0.894
55268-74-1,fasn,0,5.6803,1.1881
54029-12-8,fasn,1,4.8886,0.6019
37091-65-9,fasn,0,4.9554,1.0714
58-14-0,fasn,0,4.0932,0.5244
50-65-7,fasn,0,5.3241,0.7836
71963-77-4,fasn,0,3.7554,0.4723
6119-47-7,fasn,0,4.127,0.6456
54965-21-8,fasn,0,4.6005,0.558
1263-89-4,fasn,0,5.159,0.6515
24729-96-2,fasn,0,4.6403,0.6902
57808-65-8,fasn,0,5.2122,0.4548
56180-94-0,fasn,0,5.0959,0.6666
115436-72-1,fasn,0,4.4212,0.6232
105462-24-6,fasn,0,4.4352,0.6243
134308-13-7,fasn,0,5.3662,0.6565
130929-57-6,fasn,1,5.1121,0.6018
121268-17-5,fasn,0,4.4263,0.5486
162401-32-3,fasn,1,4.9856,0.4694
36791-04-5,fasn,0,4.6935,0.7328
101-26-8,fasn,0,3.7214,0.6866
129101-54-8,fasn,0,4.2514,0.5519
541-22-0,fasn,1,3.6794,1.5824
120011-70-3,fasn,0,4.984,0.4728
849217-68-1,fasn,0,4.9469,0.6193
319460-85-0,fasn,1,4.9519,0.7649
198480-56-7,fasn,0,5.2389,0.4697
97-77-8,fasn,0,4.5194,1.1078
376348-65-1,fasn,1,5.2708,1.1276
936563-96-1,fasn,1,5.1848,0.6224
30516-87-1,fasn,0,4.326,0.7098
29094-61-9,fasn,0,4.923,0.604
23288-49-5,fasn,0,4.5141,0.8674
94-20-2,fasn,0,3.7491,0.4526
637-07-0,fasn,0,3.8049,0.5846
105816-04-4,fasn,0,4.8589,0.6907
89-57-6,fasn,0,5.2668,0.9177
112529-15-4,fasn,0,5.5171,0.9126
882-09-7,fasn,0,4.5667,0.7673
135062-02-1,fasn,0,4.6057,0.9774
111025-46-8,fasn,0,5.4224,0.9269
25812-30-0,fasn,0,4.6424,0.6761
1508-75-4,fasn,0,3.795,0.4393
76-90-4,fasn,1,4.4486,0.8455
80-50-2,fasn,0,3.8186,0.7057
375815-87-5,fasn,0,4.6093,0.5232
65-29-2,fasn,0,4.5629,0.5617
50700-72-6,fasn,0,5.1425,0.9331
124937-52-6,fasn,0,4.603,0.8478
15500-66-0,fasn,0,4.3803,1.5058
22254-24-6,fasn,0,5.0354,0.6097
132539-06-1,fasn,0,4.5109,0.5826
67-48-1,fasn,1,3.8879,1.1097
242478-38-2,fasn,0,4.4499,0.6688
125-33-7,fasn,1,4.061,0.755
865-21-4,fasn,1,3.9095,1.3824
286930-03-8,fasn,0,4.4631,1.1009
167221-71-8,fasn,0,4.0332,0.9782
5633-20-5,fasn,0,4.7275,0.3879
62-97-5,fasn,0,3.929,0.9111
10405-02-4,fasn,0,4.8772,1.0468
590-63-6,fasn,0,3.737,0.8138
119302-91-9,fasn,0,4.5502,0.9224
53-19-0,fasn,0,4.624,0.662
73-24-5,fasn,0,4.7056,0.8457
60-31-1,fasn,0,3.3979,1.1571
64228-81-5,fasn,0,6.1184,0.8507
320345-99-1,fasn,1,5.1998,0.6225
3717-88-2,fasn,1,3.754,0.562
5786-21-0,fasn,1,4.5735,0.6994
61-12-1,fasn,0,4.3648,0.5048
155-41-9,fasn,0,4.4979,0.4106
1508-65-2,fasn,0,4.6513,0.4089
133099-07-7,fasn,0,4.9813,0.7751
1744-22-5,fasn,0,4.1299,0.7831
21679-14-1,fasn,1,4.1263,0.4224
2062-78-4,fasn,0,5.3825,0.5693
138890-62-7,fasn,1,5.2619,0.9327
130693-82-2,fasn,1,5.3942,0.7406
133-67-5,fasn,0,5.2984,1.0011
3801-06-7,fasn,0,5.3621,1.5513
554-57-4,fasn,0,4.7231,0.9854
452-35-7,fasn,0,5.064,0.7389
91-33-8,fasn,0,4.8793,0.4005
135-07-9,fasn,0,5.2841,0.6839
68291-97-4,fasn,1,4.474,0.4658
532-03-6,fasn,0,3.9437,0.2512
120-97-8,fasn,0,4.8987,0.7805
170729-80-3,fasn,0,5.0106,0.9397
4291-63-8,fasn,1,4.2622,0.5533
58-32-2,fasn,0,5.3516,0.7222
51-30-9,fasn,0,4.847,0.4754
224785-90-4,fasn,0,4.4838,0.5422
78415-72-2,fasn,0,3.9867,0.4869
58579-51-4,fasn,0,4.6614,0.5282
171596-29-5,fasn,0,4.6598,0.5555
330784-47-9,fasn,0,5.5482,0.5678
6080-58-6,fasn,1,4.7298,0.8778
56-85-9,fasn,1,3.9171,0.6729
70476-82-3,fasn,1,5.5902,0.7396
229975-97-7,fasn,1,4.6118,0.7085
106266-06-2,fasn,0,4.6753,0.4458
859-18-7,fasn,0,4.2573,0.5994
68373-14-8,fasn,0,4.5542,0.5408
69388-84-7,fasn,0,4.766,0.6661
773-76-2,fasn,0,4.8475,0.635
42057-22-7,fasn,0,4.378,0.7624
21462-39-5,fasn,0,4.1706,0.5416
69-52-3,fasn,0,4.534,0.7382
13614-98-7,fasn,0,4.6332,1.3259
6018-19-5,fasn,1,4.6287,0.7021
100986-85-4,fasn,0,4.646,0.6064
28657-80-9,fasn,0,4.5486,0.4712
6054-98-4,fasn,0,5.5166,0.7517
19387-91-8,fasn,1,3.4588,0.7046
1405-10-3,fasn,0,4.5563,0.4306
7081-44-9,fasn,0,4.6532,1.0962
186826-86-8,fasn,0,4.1887,0.6064
96036-03-2,fasn,0,4.9602,0.8259
70458-96-7,fasn,0,4.6183,0.546
62013-04-1,fasn,1,3.9802,0.6827
98079-52-8,fasn,0,4.7323,0.5376
64-75-5,fasn,1,4.8979,1.0671
80621-81-4,fasn,0,3.9118,1.4599
651-06-9,fasn,1,4.0235,0.5338
114-07-8,fasn,0,3.7669,0.9527
165800-03-3,fasn,1,4.2361,0.3775
61379-65-5,fasn,0,4.7233,0.9705
7177-50-6,fasn,1,4.7544,0.629
3810-74-0,fasn,0,3.9817,0.6869
1405-89-6,fasn,0,5.9955,1.0976
57-68-1,fasn,0,3.9823,0.7124
738-70-5,fasn,0,4.1254,0.7209
91832-40-5,fasn,0,5.1541,0.4479
56391-57-2,fasn,1,4.4097,0.5759
405165-61-9,fasn,0,4.3133,0.5695
82034-46-6,fasn,1,5.6153,1.4068
53994-73-3,fasn,0,6.0676,0.842
82419-36-1,fasn,0,4.5287,0.618
2030-63-9,fasn,0,5.2954,0.8205
62893-19-0,fasn,0,5.9155,0.8595
7177-48-2,fasn,0,4.2905,0.4755
24356-60-3,fasn,0,4.7908,0.5253
18323-44-9,fasn,0,4.0866,0.4926
110871-86-8,fasn,0,4.0213,0.6926
3963-95-9,fasn,0,4.6729,1.1554
121123-17-9,fasn,1,5.7046,0.6289
21736-83-4,fasn,0,3.2197,0.8952
536-33-4,fasn,0,3.9502,0.6395
73816-42-9,fasn,0,4.7611,1.2099
34642-77-8,fasn,1,4.4887,0.4611
873857-62-6,fasn,0,6.0548,0.4785
26787-78-0,fasn,1,4.4802,0.4621
78439-06-2,fasn,0,4.9563,0.6111
112811-59-3,fasn,0,4.6584,0.5335
64-72-2,fasn,0,4.8158,1.0727
52-67-5,fasn,0,3.9879,0.9232
139110-80-8,fasn,1,4.6137,0.535
72559-06-9,fasn,0,4.0011,1.3082
15686-71-2,fasn,0,4.9462,0.7086
117467-28-4,fasn,1,5.6881,0.8457
2022-85-7,fasn,0,3.6799,0.7111
7240-38-2,fasn,0,4.4439,0.7988
59-87-0,fasn,0,4.3001,0.5525
389-08-2,fasn,0,4.5213,0.6084
32986-56-4,fasn,0,4.1375,0.521
224452-66-8,fasn,0,5.3546,0.9328
59703-84-3,fasn,0,4.7238,0.7054
1405-87-4,fasn,0,4.9767,0.8177
364622-82-2,fasn,0,4.8129,0.5898
78110-38-0,fasn,0,4.5353,0.7781
155206-00-1,fasn,0,4.9933,0.4733
745-65-3,fasn,0,5.4968,0.7213
141-90-2,fasn,1,4.4051,0.9131
753498-25-8,fasn,0,5.6381,0.759
34381-68-5,fasn,0,4.5459,0.754
5874-97-5,fasn,0,4.261,0.3812
33402-03-8,fasn,0,3.9643,0.4867
23651-95-8,fasn,1,4.4595,0.5243
555-30-6,fasn,0,4.6125,0.449
63659-19-8,fasn,1,4.6135,0.5224
81403-68-1,fasn,1,5.1482,0.4792
4205-91-8,fasn,0,3.019,0.8513
61-16-5,fasn,1,4.1317,0.4741
133454-47-4,fasn,0,4.6822,0.6768
66104-23-2,fasn,0,4.0931,0.3748
145108-58-3,fasn,0,4.0377,0.3373
148849-67-6,fasn,1,4.8283,0.7465
113775-47-6,fasn,0,4.2246,0.3053
65-28-1,fasn,1,4.0984,0.5409
7279-75-6,fasn,1,4.6764,0.4263
152520-56-4,fasn,1,5.7945,0.8889
90038-01-0,fasn,0,3.8051,0.6488
160970-54-7,fasn,0,4.4773,0.6716
61-76-7,fasn,1,3.8891,0.4788
550-99-2,fasn,0,4.1825,0.5428
63-92-3,fasn,1,4.3644,0.4456
111974-72-2,fasn,1,4.6681,1.0303
223673-61-8,fasn,1,5.5083,0.9455
64461-82-1,fasn,0,3.6864,0.4593
116209-55-3,fasn,0,4.4196,0.6053
70024-40-7,fasn,1,5.6944,0.9424
56-47-3,fasn,1,5.3768,0.5227
23239-51-2,fasn,0,4.7545,0.694
23256-50-0,fasn,0,3.3738,0.591
522-48-5,fasn,0,3.7196,0.5712
128794-94-5,fasn,0,5.335,0.4936
57-66-9,fasn,0,4.2169,0.8711
76584-70-8,fasn,1,3.4813,0.9668
13292-46-1,fasn,0,4.798,1.3634
201530-41-8,fasn,0,6.4317,1.2603
548-62-9,fasn,0,5.5983,0.9047
103577-45-3,fasn,1,4.998,0.5067
364782-34-3,fasn,1,5.858,0.7572
59-05-2,fasn,0,6.1181,0.6952
80474-14-2,fasn,1,5.5032,0.9578
51333-22-3,fasn,1,4.4763,0.7397
168626-94-6,fasn,0,6.144,0.974
361442-04-8,fasn,1,4.47,0.6251
146464-95-1,fasn,0,5.7891,0.5601
67-03-8,fasn,0,4.262,0.7072
128-13-2,fasn,0,6.3334,1.1593
83-88-5,fasn,0,5.1151,0.5273
58-27-5,fasn,0,4.6729,0.7738
17140-60-2,fasn,0,3.9076,0.4833
62-31-7,fasn,0,4.4447,0.574
57-83-0,fasn,0,5.4427,0.5163
71-58-9,fasn,0,4.5176,1.3926
50-04-4,fasn,0,5.3407,0.6792
50-24-8,fasn,0,5.5157,0.8576
50-23-7,fasn,0,5.4449,1.1579
50-28-2,fasn,0,5.4763,0.5692
53-16-7,fasn,0,5.2342,0.4538
58-96-8,fasn,1,4.9632,0.636
50-81-7,fasn,1,4.4754,0.6854
114977-28-5,fasn,0,4.311,0.9661
57-63-6,fasn,0,5.2784,0.8025
19356-17-3,fasn,1,5.3851,0.7234
68-19-9,fasn,0,5.9945,1.2656
50-70-4,fasn,1,3.6007,0.5229
321-30-2,fasn,0,4.5034,0.7438
51-21-8,fasn,0,4.5223,0.7924
7235-40-7,fasn,1,5.2785,0.8377
527-07-1,fasn,1,3.9851,0.6176
51-48-9,fasn,0,5.6378,0.5769
58-56-0,fasn,1,4.8566,0.7764
122647-32-9,fasn,0,4.7248,0.4989
5370-01-4,fasn,0,3.7775,0.6462
23964-57-0,fasn,1,3.4543,0.8798
95635-55-5,fasn,0,4.7541,0.7136
1722-62-9,fasn,1,3.9962,0.4075
18010-40-7,fasn,0,4.0281,0.408
28721-07-5,fasn,0,4.4564,0.7424
106308-44-5,fasn,0,4.2674,0.5828
132112-35-7,fasn,0,3.7548,0.5962
630-93-3,fasn,0,3.9594,0.4299
136-40-3,fasn,0,4.4393,0.7703
637-58-1,fasn,0,3.1669,1.1726
34183-22-7,fasn,0,4.2397,0.3699
721-50-6,fasn,0,3.8851,0.7978
57-41-0,fasn,0,3.8314,0.4248
56390-09-1,fasn,0,4.6435,0.7816
29767-20-2,fasn,1,4.6877,0.5121
149003-01-0,fasn,0,4.7954,0.7753
42924-53-8,fasn,0,4.2707,0.5413
3778-73-2,fasn,1,3.9819,0.4374
4342-03-4,fasn,0,3.7589,0.6662
121032-29-9,fasn,0,3.9444,0.3128
75607-67-9,fasn,0,4.7944,0.5479
366-70-1,fasn,0,4.1903,0.6219
3543-75-7,fasn,0,4.5372,0.369
113852-37-2,fasn,0,4.5512,0.5634
154361-50-9,fasn,0,5.4886,0.6513
56211-40-6,fasn,1,4.7297,0.5447
2068-78-2,fasn,0,3.4988,1.8956
7481-89-2,fasn,0,3.7945,0.3794
269055-15-4,fasn,0,5.4219,0.7507
134678-17-4,fasn,1,3.6819,0.4379
129618-40-2,fasn,1,4.3353,0.8375
3424-98-4,fasn,1,4.7217,0.4994
202138-50-9,fasn,0,4.2284,0.6413
142340-99-6,fasn,1,4.9555,0.4093
69655-05-6,fasn,0,3.3255,0.5932
143491-57-0,fasn,0,3.9575,0.5041
188062-50-2,fasn,0,4.0673,0.8891
147127-20-6,fasn,0,4.4911,0.4726
60-56-0,fasn,0,4.022,0.8234
55-06-1,fasn,1,5.8089,0.5957
51-52-5,fasn,0,4.4819,0.4623
439081-18-2,fasn,0,4.1495,0.6666
446-86-6,fasn,0,4.6684,0.8471
69308-37-8,fasn,0,4.2491,0.4318
80-77-3,fasn,0,3.8971,0.5361
78755-81-4,fasn,0,4.9164,0.6312
40828-46-4,fasn,0,4.9615,0.5798
107133-36-8,fasn,1,4.3963,0.4643
83915-83-7,fasn,0,4.7689,0.5962
5104-49-4,fasn,0,4.9046,0.6041
22071-15-4,fasn,0,4.61,0.574
1004316-88-4,fasn,1,5.053,0.6611
697761-98-1,fasn,0,4.6279,0.3978
635728-49-3,fasn,1,4.3064,0.7939
155213-67-5,fasn,0,4.41,0.8067
161814-49-9,fasn,1,4.417,0.7457
192725-17-0,fasn,0,4.4969,0.5327
144060-53-7,fasn,1,5.1856,0.4885
315-30-0,fasn,1,4.1356,0.7311
42461-84-7,fasn,0,5.0802,0.4782
162011-90-7,fasn,0,4.531,0.3653
77-86-1,fasn,0,3.2264,1.2374
78281-72-8,fasn,1,4.4797,0.5294
50-33-9,fasn,0,3.9974,0.5851
15687-27-1,fasn,0,4.9019,0.836
57469-77-9,fasn,0,4.8239,0.8338
36322-90-4,fasn,0,5.0668,0.871
61-68-7,fasn,0,4.9386,0.5178
169590-42-5,fasn,0,4.767,0.8082
74103-07-4,fasn,0,5.0786,0.8735
34597-40-5,fasn,0,4.8107,0.5736
41340-25-4,fasn,0,4.8639,0.5386
38304-91-5,fasn,0,4.8776,1.0865
15307-81-0,fasn,0,4.5718,0.4908
21256-18-8,fasn,1,4.184,0.3498
78213-16-8,fasn,1,4.4743,0.4877
124-94-7,fasn,0,5.2985,0.5183
71720-56-4,fasn,0,4.7919,0.5739
15307-79-6,fasn,0,4.5202,0.4924
181695-72-7,fasn,0,5.0495,0.541
111406-87-2,fasn,0,5.2348,0.7943
67392-87-4,fasn,1,5.1468,0.7028
219861-08-2,fasn,0,4.6547,0.5439
79559-97-0,fasn,0,4.895,0.5792
61718-82-9,fasn,0,4.3615,0.4306
99300-78-4,fasn,1,4.4027,0.4323
304-20-1,fasn,0,4.1382,0.5265
1953-02-2,fasn,1,3.7337,0.8505
191732-72-6,fasn,0,4.4463,0.664
19171-19-8,fasn,1,4.7301,0.9092
196597-26-9,fasn,0,4.9423,0.6124
57248-88-1,fasn,0,4.3975,0.6404
2809-21-4,fasn,0,3.8411,0.6873
209216-23-9,fasn,0,4.1832,0.6914
98319-26-7,fasn,0,4.6755,0.3353
164656-23-9,fasn,0,4.9485,0.7789
103-16-2,fasn,0,3.8257,0.6282
16676-29-2,fasn,0,5.0402,0.8025
135729-62-3,fasn,0,4.5753,0.6283
143388-64-1,fasn,0,4.151,0.5381
32672-69-8,fasn,0,4.7204,0.5008
107007-99-8,fasn,0,5.1641,1.0531
27833-64-3,fasn,0,4.5314,0.5214
181183-52-8,fasn,1,4.0497,0.5962
99614-01-4,fasn,0,5.0403,0.5173
103628-48-4,fasn,0,4.1275,0.3939
85650-56-2,fasn,1,3.8084,0.7949
99614-02-5,fasn,1,5.0927,0.5524
145202-66-0,fasn,0,4.4202,0.5637
129722-12-9,fasn,0,4.6467,0.6431
71675-85-9,fasn,0,4.2479,0.503
139264-17-8,fasn,0,4.6164,0.9806
52-86-8,fasn,0,5.3353,0.8585
13311-84-7,fasn,1,4.4719,0.6448
28860-95-9,fasn,0,4.7805,0.4439
461-05-2,fasn,0,4.0903,0.6935
63675-72-9,fasn,0,5.3641,1.18
665-66-7,fasn,1,3.6564,0.5776
1041434-82-5,fasn,0,4.1737,0.5361
204255-11-8,fasn,0,4.231,0.7738
191217-81-9,fasn,0,4.5422,0.6392
548-73-2,fasn,1,4.9056,0.5585
91374-20-8,fasn,0,4.4336,0.442
104632-26-0,fasn,0,4.2516,0.5972
66852-54-8,fasn,1,5.5598,1.0159
14028-44-5,fasn,0,4.3395,0.5717
111470-99-6,fasn,0,4.397,1.0379
88150-42-9,fasn,0,4.5039,0.9567
102767-28-2,fasn,1,4.2108,0.4792
33286-22-5,fasn,1,4.2251,0.923
15826-37-6,fasn,0,5.5164,0.8442
138530-94-6,fasn,1,4.7398,0.5102
161973-10-0,fasn,1,5.0823,0.4588
159811-51-5,fasn,0,4.4255,0.7557
297-76-7,fasn,0,4.6881,0.6158
152-62-5,fasn,1,5.2552,0.5146
68-22-4,fasn,0,5.2777,0.4742
402957-28-2,fasn,0,5.0409,0.544
880149-29-1,fasn,0,4.7255,0.8909
50-41-9,fasn,0,4.6052,0.4127
56-53-1,fasn,0,4.9761,1.0065
72-33-3,fasn,1,5.3247,0.6042
645-05-6,fasn,0,4.1047,0.7268
55-98-1,fasn,1,4.0124,0.87
496775-61-2,fasn,0,5.9782,1.0753
211914-51-1,fasn,1,5.0142,0.702
74863-84-6,fasn,1,4.5455,0.644
211915-06-9,fasn,0,5.5381,0.955
175865-59-5,fasn,0,4.7429,0.4144
75706-12-6,fasn,1,4.3807,0.5163
13647-35-3,fasn,0,5.1874,0.4834
108605-62-5,fasn,0,4.902,0.5399
125-84-8,fasn,1,4.4725,0.9348
120511-73-1,fasn,1,4.5863,0.7985
107868-30-4,fasn,0,5.5083,0.7554
298-81-7,fasn,0,4.0645,0.456
1156-19-0,fasn,0,3.9846,0.3518
93479-97-1,fasn,0,5.1658,0.6816
85371-64-8,fasn,1,4.1948,0.4991
95-25-0,fasn,0,3.3802,0.6794
7081-53-0,fasn,1,3.0983,0.8585
115256-11-6,fasn,1,4.6274,0.8078
26807-65-8,fasn,1,5.2118,0.5318
154229-18-2,fasn,0,5.7719,0.5441
25122-46-7,fasn,1,5.6994,1.2731
154229-19-3,fasn,0,5.4211,0.6034
120202-66-6,fasn,1,4.3418,0.3752
274693-27-5,fasn,1,5.6885,1.015
652-67-5,fasn,1,3.9919,0.6208
60-32-2,fasn,0,3.4867,1.1431
19767-45-4,fasn,0,3.6295,0.6879
1197-18-8,fasn,1,4.5125,0.4453
150-76-5,fasn,0,4.5864,0.8977
93-14-1,fasn,0,3.8515,0.5993
23674-86-4,fasn,0,5.5867,1.3565
72432-03-2,fasn,1,3.9725,0.4239
117-37-3,fasn,0,4.2466,0.4192
603-50-9,fasn,1,4.1809,1.1812
83-12-5,fasn,0,4.0307,0.4662
10040-45-6,fasn,0,4.7639,0.5829
2353-33-5,fasn,0,3.783,0.4781
1195765-45-7,fasn,0,5.6445,0.9326
107753-78-6,fasn,1,5.4715,0.9
89-25-8,fasn,1,4.0354,0.5714
177036-94-1,fasn,1,4.5326,0.6235
5593-20-4,fasn,0,5.1948,1.7467
67-73-2,fasn,0,5.1662,0.8094
356-12-7,fasn,1,5.0061,0.9561
2668-66-8,fasn,1,4.859,0.6893
83919-23-7,fasn,1,5.0285,1.4942
76-25-5,fasn,1,4.8344,0.8099
638-94-8,fasn,1,4.8471,0.8364
52-21-1,fasn,0,5.3806,1.0373
2152-44-5,fasn,0,5.0644,1.1152
107724-20-9,fasn,0,5.0174,0.7934
2135-17-3,fasn,0,5.0606,1.0621
150322-43-3,fasn,0,5.789,0.7086
137071-32-0,fasn,0,3.772,1.5376
79217-60-0,fasn,0,5.2591,1.2333
366789-02-8,fasn,0,5.3755,0.8014
503612-47-3,fasn,1,6.1221,1.1228
863031-21-4,fasn,0,5.2875,0.457
145040-37-5,fasn,0,5.7195,0.7849
82586-52-5,fasn,0,4.9772,1.046
144689-63-4,fasn,0,5.5614,0.6051
144143-96-4,fasn,1,4.5216,0.6775
88889-14-9,fasn,0,5.309,0.7618
147403-03-0,fasn,0,4.885,0.5275
138402-11-6,fasn,0,5.068,0.8817
82586-55-8,fasn,1,4.4447,0.4159
62571-86-2,fasn,1,4.0959,0.6016
86541-74-4,fasn,1,5.0011,0.8864
124750-99-8,fasn,0,4.5196,0.373
87333-19-5,fasn,0,4.5428,0.6077
76095-16-4,fasn,0,4.2086,0.8471
137862-53-4,fasn,1,5.46,1.0871
139481-59-7,fasn,0,4.7743,0.5168
138926-19-9,fasn,0,4.7378,0.6219
790299-79-5,fasn,0,4.4969,0.5313
59937-28-9,fasn,0,4.4965,1.0247
73-31-4,fasn,0,4.1885,0.4155
104344-23-2,fasn,0,4.5744,0.613
362-07-2,fasn,1,4.8903,0.9381
6035-45-6,fasn,1,5.7218,0.7491
138112-76-2,fasn,0,4.2447,0.279
72432-10-1,fasn,0,3.7015,0.5434
63968-64-9,fasn,0,4.1581,0.5218
1235-82-1,fasn,0,4.7095,0.636
28395-03-1,fasn,0,4.5965,0.965
7689-03-4,fasn,0,5.6191,0.8819
61422-45-5,fasn,0,4.7163,0.447
132203-70-4,fasn,0,4.7338,0.5815
17902-23-7,fasn,1,4.6354,0.8054
18883-66-4,fasn,1,4.0068,0.6575
476-66-4,fasn,0,6.1529,1.1616
33125-97-2,fasn,0,3.718,0.3959
60142-95-2,fasn,0,4.1816,0.6681
446-72-0,fasn,0,4.9349,0.738
120410-24-4,fasn,0,4.9691,0.9202
122841-12-7,fasn,0,5.2037,0.5745
60282-87-3,fasn,0,5.208,0.6752
4759-48-2,fasn,1,6.1843,0.8236
21535-47-7,fasn,0,4.2257,0.9568
50924-49-7,fasn,1,3.7942,0.5884
82956-11-4,fasn,0,5.3711,0.855
5189-11-7,fasn,0,4.1718,0.5688
501-36-0,fasn,1,5.1495,0.7363
61413-54-5,fasn,0,4.1067,0.5449
30123-17-2,fasn,0,4.7115,0.6148
53902-12-8,fasn,1,5.5418,0.7507
115550-35-1,fasn,0,4.4209,0.6618
32222-06-3,fasn,0,5.6644,0.749
54573-75-0,fasn,0,5.4757,0.4955
41294-56-8,fasn,0,6.2229,0.5642
378-44-9,fasn,0,4.1358,1.3584
74150-27-9,fasn,0,5.3108,0.6777
58970-76-6,fasn,0,4.1822,0.436
54-31-9,fasn,0,4.8547,0.5281
17560-51-9,fasn,0,5.6137,0.6116
53-03-2,fasn,0,5.0289,0.68
616-91-1,fasn,0,3.5761,0.7597
661-19-8,fasn,0,4.7293,0.708
58-94-6,fasn,0,4.5526,0.7654
78613-38-4,fasn,1,4.3772,0.5511
56-75-7,fasn,0,4.3363,0.3514
58-93-5,fasn,0,4.542,0.6425
59-92-7,fasn,0,4.9438,0.563
797-63-7,fasn,1,5.3594,0.5801
122795-43-1,fasn,1,4.6984,0.7524
89778-27-8,fasn,0,4.7647,0.7843
51037-30-0,fasn,0,4.5047,0.8644
2016-88-8,fasn,0,3.821,0.7966
84611-23-4,fasn,0,4.1623,0.3493
5875-06-9,fasn,1,3.8119,0.8714
53716-50-0,fasn,0,5.1196,0.6756
72956-09-3,fasn,0,5.074,0.4527
31430-15-6,fasn,0,4.3122,0.4655
458-37-7,fasn,0,5.7074,0.7417
486-66-8,fasn,1,5.1154,0.6346
20559-55-1,fasn,0,4.6507,0.6126
60628-96-8,fasn,0,5.4827,0.5996
70458-95-6,fasn,0,4.3183,0.5087
392-17-7,fasn,0,3.8078,0.9666
129938-20-1,fasn,0,4.8025,0.4069
14222-60-7,fasn,0,4.3239,0.6446
14484-47-0,fasn,0,3.5268,1.5924
105826-92-4,fasn,0,5.3377,0.5796
98-92-0,fasn,1,4.688,0.8391
14807-96-6,fasn,0,3.6,0.9266
70356-09-1,fasn,0,4.7288,0.5749
145-13-1,fasn,0,3.7167,1.2576
26750-81-2,fasn,1,4.3998,0.4427
57381-26-7,fasn,0,4.0205,0.3967
1400-61-9,fasn,0,5.5797,0.9035
16595-80-5,fasn,1,3.9662,0.4389
13710-19-5,fasn,1,5.0253,0.5257
52549-17-4,fasn,0,4.4552,0.5902
122-11-2,fasn,0,4.2564,0.5559
13392-28-4,fasn,0,3.8212,0.5029
77191-36-7,fasn,0,4.0029,0.3489
65141-46-0,fasn,0,3.6458,0.7475
6284-40-8,fasn,0,3.3261,0.6055
91296-87-6,fasn,0,4.577,0.384
2922-28-3,fasn,0,4.479,0.7301
987-65-5,fasn,0,5.4961,0.843
103890-78-4,fasn,0,3.8033,1.4009
88678-31-3,fasn,0,4.5348,0.9976
156-54-7,fasn,1,4.355,0.9729
94055-76-2,fasn,1,4.2695,0.4005
91599-74-5,fasn,1,4.9537,0.6018
43229-80-7,fasn,1,4.9155,0.6284
64887-14-5,fasn,0,4.4455,0.6041
15291-75-5,fasn,1,4.2506,0.7253
85721-33-1,fasn,0,4.5533,0.407
101831-37-2,fasn,0,5.5654,0.6392
30484-77-6,fasn,1,4.6614,0.3645
73151-29-8,fasn,0,4.7102,0.4264
90098-04-7,fasn,0,5.1363,0.7584
82159-09-9,fasn,0,5.702,0.8412
22839-47-0,fasn,1,3.5952,0.5572
969-33-5,fasn,0,4.0264,0.8589
3094-09-5,fasn,0,4.5569,0.4837
70374-39-9,fasn,1,5.4074,0.7181
135459-87-9,fasn,0,6.541,1.3388
65-46-3,fasn,0,4.2317,0.6252
103766-25-2,fasn,0,4.2847,0.5769
6055-19-2,fasn,0,3.9245,0.468
2398-96-1,fasn,0,4.0983,0.5227
611-75-6,fasn,0,4.6469,0.7084
127294-70-6,fasn,0,4.5179,0.5859
118288-08-7,fasn,1,4.5341,0.5293
75438-57-2,fasn,0,3.4353,0.5053
78712-43-3,fasn,1,3.419,0.5452
145525-41-3,fasn,0,4.2688,0.5486
15574-49-9,fasn,0,5.2448,0.7308
92077-78-6,fasn,0,4.5236,0.7888
50-42-0,fasn,0,3.8081,0.5009
659-18-7,fasn,0,4.6293,0.5111
110221-44-8,fasn,0,4.8735,0.8653
56974-61-9,fasn,0,4.0999,0.5326
23672-07-3,fasn,0,4.5419,0.5287
123040-16-4,fasn,0,4.2886,0.6947
108612-45-9,fasn,0,4.2046,0.4971
89396-94-1,fasn,0,4.5133,0.6058
42971-09-5,fasn,0,4.3724,0.8402
132810-10-7,fasn,0,4.586,0.4636
131707-23-8,fasn,0,5.1963,0.9332
156897-06-2,fasn,0,4.782,0.8878
50-99-7,fasn,0,4.1688,0.514
25990-60-7,fasn,0,3.8362,0.6982
57149-07-2,fasn,0,4.5594,0.4832
85416-73-5,fasn,0,3.7925,0.6456
13189-98-5,fasn,1,3.9467,0.9082
5908-99-6,fasn,0,4.4774,0.5459
60142-96-3,fasn,0,4.202,0.6632
161715-24-8,fasn,0,4.9991,0.6057
208255-80-5,fasn,0,5.2511,0.9508
811803-05-1,fasn,1,5.6435,0.6405
901-47-3,fasn,0,4.2039,0.5799
161796-78-7,fasn,0,4.9627,0.4774
1407-03-0,fasn,0,4.9553,0.5817
69-65-8,fasn,0,3.2997,0.6561
71610-00-9,fasn,0,3.9024,1.7573
32981-86-5,fasn,1,3.3831,2.0065
24512-63-8,fasn,0,4.0594,0.4289
6902-77-8,fasn,0,4.1696,0.3531
27741-01-1,fasn,0,4.3037,0.3582
31677-93-7,fasn,1,4.4433,0.4143
14919-77-8,fasn,0,4.8808,0.6636
69-09-0,fasn,1,4.4438,0.5099
57808-66-9,fasn,0,5.0002,0.6281
43210-67-9,fasn,0,4.8752,0.5393
79660-72-3,fasn,0,4.3478,0.5114
89226-50-6,fasn,1,5.398,0.7861
3160-91-6,fasn,0,3.3636,0.6884
114-80-7,fasn,0,3.8971,0.9453
39562-70-4,fasn,0,4.3014,0.5557
2315-02-8,fasn,0,3.7576,0.7103
82571-53-7,fasn,1,3.748,0.5381
79-83-4,fasn,0,4.4388,1.2153
81110-73-8,fasn,0,4.966,0.8368
80214-83-1,fasn,1,3.6473,1.0519
114-49-8,fasn,1,3.9957,0.6394
959-24-0,fasn,1,4.1578,0.3885
59804-37-4,fasn,0,5.1161,0.6419
23076-35-9,fasn,0,3.3465,0.7467
51-42-3,fasn,0,4.6026,0.4642
51-43-4,fasn,1,4.7075,0.5177
329-65-7,fasn,0,4.6316,0.4808
24168-96-5,fasn,1,4.8759,0.6246
103-84-4,fasn,0,4.3962,0.729
834-28-6,fasn,0,3.7372,1.0063
103980-44-5,fasn,0,5.6698,0.7366
498-45-3,fasn,0,3.5893,0.8418
139404-48-1,fasn,0,4.6988,0.9963
17440-83-4,fasn,1,3.7271,0.7908
136-47-0,fasn,0,4.1119,1.081
1218-35-5,fasn,0,3.8908,0.8226
62-44-2,fasn,0,3.9433,0.6583
15318-45-3,fasn,1,4.6517,0.4516
80433-71-2,fasn,1,5.4876,0.5623
68497-62-1,fasn,0,4.2546,0.6565
25507-04-4,fasn,0,5.9964,0.8237
21187-98-4,fasn,0,4.1411,0.4605
53164-05-9,fasn,0,4.8039,0.472
4991-65-5,fasn,0,4.7622,0.6031
53-43-0,fasn,0,5.2262,0.5628
35543-24-9,fasn,0,3.5377,0.518
50264-69-2,fasn,0,5.0219,0.5328
434-03-7,fasn,0,4.9604,0.5347
60200-06-8,fasn,0,5.1603,0.7181
300-08-3,fasn,0,3.2652,0.8847
75530-68-6,fasn,1,4.5563,0.9675
868540-17-4,fasn,0,5.24,0.664
31282-04-9,fasn,0,4.7735,0.5711
51460-26-5,fasn,0,4.9606,0.8197
74711-43-6,fasn,0,5.051,0.5831
4394-00-7,fasn,1,4.6494,0.3966
168273-06-1,fasn,0,4.2426,0.7928
2438-72-4,fasn,0,3.5947,1.0518
329-98-6,fasn,1,4.3986,0.7425
130641-38-2,fasn,0,4.886,0.5023
274901-16-5,fasn,1,4.2003,0.5045
265121-04-8,fasn,0,5.3464,0.9785
26328-04-1,fasn,0,4.5552,0.6128
26095-59-0,fasn,1,4.7249,0.786
123524-52-7,fasn,0,5.8725,0.5287
5560-59-8,fasn,1,4.3086,0.7665
119478-55-6,fasn,1,4.8731,0.5943
93106-60-6,fasn,0,4.5113,0.6651
86347-15-1,fasn,0,4.1319,0.6621
39831-55-5,fasn,0,4.632,0.5329
357-08-4,fasn,0,5.0506,0.5685
5534/9/8,fasn,0,4.3522,1.7262
60-27-5,fasn,0,3.8383,0.6006
119637-67-1,fasn,0,4.0915,0.5784
124858-35-1,fasn,0,5.0563,0.7129
121808-62-6,fasn,0,4.2191,0.6215
16773-42-5,fasn,0,3.8813,0.5805
58-85-5,fasn,0,3.983,0.3733
54-21-7,fasn,0,4.8993,0.9071
56-04-2,fasn,1,4.3029,0.6502
100-97-0,fasn,1,3.6894,0.9376
979-32-8,fasn,0,4.0276,1.3622
33342-05-1,fasn,1,5.8701,0.7141
74610-55-2,fasn,0,4.5547,0.552
850-52-2,fasn,0,5.6336,0.5012
60-80-0,fasn,0,4.0684,0.4338
1119-34-2,fasn,1,3.3448,1.1262
5579-84-0,fasn,1,3.7874,0.7299
4800-94-6,fasn,1,4.583,0.7468
42835-25-6,fasn,0,5.015,0.7135
62-13-5,fasn,1,5.2554,0.8971
770-05-8,fasn,0,4.0954,0.3971
115-46-8,fasn,0,4.4393,0.3956
98769-84-7,fasn,0,4.5132,0.6401
322-79-2,fasn,0,5.4956,0.922
2468-21-5,fasn,0,4.4453,0.6359
59263-76-2,fasn,1,4.2951,0.3944
153439-40-8,fasn,0,6.2066,1.1167
58-15-1,fasn,0,4.2049,0.5718
71320-77-9,fasn,0,4.2295,0.3086
10592-13-9,fasn,0,5.1239,0.844
105956-97-6,fasn,1,4.8577,0.4841
10163-15-2,fasn,0,3.5559,0.737
101-31-5,fasn,0,4.6424,0.4433
100-88-9,fasn,0,4.4874,1.0063
630-60-4,fasn,0,6.9449,1.3619
109-57-9,fasn,0,3.4524,1.1017
51-05-8,fasn,0,3.9271,0.5499
51-56-9,fasn,1,4.607,0.6039
50-14-6,fasn,0,5.2435,0.5985
69004-03-1,fasn,0,5.7464,1.2339
22232-54-8,fasn,1,3.4714,0.6556
7681-76-7,fasn,0,3.7647,0.5864
67-97-0,fasn,0,5.088,0.5717
522-51-0,fasn,0,5.257,0.8758
55-97-0,fasn,0,3.388,0.9642
7632-00-0,fasn,0,3.2969,1.1643
318-98-9,fasn,0,4.5226,0.5084
396-01-0,fasn,1,4.6626,1.012
8025-81-8,fasn,0,4.0475,0.7171
434-07-1,fasn,0,4.9438,0.7974
5053-08-7,fasn,0,4.0268,0.5255
5086-74-8,fasn,0,4.1627,0.405
81161-17-3,fasn,0,4.1415,0.756
83480-29-9,fasn,0,4.6516,0.7252
908-54-3,fasn,0,5.2195,1.05
61438-64-0,fasn,1,5.1307,0.4638
22560-50-5,fasn,0,3.9963,0.4843
343-55-5,fasn,0,5.004,1.0729
68786-66-3,fasn,1,5.0586,0.4927
541-46-8,fasn,0,3.6447,0.6857
51-74-1,fasn,0,3.8333,0.7946
108050-54-0,fasn,0,4.2478,0.6591
30751-05-4,fasn,0,4.288,0.9153
152751-57-0,fasn,0,2.8237,1.6372
53936-56-4,fasn,0,4.3599,0.7902
6933-90-0,fasn,0,3.9906,0.4867
10402-53-6,fasn,0,4.2881,0.4355
17692-31-8,fasn,0,4.0988,0.3518
137-88-2,fasn,0,3.8497,0.5986
18507-89-6,fasn,0,4.7398,0.4364
61618-27-7,fasn,1,4.9587,0.5467
113617-63-3,fasn,0,4.2757,0.711
26864-56-2,fasn,0,5.0265,0.5826
2624-44-4,fasn,1,4.8728,1.0269
673-06-3,fasn,1,4.3152,0.7259
41859-67-0,fasn,0,5.6169,0.6603
69-57-8,fasn,1,3.9031,0.4248
121-54-0,fasn,0,4.4473,0.371
69975-86-6,fasn,0,3.7321,0.5167
132-69-4,fasn,1,4.1056,0.3558
66215-27-8,fasn,0,3.2956,0.6776
91-64-5,fasn,0,4.677,0.7501
123-03-5,fasn,0,4.6532,0.7039
36653-82-4,fasn,0,4.0496,1.5918
57-67-0,fasn,0,4.0585,0.7485
66-22-8,fasn,0,4.3819,0.7845
38083-17-9,fasn,0,4.3222,0.5672
23327-57-3,fasn,0,3.5425,0.56
965-52-6,fasn,1,5.1436,0.6512
51-24-1,fasn,0,6.0412,0.8601
538-71-6,fasn,1,4.4622,0.5957
87-17-2,fasn,0,4.2923,0.583
552-94-3,fasn,0,5.1524,0.7188
456-59-7,fasn,0,4.4363,0.5271
132-60-5,fasn,1,5.3046,0.856
3440-28-6,fasn,0,3.8858,0.4219
72-80-0,fasn,0,4.8568,0.6489
134-58-7,fasn,0,4.0928,0.8653
521-74-4,fasn,0,4.843,0.7376
6402-23-9,fasn,0,5.0167,0.8005
64-65-3,fasn,0,4.1381,0.5961
96-50-4,fasn,0,3.1612,0.8746
3644-61-9,fasn,0,3.8715,0.3809
73231-34-2,fasn,0,4.6327,0.7088
3759-92-0,fasn,0,4.5803,0.4202
132-65-0,fasn,0,4.1903,0.6087
4940-39-0,fasn,0,4.3591,0.5143
59-50-7,fasn,1,4.1587,0.5637
94-09-7,fasn,0,4.0237,0.7045
151767-02-1,fasn,1,4.8915,0.7267
56038-13-2,fasn,0,4.7781,0.6312
133868-46-9,fasn,0,5.218,0.9267
1649-18-9,fasn,0,4.2836,0.4665
3562-84-3,fasn,0,5.3524,0.6892
73573-88-3,fasn,0,4.9264,1.0549
5987-82-6,fasn,0,4.2009,0.3936
54-71-7,fasn,0,3.6963,0.3964
140-40-9,fasn,0,4.1928,0.649
61-80-3,fasn,0,3.467,0.7097
481-49-2,fasn,0,3.7742,1.4335
484-20-8,fasn,0,4.076,0.5553
57-09-0,fasn,0,3.9423,1.8939
153-98-0,fasn,0,5.1069,0.7021
134-03-2,fasn,0,4.9709,0.9393
22457-89-2,fasn,0,4.8368,0.6184
56715-13-0,fasn,0,4.1935,0.4016
22573-93-9,fasn,0,6.0906,0.7615
90-45-9,fasn,0,5.1724,0.9042
149-16-6,fasn,0,4.1569,0.7555
6804-07-5,fasn,1,4.8534,1.1606
105956-99-8,fasn,0,4.5871,0.5989
636-54-4,fasn,0,4.5244,0.5246
17780-75-5,fasn,0,4.9049,1.2342
8068-28-8,fasn,1,3.5433,0.8867
315-80-0,fasn,0,4.3109,0.4097
23256-33-9,fasn,0,3.8073,0.7086
22059-60-5,fasn,0,4.1963,0.7812
483-18-1,fasn,1,4.5226,0.6068
22881-35-2,fasn,0,4.5379,0.4282
60-02-6,fasn,0,3.2795,0.909
6968-72-5,fasn,0,4.9925,1.1968
135-23-9,fasn,1,4.111,0.3602
1084-65-7,fasn,0,4.3834,0.5054
64953-12-4,fasn,0,5.1463,1.0446
58895-64-0,fasn,0,5.1988,0.6238
51-12-7,fasn,0,4.7038,0.5178
126-27-2,fasn,0,5.1431,0.635
57-64-7,fasn,0,4.0371,0.5786
125-51-9,fasn,0,4.935,0.8634
19562-30-2,fasn,1,4.7316,0.6306
41372-20-7,fasn,0,6.123,0.9169
90274-24-1,fasn,0,5.229,0.5804
50679-08-8,fasn,0,4.5346,0.4143
1684-40-8,fasn,0,5.4932,0.88
51-83-2,fasn,1,3.3311,0.8718
64490-92-2,fasn,1,4.6166,0.5302
65513-72-6,fasn,0,4.5897,0.6655
912-60-7,fasn,0,4.1662,0.6815
26002-80-2,fasn,0,4.3712,0.457
131-69-1,fasn,0,4.9883,0.3936
27470-51-5,fasn,0,4.6443,0.6735
65-31-6,fasn,0,4.17,0.4869
6856-31-1,fasn,1,3.8722,0.4455
6109-70-2,fasn,1,3.9383,0.3558
113-52-0,fasn,0,4.5026,0.4749
55147-68-7,fasn,1,4.2754,0.8354
32795-47-4,fasn,1,4.5926,0.5391
62-68-0,fasn,0,3.7254,0.6483
97-44-9,fasn,0,4.0782,0.421
73-48-3,fasn,0,5.3003,0.8314
37106-97-1,fasn,0,4.9195,0.4286
3818-50-6,fasn,0,4.4027,0.8352
54-30-8,fasn,0,4.1197,0.7348
2181-04-6,fasn,1,5.1243,0.4932
37693-01-9,fasn,1,4.6307,0.3874
537-12-2,fasn,0,4.2823,0.3481
21498-08-8,fasn,1,3.6962,0.7201
2139-47-1,fasn,1,4.3314,0.7408
52432-72-1,fasn,0,3.9832,0.585
2066-89-9,fasn,0,4.4648,0.632
13523-86-9,fasn,0,4.6552,0.4327
23249-97-0,fasn,0,4.3798,0.7225
5786-68-5,fasn,1,4.3013,0.3618
4961-41-5,fasn,1,2.7321,1.9779
98-72-6,fasn,0,4.3004,0.4627
94-16-6,fasn,1,4.668,0.6857
59122-46-2,fasn,1,5.3982,0.8311
110078-46-1,fasn,0,4.5649,0.5174
