compound_id,target_id,in_experimental_data,pred_mean_6predictor_pr_ridge,pred_err_6predictor_pr_ridge,pred_mean_6predictor_pr_plus_derived_ridge,pred_err_6predictor_pr_plus_derived_ridge,pred_mean_6predictor_pr_derived_only_ridge,pred_err_6predictor_pr_derived_only_ridge,pred_mean_chemdescriptors_only_ridge,pred_err_chemdescriptors_only_ridge,pred_mean_6predictor_pr_plus_chemdescriptors_ridge,pred_err_6predictor_pr_plus_chemdescriptors_ridge,pred_mean_6predictor_pr_plus_derived_plus_chemdescriptors_ridge,pred_err_6predictor_pr_plus_derived_plus_chemdescriptors_ridge
68-19-9,furin,1,4.3214,0.9371,4.3553,0.7458,4.4589,0.7947,4.3585,4.5988,3.8384,3.2273,3.8146,3.3717
70476-82-3,furin,1,4.184,0.9478,4.1853,0.7271,4.2979,0.7469,4.3687,1.4762,4.0704,0.8807,3.9835,0.7984
1405-89-6,furin,1,5.0381,1.6263,5.0385,1.6849,4.9333,1.7678,4.0836,5.0227,4.3309,2.0721,4.5067,2.157
179463-17-3,furin,1,4.4776,1.0029,4.4021,0.9109,4.4213,0.9967,4.2103,3.5854,4.1265,1.4468,4.0201,1.4809
83-88-5,furin,1,5.0614,1.8743,5.0109,1.7715,4.8949,1.7155,4.5698,1.0152,5.1649,0.9205,5.1255,0.9419
152520-56-4,furin,1,4.0921,0.5865,4.0936,0.6022,4.2042,0.7299,4.6759,1.3631,4.1748,0.6315,4.0922,0.6913
1264-72-8,furin,1,4.2313,0.7606,4.259,0.7746,4.3805,0.853,3.8267,5.0338,3.5722,2.1541,3.6138,2.1107
99592-39-9,furin,1,4.5672,1.1743,4.5719,1.1223,4.5698,1.1351,4.7135,1.8304,4.7709,1.3987,4.747,1.5728
79307-93-0,furin,1,4.8834,1.1507,4.8843,1.281,4.8047,1.4748,4.7985,1.7797,5.0679,1.0072,5.131,1.1963
402957-28-2,furin,1,5.1917,1.9861,5.2654,2.1261,5.133,2.1501,4.5308,1.3269,5.0215,1.4432,5.2431,1.8025
22916-47-8,furin,1,4.7124,0.9905,4.6944,0.9561,4.6618,1.0686,4.6236,1.8806,4.8029,1.0565,4.7853,1.2189
83915-83-7,furin,1,4.3639,0.9995,4.3475,0.9274,4.4073,1.0107,4.2799,1.9074,4.005,2.2751,3.9747,2.3994
14028-44-5,furin,1,4.8462,0.9023,4.8731,1.0917,4.7905,1.3324,4.8445,1.8025,5.1066,0.9253,5.2022,1.0848
439081-18-2,furin,1,5.2526,1.9149,5.3104,2.088,5.1482,2.1313,4.6716,1.2927,5.3512,1.1942,5.5797,1.4452
548-73-2,furin,1,4.3739,0.7859,4.4971,0.8269,4.5777,0.8928,4.6662,1.469,4.3194,1.0469,4.4762,1.3537
849217-68-1,furin,1,4.2298,1.161,4.2699,1.226,4.3723,1.1696,4.7458,0.942,4.4087,1.191,4.4105,1.2363
753498-25-8,furin,1,4.8905,1.5032,4.8407,1.48,4.7891,1.5743,4.6827,1.0166,5.0876,0.7849,5.0027,0.8538
56390-09-1,furin,1,5.1499,1.7759,5.202,1.9827,5.0835,2.1078,4.7449,1.7028,5.4727,1.1227,5.6,1.2591
5370-01-4,furin,1,5.3701,2.1624,5.4588,2.4082,5.2887,2.4839,4.5504,1.2836,5.4378,1.3263,5.7128,1.7451
90357-06-5,furin,1,4.6527,0.9168,4.7209,1.115,4.7155,1.3,4.5829,0.9299,4.5037,0.848,4.6559,1.074
107007-99-8,furin,1,4.9467,1.7687,4.9777,1.7477,4.8968,1.6459,4.758,1.5982,5.0932,1.3936,5.163,1.5868
64872-77-1,furin,1,5.0896,1.5238,5.0919,1.6668,4.9931,1.8397,4.5807,2.0745,5.0554,1.1857,5.128,1.4336
5786-21-0,furin,1,4.5784,1.1023,4.5793,0.9087,4.5916,0.9501,4.8655,2.1772,4.7821,1.0568,4.7179,1.0393
101827-46-7,furin,1,4.2324,0.6096,4.2841,0.6065,4.3533,0.6791,4.7542,2.0609,4.3455,1.0608,4.4054,1.1111
99614-01-4,furin,1,4.7972,1.5603,4.7174,1.3795,4.6811,1.3085,4.7827,1.2949,5.0322,1.4232,4.8764,1.453
113-59-7,furin,1,3.997,0.8481,3.9726,0.7264,4.0917,0.7581,4.7188,2.1372,4.0171,0.7618,3.8751,0.8185
56296-78-7,furin,1,4.6572,0.8038,4.5095,0.7438,4.4317,0.6677,4.593,1.7588,4.6271,0.7769,4.465,0.8813
50357-45-4,furin,1,5.1731,1.4659,5.2215,1.7266,5.087,1.9168,4.295,2.0208,4.8306,2.0094,5.0806,2.3958
122883-93-6,furin,1,4.4008,0.7522,4.4415,0.7609,4.5165,0.8126,4.8014,1.8265,4.6402,0.8441,4.608,0.9829
668270-12-0,furin,1,4.9537,1.3816,4.9716,1.5245,4.8894,1.6798,4.8284,1.0903,5.2043,1.3308,5.2973,1.731
34183-22-7,furin,1,4.7805,1.3172,4.7143,1.2789,4.6952,1.444,4.3913,2.0453,4.5344,1.5621,4.4852,1.666
32986-56-4,furin,1,4.4362,1.1119,4.3568,1.0671,4.388,0.9746,4.3996,2.3022,4.8201,2.1136,4.6312,2.2513
179324-69-7,furin,1,4.4563,0.9359,4.4295,0.8979,4.4805,1.0475,4.4743,1.0171,4.3663,0.5307,4.2986,0.5306
2030-63-9,furin,1,4.5596,0.8052,4.6027,0.8155,4.6213,0.9333,4.818,2.061,4.6913,0.7938,4.7111,0.8634
155213-67-5,furin,1,4.8191,0.7159,4.8161,0.8096,4.7551,1.0186,4.5451,2.1675,4.855,1.859,4.9296,1.9858
163222-33-1,furin,1,5.0156,1.6084,4.992,1.64,4.9157,1.7421,4.7131,1.2065,5.0512,0.9846,5.052,1.1067
132539-06-1,furin,1,4.0111,0.8656,3.9587,0.7956,4.0627,0.8512,4.8738,2.192,4.2841,1.3217,4.0808,1.4088
32672-69-8,furin,1,4.6761,0.8676,4.6874,0.9222,4.6781,1.1189,4.7557,2.0904,4.7841,0.9382,4.8029,1.0578
229975-97-7,furin,1,4.8437,1.2504,4.854,1.331,4.8224,1.4937,4.5666,1.7909,4.7873,1.3384,4.8554,1.4067
79559-97-0,furin,1,5.0186,1.6508,5.082,1.7134,4.981,1.7488,4.7104,1.8107,5.1146,1.238,5.2741,1.4659
274693-27-5,furin,1,4.4529,1.298,4.3747,1.2118,4.3604,1.1253,4.6147,0.8129,4.5458,1.0035,4.4242,1.1299
65277-42-1,furin,1,4.8242,1.5728,4.8633,1.6328,4.8072,1.6319,4.7598,1.7026,4.9535,1.3412,5.0407,1.6143
65473-14-5,furin,1,4.7799,0.6371,4.6757,0.5703,4.577,0.7692,4.7004,2.0176,4.8501,0.8138,4.782,0.8712
175865-59-5,furin,1,4.4741,1.1035,4.4223,0.9941,4.4386,1.1081,4.4362,1.3086,4.5331,1.0471,4.4492,1.096
148849-67-6,furin,1,4.7872,1.3074,4.7318,1.2892,4.711,1.4558,4.6246,1.8572,4.8029,1.4399,4.7337,1.6099
192725-17-0,furin,1,4.3586,0.8716,4.4413,0.7052,4.5429,0.7176,4.532,2.1444,4.1912,1.4862,4.2487,1.6614
63-45-6,furin,1,5.0124,1.5081,5.0839,1.7215,4.9965,1.8439,4.56,1.0099,5.0655,0.7315,5.2656,1.0113
443913-73-3,furin,1,4.6994,0.6379,4.7175,0.6917,4.657,0.9365,4.7139,1.8656,4.9193,1.5288,5.01,1.5932
61-76-7,furin,1,4.1178,0.5381,4.1507,0.6069,4.2405,0.735,4.5249,1.2418,4.1851,0.6217,4.1706,0.7032
440-17-5,furin,1,4.0486,0.7009,4.1688,0.6303,4.3107,0.6159,4.7952,2.5616,4.1122,1.0294,4.2023,1.1473
184475-35-2,furin,1,5.0114,1.9376,5.0014,1.8374,4.9083,1.7469,4.667,1.3645,5.14,1.3331,5.1864,1.4436
23256-50-0,furin,1,4.5216,0.5944,4.3591,0.7427,4.3238,0.7416,4.4308,1.2659,4.2223,1.3329,3.9717,1.2757
58-27-5,furin,1,4.9662,1.1272,4.9465,1.2501,4.8559,1.4754,4.7011,1.1367,5.0777,0.6078,5.0784,0.6887
183320-51-6,furin,1,4.2556,0.7658,4.1233,0.8708,4.16,0.773,4.5796,0.9085,4.2083,0.8877,3.9803,1.2158
53716-49-7,furin,1,4.1677,0.8753,4.1571,0.6976,4.2476,0.7368,4.7167,0.7539,4.2052,0.7783,4.1068,0.7749
54527-84-3,furin,1,4.1962,0.479,4.2436,0.5574,4.3099,0.6807,4.5515,1.1014,3.9951,0.7499,4.1084,1.0647
298-81-7,furin,1,4.2256,0.7045,4.2756,0.583,4.3299,0.6458,4.7543,0.8643,4.4637,0.8352,4.5387,0.844
51-30-9,furin,1,4.6902,1.2074,4.6435,1.108,4.6412,1.2602,4.4869,1.1179,4.699,0.8019,4.5972,0.7497
34381-68-5,furin,1,3.8237,0.9866,3.9814,0.8319,4.1359,0.8668,4.3661,1.6012,3.6531,0.8092,3.8985,0.8647
51022-70-9,furin,1,4.7742,1.3951,4.8021,1.4479,4.7787,1.5334,4.5295,1.1081,4.886,1.0206,4.9212,1.1337
13492-01-8,furin,1,4.2864,0.7169,4.2942,0.5964,4.3606,0.5368,4.607,1.3956,4.3671,0.6102,4.2772,0.7112
536-33-4,furin,1,4.748,0.9435,4.6927,1.0128,4.676,1.1342,4.543,1.1518,4.7437,0.8019,4.6561,0.9002
25332-39-2,furin,1,4.5535,0.6281,4.4764,0.5562,4.4741,0.6223,4.7151,1.6636,4.6514,0.9065,4.5077,1.0071
496775-61-2,furin,1,4.1133,0.8862,4.04,0.7543,4.1407,0.8335,4.7437,0.5366,4.0904,0.6951,3.8974,0.7183
100643-71-8,furin,1,4.4603,0.9018,4.4384,1.0405,4.4851,1.049,4.829,1.8628,4.667,0.7762,4.5484,0.8696
123318-82-1,furin,1,4.4102,0.7607,4.5212,0.8136,4.6012,0.9088,4.6586,1.2234,4.5857,0.8857,4.6853,0.9046
36791-04-5,furin,1,3.8805,1.0097,4.0495,1.0014,4.2265,1.0291,4.5468,1.407,4.1073,1.4472,4.2523,1.4873
198480-56-7,furin,1,4.6978,1.4595,4.653,1.4521,4.5936,1.4405,4.8052,1.639,4.9516,0.7984,4.8944,0.9589
201530-41-8,furin,1,4.5671,1.2329,4.6233,1.1731,4.6395,1.1312,4.7945,0.6143,4.7339,0.7077,4.7846,0.7303
111406-87-2,furin,1,4.5411,0.765,4.5475,0.8101,4.5557,0.9821,4.6004,0.7362,4.5386,0.6155,4.5534,0.6747
2627-69-2,furin,1,4.2493,0.8066,4.2324,0.8847,4.3192,0.8939,4.5413,1.5191,4.4974,1.4508,4.3622,1.8139
3717-88-2,furin,1,4.6186,0.8545,4.5586,0.8131,4.5568,0.8083,4.7485,1.2622,4.778,0.5958,4.6833,0.638
133099-07-7,furin,1,5.1794,1.8084,5.2173,1.9966,5.0991,2.1269,4.7237,1.7256,5.2553,1.5599,5.3982,1.9404
223673-61-8,furin,1,4.7193,1.0542,4.8423,1.2558,4.8135,1.348,4.5282,1.0198,4.7206,0.653,4.9747,0.8564
50-28-2,furin,1,3.951,0.7362,4.1797,0.7244,4.3267,0.8537,4.8039,1.4283,4.1748,0.6952,4.4358,0.8376
641571-10-0,furin,1,4.789,1.3619,4.79,1.424,4.7381,1.5272,4.887,1.1636,5.1806,1.1685,5.2007,1.2933
21462-39-5,furin,1,4.843,1.301,4.8027,1.1133,4.7685,1.0017,4.4579,1.6418,4.7983,1.6286,4.691,1.7103
169590-42-5,furin,1,4.8113,1.6224,4.8208,1.569,4.769,1.5024,4.7303,0.896,4.8789,0.8576,4.8983,1.0744
53885-35-1,furin,1,4.1716,0.7191,4.1676,0.5859,4.2359,0.5129,4.7081,2.0067,4.2359,0.6678,4.1797,0.6858
191732-72-6,furin,1,4.3024,0.861,4.3441,0.7573,4.3946,0.725,4.6382,0.9741,4.2784,0.7267,4.3376,0.8639
144598-75-4,furin,1,4.784,0.6963,4.6476,0.6653,4.5556,0.7484,4.8188,1.2745,5.0847,0.8697,4.9025,0.9742
154-69-8,furin,1,4.8216,1.2488,4.733,1.1783,4.7037,1.3768,4.5885,1.8405,4.8336,1.1925,4.7193,1.2494
103577-45-3,furin,1,4.2094,0.5908,4.1611,0.6364,4.2152,0.6473,4.6626,0.9393,4.2795,0.8651,4.1671,0.9146
62893-19-0,furin,1,3.9878,0.6151,4.0833,0.6342,4.2134,0.6612,4.5704,1.3086,3.7827,1.059,3.9004,1.4261
73590-58-6,furin,1,4.5711,1.0847,4.5682,0.9945,4.6112,1.0718,4.6657,0.6544,4.7241,0.9551,4.6629,1.0098
72432-03-2,furin,1,4.074,0.5745,4.2358,0.6406,4.3656,0.8073,4.4758,1.5959,4.327,1.8247,4.4831,1.9651
444731-52-6,furin,1,5.2735,1.7195,5.2454,1.6808,5.0774,1.7102,4.7836,0.8357,5.6549,1.2117,5.7134,1.3054
50-63-5,furin,1,3.7959,1.0502,4.0206,0.9412,4.2015,0.9219,4.5111,2.0052,3.7686,0.6768,4.087,0.8681
364782-34-3,furin,1,4.508,0.8243,4.4831,0.6232,4.4654,0.6615,4.6583,2.0425,4.5291,0.8361,4.5537,0.8487
61318-91-0,furin,1,4.8596,1.2585,4.8507,1.3218,4.7856,1.4731,4.6306,1.9414,4.9012,0.9868,4.9105,1.1995
30652-11-0,furin,1,4.4013,0.5996,4.2684,0.7608,4.2634,0.749,4.6284,1.2013,4.5206,1.0579,4.263,1.2864
165800-03-3,furin,1,5.1364,1.3913,5.1607,1.4886,5.0244,1.6002,4.672,1.0899,5.2084,0.8637,5.3546,1.065
321-30-2,furin,1,4.6039,0.4774,4.4395,0.5068,4.3822,0.6435,4.6656,1.1923,4.8442,1.1919,4.5733,1.5835
91-33-8,furin,1,4.5757,1.1195,4.3914,0.8969,4.3121,0.6124,4.5944,1.1369,4.6362,1.4399,4.3775,1.8922
134308-13-7,furin,1,4.7632,0.936,4.732,0.989,4.713,1.0825,4.5589,0.6825,4.6376,0.8887,4.6172,0.8892
152459-95-5,furin,1,4.8719,1.0962,4.9067,1.1704,4.8815,1.3092,4.8339,1.289,5.1819,0.9681,5.2264,1.1279
82586-55-8,furin,1,4.8249,1.3126,4.7428,1.185,4.723,1.3699,4.5322,1.2226,4.6361,1.6753,4.5313,1.7391
475207-59-1,furin,1,5.0554,1.7367,5.1369,1.8083,5.0542,1.8035,4.7301,1.2959,5.1834,1.3174,5.3355,1.3584
75706-12-6,furin,1,5.0879,1.5873,5.0634,1.5598,4.9507,1.6052,4.6981,0.8564,5.2235,0.9106,5.2524,1.0023
41621-49-2,furin,1,4.1859,0.5733,4.2892,0.6032,4.3826,0.762,4.6655,0.8996,4.298,0.6862,4.4004,0.7422
4205-91-8,furin,1,4.2649,0.9146,4.2038,0.8725,4.2476,0.9563,4.6297,1.7247,4.3623,1.1377,4.1947,1.285
479-18-5,furin,1,4.8609,0.8893,4.7948,0.8263,4.7379,0.9791,4.6005,1.05,5.0142,0.7863,4.9376,0.8117
73963-72-1,furin,1,4.6695,1.2158,4.6383,1.2157,4.6297,1.3591,4.6278,0.7075,4.6777,1.2713,4.6345,1.314
135729-62-3,furin,1,4.7818,1.0015,4.8266,0.9811,4.7789,1.048,4.8173,2.1975,4.96,1.6747,5.0178,1.8423
6018-19-5,furin,1,4.3848,1.3501,4.277,1.2235,4.2869,1.0741,4.5513,1.1327,4.2918,0.9296,4.0612,1.1623
78415-72-2,furin,1,4.4747,0.6118,4.5587,0.8037,4.607,1.0064,4.6928,0.7517,4.6074,0.4528,4.7056,0.5253
50-35-1,furin,1,4.0006,0.7756,4.1616,0.7912,4.3036,0.801,4.6742,1.0405,3.9839,0.8021,4.1741,1.1224
319460-85-0,furin,1,4.6734,1.4207,4.5745,1.2445,4.5256,1.0587,4.7812,0.7841,4.8843,0.9371,4.7047,1.2357
69-52-3,furin,1,4.6307,0.7764,4.6548,0.8253,4.6767,0.9636,4.5618,0.9182,4.5467,1.0528,4.5526,1.1481
6493-05-6,furin,1,4.304,1.0772,4.3346,1.039,4.4012,0.9816,4.5521,0.9492,4.3162,0.769,4.3815,0.8857
183319-69-9,furin,1,4.5581,0.9939,4.51,1.0725,4.5401,1.0249,4.571,1.1516,4.5203,0.9642,4.4506,1.2191
219861-08-2,furin,1,4.8639,1.3981,4.8906,1.4664,4.8648,1.5855,4.672,1.5955,4.8856,1.2629,4.9461,1.5089
82640-04-8,furin,1,4.2833,0.8677,4.2047,0.7143,4.266,0.8059,4.7777,1.3997,4.5148,0.8351,4.3303,0.9804
2809-21-4,furin,1,4.3605,0.8633,4.3937,0.8104,4.4419,0.8931,4.373,1.8147,4.2433,0.9163,4.2526,0.9504
129497-78-5,furin,1,4.7815,1.1905,4.715,1.1487,4.6886,1.345,4.7935,1.2592,4.772,1.2829,4.6725,1.3485
366-70-1,furin,1,4.0621,0.6468,4.1202,0.6383,4.2544,0.7058,4.4434,1.5581,3.8966,0.8024,3.9347,0.9337
50-78-2,furin,1,4.6112,0.6595,4.6227,0.6834,4.6405,0.8034,4.5363,1.1288,4.4494,0.7628,4.4533,0.8438
59-67-6,furin,1,4.9531,0.8257,4.7987,0.7763,4.6681,0.8295,4.5828,1.2231,5.0029,0.8418,4.8212,0.9686
147403-03-0,furin,1,5.4702,2.1884,5.5808,2.4956,5.3828,2.581,4.7899,0.633,5.8039,0.8372,6.1269,1.0993
51-48-9,furin,1,4.7269,1.2673,4.6626,1.216,4.6477,1.3724,4.1944,5.4536,4.2095,4.3443,4.021,4.7653
89-57-6,furin,1,3.6768,1.3217,3.9128,1.1463,4.1115,1.0807,4.5263,1.1573,3.541,1.1499,3.8484,1.2411
63675-72-9,furin,1,4.8217,0.7483,4.8313,0.8293,4.7649,0.9949,4.5518,0.6751,4.6661,0.6974,4.7801,0.7686
93-14-1,furin,1,5.1216,1.8486,5.1404,1.8379,5.0346,1.8185,4.5074,1.0582,5.1697,1.0952,5.2662,1.2143
56180-94-0,furin,1,4.5772,0.8947,4.5512,0.8095,4.5449,0.8733,4.3212,2.8384,4.634,2.4586,4.6052,2.8935
25451-15-4,furin,1,4.919,0.8145,4.8794,0.8655,4.7916,0.9968,4.481,0.9717,4.885,0.5288,4.8892,0.5279
2022-85-7,furin,1,4.7357,1.2477,4.8117,1.3779,4.7944,1.4717,4.5938,1.1434,4.8302,0.6911,4.9243,0.8238
554-57-4,furin,1,4.5909,0.7302,4.5765,0.7597,4.587,0.8778,4.4769,1.0957,4.5962,0.7263,4.5723,0.821
50-44-2,furin,1,4.7928,1.2672,4.7637,1.2088,4.7027,1.1809,4.6435,1.0415,4.8884,0.9312,4.8338,1.0741
156-57-0,furin,1,3.9469,1.3542,4.075,1.3514,4.2479,1.2593,4.4513,1.6157,4.1024,1.3499,4.1878,1.5881
50-01-1,furin,1,3.9167,0.9061,4.0456,0.8163,4.1865,0.8337,4.3812,1.7004,3.7216,1.1397,3.8461,1.2437
99464-64-9,furin,1,4.5924,0.7334,4.497,0.848,4.4861,0.8175,4.6268,0.7018,4.567,0.6929,4.4234,0.7792
82419-36-1,furin,1,4.4579,0.8452,4.4109,0.8172,4.4532,0.9723,4.7776,1.5355,4.6698,1.1845,4.5378,1.2249
122647-32-9,furin,1,4.6637,1.2281,4.5843,1.1043,4.5814,1.2562,4.2483,2.5261,4.3782,1.1702,4.2904,1.3089
149003-01-0,furin,1,3.9243,0.6732,3.9225,0.6395,4.0637,0.6726,4.5256,1.3219,3.8177,1.1309,3.6966,1.2029
112811-59-3,furin,1,4.1978,1.0006,4.1288,0.9201,4.2083,0.7669,4.7109,1.1017,4.2269,0.6979,4.0304,0.7555
51803-78-2,furin,1,4.3107,0.7921,4.2906,0.639,4.3585,0.7132,4.5348,0.6166,4.1732,0.8472,4.1219,0.9158
29767-20-2,furin,1,5.1655,1.7784,5.2629,1.992,5.1544,2.0694,4.9738,2.3287,5.5926,1.6682,5.7749,1.6486
10347-81-6,furin,1,5.0451,1.3115,5.0409,1.4664,4.9105,1.6091,4.6964,1.8527,5.0203,1.6902,5.1133,1.925
53994-73-3,furin,1,4.4876,1.025,4.4979,1.0549,4.502,1.1194,4.5486,0.9113,4.3348,1.2201,4.346,1.3995
49562-28-9,furin,1,4.1165,0.9926,4.0465,0.753,4.1429,0.7601,4.5873,1.2281,3.9756,0.8992,3.8269,0.9153
51-52-5,furin,1,4.8382,0.9813,4.7561,0.9596,4.7141,0.9432,4.5297,1.0535,4.8236,1.0315,4.6718,1.2094
315-30-0,furin,1,5.021,1.7466,5.0791,1.81,4.9831,1.8245,4.6518,1.1436,5.2373,1.0103,5.3582,1.1341
1405-10-3,furin,1,4.1334,0.8363,4.117,0.7585,4.2073,0.7612,4.4135,3.2125,4.4501,2.1734,4.2894,2.3596
58-14-0,furin,1,4.2091,0.9321,4.1774,0.89,4.2411,0.9575,4.6635,0.7421,4.3007,0.9719,4.1853,1.1339
19237-84-4,furin,1,4.4175,0.7435,4.4787,0.7669,4.5304,0.8125,4.779,0.8341,4.7328,1.0334,4.7991,0.9647
23288-49-5,furin,1,4.635,1.0681,4.5755,1.0268,4.582,1.1985,4.7765,2.6529,4.7524,2.3117,4.6164,2.4862
147-94-4,furin,1,4.9952,1.2076,4.9545,1.2604,4.8719,1.4841,4.6003,1.3819,5.2618,1.0148,5.2037,1.0948
65-29-2,furin,1,3.8635,0.7291,3.8491,0.6629,4.0073,0.7044,4.1817,4.2643,3.4538,1.5978,3.4248,1.8505
24356-60-3,furin,1,4.4504,1.1447,4.4117,1.1097,4.438,1.2068,4.4897,0.906,4.1659,1.4945,4.1034,1.5959
186826-86-8,furin,1,4.3817,0.5797,4.4207,0.5636,4.4579,0.6349,4.7525,1.2165,4.448,1.0069,4.4802,1.1354
101-26-8,furin,1,4.8857,1.4421,4.828,1.3468,4.7734,1.5033,4.6083,1.4447,4.9021,1.2067,4.8265,1.2921
15687-27-1,furin,1,4.4119,0.9098,4.4015,0.8704,4.4405,0.7665,4.5446,1.1846,4.3452,0.9653,4.3046,1.0694
286930-03-8,furin,1,4.6281,0.7692,4.6403,0.8513,4.6537,0.982,4.4928,2.1225,4.445,1.2925,4.5137,1.5161
3424-98-4,furin,1,4.6917,1.1466,4.6243,1.1562,4.555,1.2383,4.6025,1.065,4.8641,0.9053,4.7797,0.9871
14976-57-9,furin,1,4.66,1.1223,4.5364,1.1162,4.458,1.1401,4.642,2.0903,4.6429,0.8892,4.5067,1.0171
160970-54-7,furin,1,4.8117,0.866,4.7567,0.8789,4.6593,0.997,4.4291,1.8251,4.6397,0.8953,4.6761,1.0387
3543-75-7,furin,1,4.5394,1.1312,4.5057,0.7954,4.4817,0.5934,4.4415,1.413,4.3733,0.8699,4.3963,0.9007
144060-53-7,furin,1,4.5552,0.8846,4.52,0.8851,4.5371,1.0382,4.6255,0.5609,4.6197,0.7822,4.5617,0.79
95233-18-4,furin,1,5.0414,0.9411,4.9177,0.9596,4.8006,1.1231,4.7995,1.1338,5.1539,0.7503,5.0068,0.7744
91374-20-8,furin,1,4.5217,0.7656,4.563,0.6918,4.5919,0.6953,4.4937,1.8895,4.4062,1.04,4.4555,1.2049
58186-27-9,furin,1,4.766,1.3638,4.7143,1.327,4.6896,1.4327,4.2988,1.9987,4.4449,1.465,4.4175,1.6408
17321-77-6,furin,1,4.298,1.2516,4.1859,1.1801,4.1964,1.1003,4.6973,2.1154,4.3157,1.0844,4.1216,1.2047
117-37-3,furin,1,4.89,1.4427,4.8866,1.3133,4.8057,1.2151,4.7295,0.9539,4.9285,0.8796,4.9593,0.917
62571-86-2,furin,1,5.3499,2.085,5.4484,2.3708,5.2814,2.4704,4.4951,1.2582,5.2797,1.5935,5.5749,1.9288
41340-25-4,furin,1,4.4264,0.8311,4.4228,0.8097,4.489,0.9677,4.6538,0.7639,4.424,0.9601,4.3563,0.9229
302962-49-8,furin,1,4.6061,0.8276,4.5341,0.6273,4.4746,0.7193,4.7174,1.3691,4.9511,1.8239,4.8861,2.0194
63-74-1,furin,1,4.8874,1.3154,4.841,1.3293,4.7961,1.5186,4.5238,0.9945,4.8411,0.7888,4.7634,0.8099
2508-72-7,furin,1,4.4587,1.3316,4.4191,1.1609,4.4389,1.0642,4.6419,1.7672,4.4064,1.154,4.3087,1.2678
85371-64-8,furin,1,4.7294,1.2018,4.6561,1.1653,4.6563,1.3361,4.5512,0.8935,4.6264,1.1475,4.5003,1.0798
58-56-0,furin,1,4.8713,1.3651,4.868,1.2892,4.8276,1.2832,4.541,1.0857,4.9687,0.874,4.9484,0.9137
115256-11-6,furin,1,4.3717,0.9211,4.3922,0.9399,4.448,1.0573,4.4109,1.3898,4.2662,0.6095,4.2805,0.7129
188062-50-2,furin,1,4.7827,0.9515,4.6779,0.8938,4.6034,0.7982,4.6591,0.6441,4.9337,0.5193,4.7794,0.8511
40828-46-4,furin,1,4.8036,0.9574,4.7986,1.0551,4.7771,1.2173,4.5962,0.8632,4.7298,0.7193,4.7497,0.8316
139110-80-8,furin,1,5.0022,1.3619,5.0392,1.4064,4.9728,1.5079,4.3001,1.7704,4.7562,1.4297,4.8535,1.5201
375815-87-5,furin,1,3.8868,1.3557,3.9033,1.2201,4.0404,0.9577,4.7802,1.4403,4.1186,0.9881,4.0289,1.0156
56211-40-6,furin,1,4.4197,0.9508,4.3757,0.9326,4.392,1.0655,4.5875,0.6286,4.3936,0.8097,4.3223,0.8882
58-96-8,furin,1,4.8846,1.3821,4.8483,1.3546,4.7879,1.4316,4.5864,1.2995,5.1398,1.1906,5.0696,1.2773
3366-95-8,furin,1,4.0882,0.7571,4.2068,0.7077,4.3167,0.7661,4.4878,0.9522,4.0649,0.6104,4.2365,0.8162
211914-51-1,furin,1,4.3443,0.5885,4.3697,0.5383,4.4075,0.6382,4.5657,0.8954,4.2668,0.9539,4.345,1.1381
150322-43-3,furin,1,4.877,1.32,4.8954,1.3536,4.8305,1.4439,4.691,1.5629,4.9301,1.2494,5.0222,1.4344
1744-22-5,furin,1,4.8878,1.4384,4.9703,1.6705,4.9,1.779,4.7061,1.1326,5.05,1.1213,5.2248,1.2606
23239-51-2,furin,1,4.8028,1.2971,4.7634,1.2295,4.7375,1.3868,4.5546,1.0955,4.856,0.6802,4.7879,0.6623
21679-14-1,furin,1,4.5416,1.2428,4.485,1.1218,4.4924,1.1216,4.6583,1.4446,4.8219,1.2454,4.6741,1.3736
105816-04-4,furin,1,5.057,1.6073,5.05,1.7119,4.9622,1.8656,4.5491,1.053,4.931,1.2708,4.9902,1.416
57248-88-1,furin,1,4.93,1.7123,4.8429,1.5585,4.7743,1.5125,4.2813,1.9676,4.8396,1.2774,4.7027,1.2265
39133-31-8,furin,1,4.6034,1.0894,4.5404,1.0445,4.5656,1.212,4.5469,1.5873,4.5474,0.907,4.4655,1.027
135062-02-1,furin,1,4.0907,0.824,4.0417,0.7494,4.1419,0.8429,4.5812,1.2793,3.9589,0.8558,3.8247,0.9159
13311-84-7,furin,1,4.7946,1.3287,4.7138,1.2727,4.6972,1.4463,4.542,0.7915,4.6682,1.0037,4.5427,0.9544
28657-80-9,furin,1,4.6403,0.8079,4.5862,0.7818,4.5706,0.8689,4.7023,0.8291,4.8339,0.6892,4.7513,0.6866
55268-74-1,furin,1,5.2304,1.257,5.1783,1.3504,5.0089,1.5286,4.7861,1.591,5.3708,0.9638,5.3811,1.0503
16676-29-2,furin,1,4.2298,0.4688,4.2487,0.4729,4.2921,0.5783,4.7983,1.7079,4.4436,0.8503,4.4132,0.8711
5633-20-5,furin,1,4.4156,1.2309,4.3826,0.6969,4.4292,0.5481,4.5203,1.8843,4.1628,1.3411,4.1054,1.1917
51-21-8,furin,1,4.4767,0.9012,4.48,0.8855,4.5054,1.0227,4.5757,1.2568,4.4406,0.7258,4.3953,0.8067
147526-32-7,furin,1,4.3212,0.9568,4.3183,0.7544,4.3764,0.5566,4.6628,0.7066,4.3283,0.6266,4.2566,0.8178
7279-75-6,furin,1,4.5858,0.9926,4.6366,0.993,4.6868,1.1169,4.4749,1.1438,4.5705,0.7861,4.6006,0.8874
96036-03-2,furin,1,4.2718,0.5558,4.3518,0.5286,4.4187,0.5808,4.5257,1.1549,4.1341,0.9296,4.2187,1.1348
220620-09-7,furin,1,4.1888,0.6333,4.0694,0.8025,4.1208,0.806,4.6296,1.321,4.1284,0.9508,3.8536,1.1115
167221-71-8,furin,1,4.0229,0.534,4.1436,0.5302,4.3052,0.6256,4.5544,1.2571,3.8536,0.6407,3.9515,0.5845
100299-08-9,furin,1,4.957,1.4818,4.9496,1.5746,4.8863,1.7326,4.7436,1.1575,5.1949,1.0356,5.197,1.1352
70288-86-7,furin,1,4.7694,1.4399,4.834,1.4093,4.8294,1.4026,4.9285,3.0175,4.8449,1.3342,4.8915,1.3654
23651-95-8,furin,1,4.6809,1.373,4.6963,1.0452,4.7382,1.0216,4.4723,1.2681,4.6119,0.7185,4.5454,0.6141
81131-70-6,furin,1,4.1294,0.5282,4.2334,0.5697,4.3677,0.6939,4.4129,1.0345,3.8829,0.9552,3.976,1.2241
141-90-2,furin,1,4.0992,1.0605,4.0616,0.9438,4.1453,0.7745,4.5661,1.1702,4.0605,1.1414,3.9247,1.291
405165-61-9,furin,1,4.5415,0.8381,4.4996,0.8735,4.5407,1.0146,4.7172,1.0113,4.6928,0.8947,4.5547,0.8964
19387-91-8,furin,1,4.0478,0.8493,3.9665,0.9392,4.0545,0.908,4.4284,0.9546,3.8885,0.7516,3.7167,0.8922
26159-34-2,furin,1,4.1636,0.5274,4.1853,0.4967,4.2397,0.5971,4.6508,0.903,4.167,0.6215,4.2088,0.6324
19171-19-8,furin,1,4.4199,0.9647,4.391,0.8841,4.407,0.8109,4.6413,0.992,4.3532,0.8295,4.2645,0.9489
34552-83-5,furin,1,4.726,1.4349,4.6444,1.3772,4.573,1.309,4.7229,2.135,4.7663,1.0402,4.6697,1.1553
103177-37-3,furin,1,5.0591,1.7942,5.0121,1.7384,4.9165,1.7525,4.7336,0.6806,5.2388,0.81,5.2255,0.8083
60-56-0,furin,1,5.4471,2.2733,5.5768,2.5834,5.3895,2.6416,4.5772,1.3855,5.4871,1.6032,5.8201,1.9496
52-01-7,furin,1,4.9408,1.0627,5.037,1.2917,4.9621,1.4647,4.8359,1.8518,5.1087,0.8108,5.2748,1.1063
67-48-1,furin,1,4.759,1.0394,4.8353,1.2503,4.799,1.4033,4.467,1.7242,4.8272,1.1609,4.9865,1.3671
55-06-1,furin,1,4.6909,1.4637,4.6862,1.3877,4.6607,1.3824,4.2767,3.9865,4.2695,3.3228,4.2142,3.6198
23964-57-0,furin,1,4.9963,1.6505,5.024,1.7136,4.9462,1.7727,4.4673,1.0988,4.9346,1.048,5.0585,1.2257
19767-45-4,furin,1,3.9979,0.7178,4.1517,0.7176,4.2974,0.7945,4.412,1.3109,3.9512,0.9724,4.1184,1.0883
7681-93-8,furin,1,4.2812,0.7523,4.2204,0.6423,4.272,0.7011,4.787,2.597,4.4075,1.5551,4.2253,1.6793
51333-22-3,furin,1,4.6037,0.9761,4.6452,1.0097,4.6305,1.0247,4.7537,1.2228,4.6935,0.6475,4.7218,0.8171
78110-38-0,furin,1,4.9361,0.7504,4.7847,0.641,4.6449,0.8229,4.3773,1.7979,4.6544,0.7445,4.5684,0.9057
1156-19-0,furin,1,4.2198,0.7043,4.2165,0.5678,4.2621,0.5635,4.6242,0.7101,4.2108,0.7162,4.1785,0.7423
83-43-2,furin,1,4.2027,0.6502,4.3361,0.6559,4.4371,0.8007,4.742,1.2395,4.3599,0.6908,4.4689,0.8553
55-98-1,furin,1,4.2819,0.8801,4.3307,0.7576,4.3892,0.708,4.2991,1.2286,4.1698,0.5386,4.2689,0.653
127-69-5,furin,1,4.1223,0.4847,4.2883,0.5694,4.4097,0.7453,4.5938,0.7791,4.0724,0.8167,4.2906,0.6965
88889-14-9,furin,1,4.9148,1.4867,4.9265,1.4697,4.8662,1.503,4.3505,2.0028,4.4114,2.1065,4.5369,2.3514
138402-11-6,furin,1,4.7368,0.8864,4.6912,1.0063,4.6768,1.0585,4.7475,0.6977,4.8702,1.089,4.7791,1.2544
159351-69-6,furin,1,4.6812,1.3244,4.6313,1.1556,4.6421,1.1162,4.8185,3.0887,4.5692,1.8775,4.4574,1.8162
57-83-0,furin,1,5.1125,1.2752,5.1503,1.459,5.0283,1.5952,4.7826,1.5296,5.2635,0.7372,5.3624,1.0332
55079-83-9,furin,1,4.6171,1.0109,4.6632,1.06,4.6533,1.1157,4.5269,1.4378,4.2589,1.3562,4.3919,1.5415
5451-09-2,furin,1,4.5529,0.8655,4.552,0.9168,4.606,1.0714,4.3793,1.5178,4.5323,1.0709,4.4663,1.1231
645-05-6,furin,1,4.6859,1.2415,4.5984,1.1673,4.6096,1.3277,4.6084,1.2847,4.927,1.4421,4.7572,1.4765
91832-40-5,furin,1,4.3513,0.8594,4.2688,0.8753,4.2789,0.9276,4.4924,1.2009,4.0603,0.9633,3.9289,1.0815
2668-66-8,furin,1,5.2399,1.7461,5.3394,2.0144,5.1851,2.1266,4.7864,1.4723,5.4029,1.0004,5.6426,1.3838
153559-49-0,furin,1,5.0674,1.6114,5.0509,1.5268,4.9453,1.4913,4.7659,1.2409,5.1322,0.9757,5.1608,0.987
603-50-9,furin,1,4.8603,1.4031,4.8116,1.3934,4.7722,1.524,4.7048,0.8285,4.8937,0.8351,4.8551,0.935
69388-84-7,furin,1,4.2915,0.8083,4.1569,0.9827,4.1844,0.8907,4.5555,1.33,4.2866,0.6212,4.0004,0.7972
159811-51-5,furin,1,4.5865,0.7477,4.6863,0.8854,4.6718,1.0502,4.8511,1.6449,4.7333,0.4322,4.8892,0.6996
638-94-8,furin,1,4.419,1.1904,4.3717,0.9956,4.3937,0.8765,4.8103,1.5043,4.597,1.0291,4.4299,1.1258
211915-06-9,furin,1,4.2538,1.1603,4.1646,1.0781,4.2024,1.0126,4.4811,1.9826,3.9557,1.3427,3.8633,1.4647
1177-87-3,furin,1,4.4951,1.3715,4.3782,1.2296,4.3457,1.1082,4.7268,1.2554,4.5335,0.9467,4.3269,1.0041
1115-70-4,furin,1,4.9358,1.1828,4.8928,1.2549,4.8196,1.4738,4.4025,1.5819,4.8274,1.669,4.7874,1.724
144689-63-4,furin,1,4.1941,1.3311,4.0446,1.2036,4.0794,1.0879,4.7159,1.1257,4.3826,1.5524,4.1261,1.771
882-09-7,furin,1,3.78,1.2884,4.0039,1.1906,4.204,1.1157,4.5552,0.9951,3.7098,0.9703,3.9819,0.9804
139481-59-7,furin,1,5.0144,1.9191,5.0254,1.8534,4.9234,1.783,4.7639,0.6395,5.2424,1.1563,5.3282,1.2652
723-46-6,furin,1,4.3738,0.425,4.5207,0.6304,4.5841,0.8105,4.5835,0.8313,4.3024,0.6713,4.5258,0.6139
57-66-9,furin,1,4.8288,1.0641,4.716,1.0843,4.6583,1.0171,4.4414,1.0889,4.7224,0.8206,4.5893,0.9956
1069-66-5,furin,1,4.4727,1.4234,4.4136,1.297,4.4131,1.2038,4.4123,1.4635,4.4213,1.0884,4.3151,1.1793
15307-79-6,furin,1,4.2816,0.6594,4.2258,0.7873,4.2718,0.7985,4.6088,0.9633,4.19,1.1778,4.0685,1.3485
60-32-2,furin,1,4.3944,1.1477,4.3818,1.2341,4.4626,1.1722,4.3314,1.6638,4.2844,1.1544,4.2026,1.3214
13647-35-3,furin,1,4.3143,0.6734,4.2813,0.7359,4.3031,0.8828,4.7959,1.3813,4.4575,1.0311,4.3426,1.0661
29094-61-9,furin,1,4.8536,0.881,4.7925,0.9664,4.7474,1.0789,4.5998,0.6849,4.9251,0.9773,4.8384,1.1008
98319-26-7,furin,1,4.9944,1.9825,5.0062,1.9902,4.8986,1.9328,4.7799,1.6307,5.1113,1.3066,5.1428,1.4557
23593-75-1,furin,1,4.9154,1.143,4.8932,1.081,4.8252,1.1284,4.7565,1.6844,4.9881,0.8459,4.9834,0.9204
1508-76-5,furin,1,4.3805,1.1782,4.3062,1.112,4.3207,1.1487,4.6176,1.8518,4.3496,0.9309,4.203,0.9485
6080-58-6,furin,1,4.7084,0.8844,4.6078,0.7471,4.5134,0.8475,4.3531,1.9545,4.5506,0.99,4.4893,1.0888
68-35-9,furin,1,4.3435,0.7785,4.312,0.9555,4.3988,1.0147,4.5827,0.822,4.2823,0.7817,4.1602,0.9461
23674-86-4,furin,1,4.123,0.5809,4.1338,0.598,4.2443,0.7282,4.6801,1.1802,4.0757,0.9095,4.0024,0.9899
1953-02-2,furin,1,4.0333,0.7789,3.9752,0.9193,4.0661,0.9096,4.4227,1.3218,3.9292,1.2003,3.7639,1.4308
356-12-7,furin,1,4.4591,0.5404,4.5177,0.5751,4.5414,0.6689,4.7995,1.6865,4.5041,0.4932,4.5574,0.6058
624-49-7,furin,1,4.5852,1.2938,4.5891,1.2711,4.5867,1.2902,4.4799,1.2713,4.4346,1.0803,4.442,1.2655
651-06-9,furin,1,4.1605,0.9416,4.2351,0.9429,4.3365,0.9479,4.5708,0.841,4.1109,1.0149,4.2066,0.9843
127-56-0,furin,1,5.1146,1.4336,5.0931,1.4382,4.9767,1.436,4.5293,0.8807,4.9864,0.728,5.0134,0.7588
144-83-2,furin,1,4.3309,0.5829,4.4227,0.7188,4.497,0.8891,4.5948,0.7298,4.2601,0.5072,4.372,0.6751
127-79-7,furin,1,4.2402,0.6047,4.2774,0.5807,4.3403,0.6739,4.593,0.7622,4.1909,0.8481,4.2518,0.847
149647-78-9,furin,1,4.2715,0.4782,4.2627,0.4506,4.2976,0.5852,4.3482,1.5996,3.954,1.2616,3.9828,1.3603
144-82-1,furin,1,4.5216,1.1222,4.4531,0.9296,4.4891,1.0248,4.5869,0.9396,4.4986,0.9777,4.3464,1.0561
595-33-5,furin,1,4.827,0.9634,4.7612,0.927,4.7067,0.9006,4.7679,1.4122,4.9005,0.6672,4.7784,0.7738
19356-17-3,furin,1,4.1909,0.571,4.281,0.6753,4.3863,0.812,4.6488,1.795,4.212,1.1062,4.2648,1.4149
67392-87-4,furin,1,5.0782,1.826,5.1171,1.9706,4.9901,2.0108,4.894,1.9989,5.2395,1.9892,5.3183,2.2261
80474-14-2,furin,1,4.6606,1.5342,4.6458,1.3968,4.6241,1.2435,4.7345,1.8117,4.6298,1.0693,4.5619,1.0934
71-58-9,furin,1,4.1213,0.7342,4.0383,0.7613,4.0941,0.7084,4.7669,1.4207,4.1526,0.5953,3.9532,0.6531
2447-57-6,furin,1,4.0331,0.8863,4.2099,0.8304,4.3357,0.801,4.5685,0.7695,4.0034,0.8686,4.2705,0.8717
635728-49-3,furin,1,4.7638,1.2723,4.7256,1.2622,4.721,1.4123,4.5407,0.928,4.7187,0.8629,4.6481,0.9517
101152-94-7,furin,1,4.9699,1.0459,4.9586,1.1189,4.8632,1.2057,4.5315,1.4583,4.9172,0.9242,4.9723,1.1182
124937-52-6,furin,1,4.6458,0.9133,4.5806,0.8873,4.5886,1.075,4.592,1.9711,4.6501,0.9247,4.5446,0.997
113852-37-2,furin,1,4.1582,0.9984,4.2183,0.8686,4.318,0.6934,4.3891,1.5496,3.9817,0.9959,4.0447,1.1237
51481-61-9,furin,1,4.6496,0.9581,4.6196,0.9389,4.6325,1.1269,4.3871,1.1782,4.3735,1.2387,4.3398,1.2448
177036-94-1,furin,1,4.8428,0.9869,4.8198,0.9546,4.7208,1.0613,4.6723,0.6144,4.927,0.3644,5.004,0.3356
80-50-2,furin,1,3.9181,0.6489,3.9277,0.6966,4.0681,0.721,4.494,1.8337,3.7762,0.5841,3.7023,0.675
434-13-9,furin,1,5.0522,1.1851,4.9313,1.2021,4.8379,1.1543,4.6897,1.1997,5.0858,1.0932,4.8758,1.4436
637-58-1,furin,1,5.3986,1.8191,5.4373,2.0207,5.2509,2.123,4.4774,1.7673,5.2863,1.3326,5.5304,1.7507
107724-20-9,furin,1,4.7968,0.8913,4.7053,0.9374,4.6574,0.9758,4.8331,1.7,4.9328,1.0269,4.7559,1.0155
137862-53-4,furin,1,4.5499,1.0709,4.5818,0.9905,4.6463,1.086,4.5669,1.0496,4.4491,1.1993,4.4533,1.2767
302-79-4,furin,1,4.4546,0.9547,4.3825,0.8411,4.3992,0.8934,4.5134,1.5268,4.1509,1.4926,4.0411,1.4546
71963-77-4,furin,1,5.322,2.0957,5.3914,2.2956,5.2348,2.3665,4.7794,1.6127,5.5482,1.7989,5.7236,2.0373
19774-82-4,furin,1,4.366,0.6652,4.4044,0.7517,4.47,0.9215,4.3718,3.4279,4.0889,2.1731,4.103,2.3295
145040-37-5,furin,1,5.1052,1.3441,5.112,1.4989,5.0099,1.6917,4.8074,1.074,5.2984,1.0237,5.4013,1.0695
173334-58-2,furin,1,4.734,1.2801,4.6729,1.2415,4.6581,1.3685,4.1819,2.8562,4.3773,1.4256,4.3407,1.6175
80621-81-4,furin,1,4.7873,1.2085,4.8008,1.2212,4.7798,1.3625,5.1093,3.069,5.1712,2.2667,5.1511,2.4
119302-91-9,furin,1,4.6767,1.1568,4.6328,1.1036,4.6583,1.26,4.7593,2.4116,4.6089,2.0184,4.4673,2.0592
1070-11-7,furin,1,3.8644,0.8085,4.027,0.7903,4.1914,0.8211,4.2303,2.1854,3.7566,0.8176,3.976,1.1321
50-55-5,furin,1,4.3605,1.1955,4.2579,0.9875,4.2917,0.9081,4.8519,1.4175,4.5891,1.2986,4.3742,1.3653
22260-51-1,furin,1,4.0692,0.533,4.128,0.6142,4.2283,0.7309,4.8253,2.0509,4.0873,1.0385,4.0706,1.1193
541-22-0,furin,1,4.3356,1.1787,4.3539,1.1576,4.4397,1.0329,4.2631,3.1307,4.0405,1.435,4.0715,1.7275
865-21-4,furin,1,5.0046,1.5206,5.0123,1.6372,4.9286,1.783,5.0202,2.6137,5.1547,1.4641,5.2001,1.6805
52-21-1,furin,1,5.1208,1.917,5.1951,2.1361,5.0676,2.2018,4.7115,1.0733,5.1553,1.2301,5.3518,1.5711
83905-01-5,furin,1,5.2385,1.9175,5.3271,2.1851,5.1873,2.2944,4.7492,2.7758,5.4399,2.7162,5.6766,2.84
72559-06-9,furin,1,4.6136,1.4994,4.5017,1.2631,4.4677,1.3421,5.0367,3.1597,4.7882,1.908,4.5739,1.918
1476-53-5,furin,1,4.4755,0.9632,4.3391,0.8655,4.2916,0.8329,4.6768,1.4052,4.4694,1.1345,4.3026,1.3252
297-76-7,furin,1,5.0038,1.6169,5.0266,1.6577,4.9588,1.7164,4.7265,1.6673,4.9379,1.6945,4.9895,1.8664
5593-20-4,furin,1,5.2832,2.0838,5.3364,2.2347,5.185,2.2856,4.6855,1.131,5.2802,1.2879,5.4618,1.632
64-77-7,furin,1,4.6456,0.6792,4.5758,0.6342,4.5342,0.6375,4.4712,0.8941,4.4592,0.9033,4.3976,0.9527
